INSERT INTO magic_color (co_id,co_name,co_abbreviation,co_creation_date,co_last_update_date) VALUES (1,'Artifact','Art','2015-02-24 16:13:57','2015-02-24 16:13:57');
INSERT INTO magic_color (co_id,co_name,co_abbreviation,co_creation_date,co_last_update_date) VALUES (2,'Black','B','2015-02-24 16:13:57','2015-02-24 16:13:57');
INSERT INTO magic_color (co_id,co_name,co_abbreviation,co_creation_date,co_last_update_date) VALUES (3,'Blue','U','2015-02-24 16:13:57','2015-02-24 16:13:57');
INSERT INTO magic_color (co_id,co_name,co_abbreviation,co_creation_date,co_last_update_date) VALUES (4,'White','W','2015-02-24 16:13:57','2015-02-24 16:13:57');
INSERT INTO magic_color (co_id,co_name,co_abbreviation,co_creation_date,co_last_update_date) VALUES (5,'Red','R','2015-02-24 16:13:57','2015-02-24 16:13:57');
INSERT INTO magic_color (co_id,co_name,co_abbreviation,co_creation_date,co_last_update_date) VALUES (6,'Land','Lnd','2015-02-24 16:13:57','2015-02-24 16:13:57');
INSERT INTO magic_color (co_id,co_name,co_abbreviation,co_creation_date,co_last_update_date) VALUES (7,'Green','G','2015-02-24 16:13:57','2015-02-24 16:13:57');
INSERT INTO magic_type_card (tc_id,tc_name,tc_creation_date,tc_last_update_date) VALUES (1,'Artifact','2015-02-24 16:13:57','2015-02-24 16:13:57');
INSERT INTO magic_type_card (tc_id,tc_name,tc_creation_date,tc_last_update_date) VALUES (2,'Creature','2015-02-24 16:13:57','2015-02-24 16:13:57');
INSERT INTO magic_type_card (tc_id,tc_name,tc_creation_date,tc_last_update_date) VALUES (3,'Instant','2015-02-24 16:13:57','2015-02-24 16:13:57');
INSERT INTO magic_type_card (tc_id,tc_name,tc_creation_date,tc_last_update_date) VALUES (4,'Artifact Creature','2015-02-24 16:13:57','2015-02-24 16:13:57');
INSERT INTO magic_type_card (tc_id,tc_name,tc_creation_date,tc_last_update_date) VALUES (5,'Artifact Land','2015-02-24 16:13:57','2015-02-24 16:13:57');
INSERT INTO magic_type_card (tc_id,tc_name,tc_creation_date,tc_last_update_date) VALUES (6,'Enchantment','2015-02-24 16:13:57','2015-02-24 16:13:57');
INSERT INTO magic_type_card (tc_id,tc_name,tc_creation_date,tc_last_update_date) VALUES (7,'Sorcery','2015-02-24 16:13:57','2015-02-24 16:13:57');
INSERT INTO magic_type_card (tc_id,tc_name,tc_creation_date,tc_last_update_date) VALUES (8,'Land','2015-02-24 16:13:57','2015-02-24 16:13:57');
INSERT INTO magic_type_card (tc_id,tc_name,tc_creation_date,tc_last_update_date) VALUES (9,'Legendary Artifact Creature','2015-02-24 16:13:57','2015-02-24 16:13:57');
INSERT INTO magic_type_card (tc_id,tc_name,tc_creation_date,tc_last_update_date) VALUES (10,'Basic Land','2015-02-24 16:13:57','2015-02-24 16:13:57');
INSERT INTO magic_type_card (tc_id,tc_name,tc_creation_date,tc_last_update_date) VALUES (11,'Legendary Creature','2015-02-24 16:13:57','2015-02-24 16:13:57');
INSERT INTO magic_type_card (tc_id,tc_name,tc_creation_date,tc_last_update_date) VALUES (12,'Legendary Artifact','2015-02-24 16:13:57','2015-02-24 16:13:57');
INSERT INTO magic_card (ca_id,ca_name,ca_creation_date,ca_last_update_date,ca_co_id,ca_tc_id) VALUES (1,'AEther Spellbomb','2015-02-24 16:13:57','2015-02-24 16:13:57',1,1);
INSERT INTO magic_card (ca_id,ca_name,ca_creation_date,ca_last_update_date,ca_co_id,ca_tc_id) VALUES (2,'Abomination','2015-02-24 16:13:57','2015-02-24 16:13:57',2,2);
INSERT INTO magic_card (ca_id,ca_name,ca_creation_date,ca_last_update_date,ca_co_id,ca_tc_id) VALUES (3,'Air Elemental','2015-02-24 16:13:57','2015-02-24 16:13:57',3,2);
INSERT INTO magic_card (ca_id,ca_name,ca_creation_date,ca_last_update_date,ca_co_id,ca_tc_id) VALUES (4,'Alabaster Potion','2015-02-24 16:13:57','2015-02-24 16:13:57',4,3);
INSERT INTO magic_card (ca_id,ca_name,ca_creation_date,ca_last_update_date,ca_co_id,ca_tc_id) VALUES (5,'Aladdin''s Lamp','2015-02-24 16:13:57','2015-02-24 16:13:57',1,1);
INSERT INTO magic_card (ca_id,ca_name,ca_creation_date,ca_last_update_date,ca_co_id,ca_tc_id) VALUES (6,'Aladdin''s Ring','2015-02-24 16:13:57','2015-02-24 16:13:57',1,1);
INSERT INTO magic_card (ca_id,ca_name,ca_creation_date,ca_last_update_date,ca_co_id,ca_tc_id) VALUES (7,'Ali Baba','2015-02-24 16:13:57','2015-02-24 16:13:57',5,2);
INSERT INTO magic_card (ca_id,ca_name,ca_creation_date,ca_last_update_date,ca_co_id,ca_tc_id) VALUES (8,'Alpha Myr','2015-02-24 16:13:57','2015-02-24 16:13:57',1,4);
INSERT INTO magic_card (ca_id,ca_name,ca_creation_date,ca_last_update_date,ca_co_id,ca_tc_id) VALUES (9,'Altar of Shadows','2015-02-24 16:13:57','2015-02-24 16:13:57',1,1);
INSERT INTO magic_card (ca_id,ca_name,ca_creation_date,ca_last_update_date,ca_co_id,ca_tc_id) VALUES (10,'Altar''s Light','2015-02-24 16:13:57','2015-02-24 16:13:57',4,3);
INSERT INTO magic_card (ca_id,ca_name,ca_creation_date,ca_last_update_date,ca_co_id,ca_tc_id) VALUES (11,'Amrou Kithkin','2015-02-24 16:13:57','2015-02-24 16:13:57',4,2);
INSERT INTO magic_card (ca_id,ca_name,ca_creation_date,ca_last_update_date,ca_co_id,ca_tc_id) VALUES (12,'Amulet of Kroog','2015-02-24 16:13:57','2015-02-24 16:13:57',1,1);
INSERT INTO magic_card (ca_id,ca_name,ca_creation_date,ca_last_update_date,ca_co_id,ca_tc_id) VALUES (13,'Ancient Den','2015-02-24 16:13:57','2015-02-24 16:13:57',6,5);
INSERT INTO magic_card (ca_id,ca_name,ca_creation_date,ca_last_update_date,ca_co_id,ca_tc_id) VALUES (14,'Angry Mob','2015-02-24 16:13:57','2015-02-24 16:13:57',4,2);
INSERT INTO magic_card (ca_id,ca_name,ca_creation_date,ca_last_update_date,ca_co_id,ca_tc_id) VALUES (15,'Animate Artifact','2015-02-24 16:13:57','2015-02-24 16:13:57',3,6);
INSERT INTO magic_card (ca_id,ca_name,ca_creation_date,ca_last_update_date,ca_co_id,ca_tc_id) VALUES (16,'Animate Dead','2015-02-24 16:13:57','2015-02-24 16:13:57',2,6);
INSERT INTO magic_card (ca_id,ca_name,ca_creation_date,ca_last_update_date,ca_co_id,ca_tc_id) VALUES (17,'Animate Wall','2015-02-24 16:13:57','2015-02-24 16:13:57',4,6);
INSERT INTO magic_card (ca_id,ca_name,ca_creation_date,ca_last_update_date,ca_co_id,ca_tc_id) VALUES (18,'Ankh of Mishra','2015-02-24 16:13:57','2015-02-24 16:13:57',1,1);
INSERT INTO magic_card (ca_id,ca_name,ca_creation_date,ca_last_update_date,ca_co_id,ca_tc_id) VALUES (19,'Annul','2015-02-24 16:13:57','2015-02-24 16:13:57',3,3);
INSERT INTO magic_card (ca_id,ca_name,ca_creation_date,ca_last_update_date,ca_co_id,ca_tc_id) VALUES (20,'Apprentice Wizard','2015-02-24 16:13:57','2015-02-24 16:13:57',3,2);
INSERT INTO magic_card (ca_id,ca_name,ca_creation_date,ca_last_update_date,ca_co_id,ca_tc_id) VALUES (21,'Arc—Slogger','2015-02-24 16:13:57','2015-02-24 16:13:57',5,2);
INSERT INTO magic_card (ca_id,ca_name,ca_creation_date,ca_last_update_date,ca_co_id,ca_tc_id) VALUES (22,'Armageddon','2015-02-24 16:13:57','2015-02-24 16:13:57',4,7);
INSERT INTO magic_card (ca_id,ca_name,ca_creation_date,ca_last_update_date,ca_co_id,ca_tc_id) VALUES (23,'Armageddon Clock','2015-02-24 16:13:57','2015-02-24 16:13:57',1,1);
INSERT INTO magic_card (ca_id,ca_name,ca_creation_date,ca_last_update_date,ca_co_id,ca_tc_id) VALUES (24,'Arrest','2015-02-24 16:13:57','2015-02-24 16:13:57',4,6);
INSERT INTO magic_card (ca_id,ca_name,ca_creation_date,ca_last_update_date,ca_co_id,ca_tc_id) VALUES (25,'Ashes to Ashes','2015-02-24 16:13:57','2015-02-24 16:13:57',2,7);
INSERT INTO magic_card (ca_id,ca_name,ca_creation_date,ca_last_update_date,ca_co_id,ca_tc_id) VALUES (26,'Ashnod''s Battle Gear','2015-02-24 16:13:57','2015-02-24 16:13:57',1,1);
INSERT INTO magic_card (ca_id,ca_name,ca_creation_date,ca_last_update_date,ca_co_id,ca_tc_id) VALUES (27,'Aspect of Wolf','2015-02-24 16:13:57','2015-02-24 16:13:57',7,6);
INSERT INTO magic_card (ca_id,ca_name,ca_creation_date,ca_last_update_date,ca_co_id,ca_tc_id) VALUES (28,'Assert Authority','2015-02-24 16:13:57','2015-02-24 16:13:57',3,3);
INSERT INTO magic_card (ca_id,ca_name,ca_creation_date,ca_last_update_date,ca_co_id,ca_tc_id) VALUES (29,'Atog','2015-02-24 16:13:57','2015-02-24 16:13:57',5,2);
INSERT INTO magic_card (ca_id,ca_name,ca_creation_date,ca_last_update_date,ca_co_id,ca_tc_id) VALUES (30,'Auriok Bladewarden','2015-02-24 16:13:57','2015-02-24 16:13:57',4,2);
INSERT INTO magic_card (ca_id,ca_name,ca_creation_date,ca_last_update_date,ca_co_id,ca_tc_id) VALUES (31,'Auriok Steelshaper','2015-02-24 16:13:57','2015-02-24 16:13:57',4,2);
INSERT INTO magic_card (ca_id,ca_name,ca_creation_date,ca_last_update_date,ca_co_id,ca_tc_id) VALUES (32,'Auriok Transfixer','2015-02-24 16:13:57','2015-02-24 16:13:57',4,2);
INSERT INTO magic_card (ca_id,ca_name,ca_creation_date,ca_last_update_date,ca_co_id,ca_tc_id) VALUES (33,'Awe Strike','2015-02-24 16:13:57','2015-02-24 16:13:57',4,3);
INSERT INTO magic_card (ca_id,ca_name,ca_creation_date,ca_last_update_date,ca_co_id,ca_tc_id) VALUES (34,'Backfire','2015-02-24 16:13:57','2015-02-24 16:13:57',3,6);
INSERT INTO magic_card (ca_id,ca_name,ca_creation_date,ca_last_update_date,ca_co_id,ca_tc_id) VALUES (35,'Bad Moon','2015-02-24 16:13:57','2015-02-24 16:13:57',2,6);
INSERT INTO magic_card (ca_id,ca_name,ca_creation_date,ca_last_update_date,ca_co_id,ca_tc_id) VALUES (36,'Balance','2015-02-24 16:13:57','2015-02-24 16:13:57',4,7);
INSERT INTO magic_card (ca_id,ca_name,ca_creation_date,ca_last_update_date,ca_co_id,ca_tc_id) VALUES (37,'Ball Lightning','2015-02-24 16:13:57','2015-02-24 16:13:57',5,2);
INSERT INTO magic_card (ca_id,ca_name,ca_creation_date,ca_last_update_date,ca_co_id,ca_tc_id) VALUES (38,'Banshee''s Blade','2015-02-24 16:13:57','2015-02-24 16:13:57',1,1);
INSERT INTO magic_card (ca_id,ca_name,ca_creation_date,ca_last_update_date,ca_co_id,ca_tc_id) VALUES (39,'Barter in Blood','2015-02-24 16:13:57','2015-02-24 16:13:57',2,7);
INSERT INTO magic_card (ca_id,ca_name,ca_creation_date,ca_last_update_date,ca_co_id,ca_tc_id) VALUES (40,'Battering Ram','2015-02-24 16:13:57','2015-02-24 16:13:57',1,4);
INSERT INTO magic_card (ca_id,ca_name,ca_creation_date,ca_last_update_date,ca_co_id,ca_tc_id) VALUES (41,'Battlegrowth','2015-02-24 16:13:57','2015-02-24 16:13:57',7,3);
INSERT INTO magic_card (ca_id,ca_name,ca_creation_date,ca_last_update_date,ca_co_id,ca_tc_id) VALUES (42,'Benalish Hero','2015-02-24 16:13:57','2015-02-24 16:13:57',4,2);
INSERT INTO magic_card (ca_id,ca_name,ca_creation_date,ca_last_update_date,ca_co_id,ca_tc_id) VALUES (43,'Betrayal of Flesh','2015-02-24 16:13:57','2015-02-24 16:13:57',2,3);
INSERT INTO magic_card (ca_id,ca_name,ca_creation_date,ca_last_update_date,ca_co_id,ca_tc_id) VALUES (44,'Bird Maiden','2015-02-24 16:13:57','2015-02-24 16:13:57',5,2);
INSERT INTO magic_card (ca_id,ca_name,ca_creation_date,ca_last_update_date,ca_co_id,ca_tc_id) VALUES (45,'Birds of Paradise','2015-02-24 16:13:57','2015-02-24 16:13:57',7,2);
INSERT INTO magic_card (ca_id,ca_name,ca_creation_date,ca_last_update_date,ca_co_id,ca_tc_id) VALUES (46,'Black Knight','2015-02-24 16:13:57','2015-02-24 16:13:57',2,2);
INSERT INTO magic_card (ca_id,ca_name,ca_creation_date,ca_last_update_date,ca_co_id,ca_tc_id) VALUES (47,'Black Mana Battery','2015-02-24 16:13:57','2015-02-24 16:13:57',1,1);
INSERT INTO magic_card (ca_id,ca_name,ca_nom,ca_creation_date,ca_last_update_date,ca_co_id,ca_tc_id) VALUES (48,'Black Vise','Etau du supplice','2015-02-24 16:13:57','2015-02-24 16:13:57',1,1);
INSERT INTO magic_card (ca_id,ca_name,ca_creation_date,ca_last_update_date,ca_co_id,ca_tc_id) VALUES (49,'Black Ward','2015-02-24 16:13:57','2015-02-24 16:13:57',4,6);
INSERT INTO magic_card (ca_id,ca_name,ca_creation_date,ca_last_update_date,ca_co_id,ca_tc_id) VALUES (50,'Blessing','2015-02-24 16:13:57','2015-02-24 16:13:57',4,6);
INSERT INTO magic_card (ca_id,ca_name,ca_creation_date,ca_last_update_date,ca_co_id,ca_tc_id) VALUES (51,'Blight','2015-02-24 16:13:57','2015-02-24 16:13:57',2,6);
INSERT INTO magic_card (ca_id,ca_name,ca_creation_date,ca_last_update_date,ca_co_id,ca_tc_id) VALUES (52,'Blinding Beam','2015-02-24 16:13:57','2015-02-24 16:13:57',4,3);
INSERT INTO magic_card (ca_id,ca_name,ca_creation_date,ca_last_update_date,ca_co_id,ca_tc_id) VALUES (53,'Blinkmoth Urn','2015-02-24 16:13:57','2015-02-24 16:13:57',1,1);
INSERT INTO magic_card (ca_id,ca_name,ca_creation_date,ca_last_update_date,ca_co_id,ca_tc_id) VALUES (54,'Blinkmoth Well','2015-02-24 16:13:57','2015-02-24 16:13:57',6,8);
INSERT INTO magic_card (ca_id,ca_name,ca_creation_date,ca_last_update_date,ca_co_id,ca_tc_id) VALUES (55,'Blood Lust','2015-02-24 16:13:57','2015-02-24 16:13:57',5,3);
INSERT INTO magic_card (ca_id,ca_name,ca_creation_date,ca_last_update_date,ca_co_id,ca_tc_id) VALUES (56,'Bloodscent','2015-02-24 16:13:57','2015-02-24 16:13:57',7,3);
INSERT INTO magic_card (ca_id,ca_name,ca_creation_date,ca_last_update_date,ca_co_id,ca_tc_id) VALUES (57,'Blue Elemental Blast','2015-02-24 16:13:57','2015-02-24 16:13:57',3,3);
INSERT INTO magic_card (ca_id,ca_name,ca_creation_date,ca_last_update_date,ca_co_id,ca_tc_id) VALUES (58,'Blue Mana Battery','2015-02-24 16:13:57','2015-02-24 16:13:57',1,1);
INSERT INTO magic_card (ca_id,ca_name,ca_creation_date,ca_last_update_date,ca_co_id,ca_tc_id) VALUES (59,'Blue Ward','2015-02-24 16:13:57','2015-02-24 16:13:57',4,6);
INSERT INTO magic_card (ca_id,ca_name,ca_creation_date,ca_last_update_date,ca_co_id,ca_tc_id) VALUES (60,'Bog Imp','2015-02-24 16:13:57','2015-02-24 16:13:57',2,2);
INSERT INTO magic_card (ca_id,ca_name,ca_creation_date,ca_last_update_date,ca_co_id,ca_tc_id) VALUES (61,'Bog Wraith','2015-02-24 16:13:57','2015-02-24 16:13:57',2,2);
INSERT INTO magic_card (ca_id,ca_name,ca_creation_date,ca_last_update_date,ca_co_id,ca_tc_id) VALUES (62,'Bonesplitter','2015-02-24 16:13:57','2015-02-24 16:13:57',1,1);
INSERT INTO magic_card (ca_id,ca_name,ca_creation_date,ca_last_update_date,ca_co_id,ca_tc_id) VALUES (63,'Bosh, Iron Golem','2015-02-24 16:13:57','2015-02-24 16:13:57',1,9);
INSERT INTO magic_card (ca_id,ca_name,ca_creation_date,ca_last_update_date,ca_co_id,ca_tc_id) VALUES (64,'Bottle Gnomes','2015-02-24 16:13:57','2015-02-24 16:13:57',1,4);
INSERT INTO magic_card (ca_id,ca_name,ca_creation_date,ca_last_update_date,ca_co_id,ca_tc_id) VALUES (65,'Bottle of Suleiman','2015-02-24 16:13:57','2015-02-24 16:13:57',1,1);
INSERT INTO magic_card (ca_id,ca_name,ca_creation_date,ca_last_update_date,ca_co_id,ca_tc_id) VALUES (66,'Brainwash','2015-02-24 16:13:57','2015-02-24 16:13:57',4,6);
INSERT INTO magic_card (ca_id,ca_name,ca_creation_date,ca_last_update_date,ca_co_id,ca_tc_id) VALUES (67,'Brass Man','2015-02-24 16:13:57','2015-02-24 16:13:57',1,4);
INSERT INTO magic_card (ca_id,ca_name,ca_creation_date,ca_last_update_date,ca_co_id,ca_tc_id) VALUES (68,'Bronze Tablet','2015-02-24 16:13:57','2015-02-24 16:13:57',1,1);
INSERT INTO magic_card (ca_id,ca_name,ca_creation_date,ca_last_update_date,ca_co_id,ca_tc_id) VALUES (69,'Broodstar','2015-02-24 16:13:57','2015-02-24 16:13:57',3,2);
INSERT INTO magic_card (ca_id,ca_name,ca_creation_date,ca_last_update_date,ca_co_id,ca_tc_id) VALUES (70,'Brothers of Fire','2015-02-24 16:13:57','2015-02-24 16:13:57',5,2);
INSERT INTO magic_card (ca_id,ca_name,ca_creation_date,ca_last_update_date,ca_co_id,ca_tc_id) VALUES (71,'Brown Ouphe','2015-02-24 16:13:57','2015-02-24 16:13:57',7,2);
INSERT INTO magic_card (ca_id,ca_name,ca_creation_date,ca_last_update_date,ca_co_id,ca_tc_id) VALUES (72,'Burrowing','2015-02-24 16:13:57','2015-02-24 16:13:57',5,6);
INSERT INTO magic_card (ca_id,ca_name,ca_creation_date,ca_last_update_date,ca_co_id,ca_tc_id) VALUES (73,'Carnivorous Plant','2015-02-24 16:13:57','2015-02-24 16:13:57',7,2);
INSERT INTO magic_card (ca_id,ca_name,ca_creation_date,ca_last_update_date,ca_co_id,ca_tc_id) VALUES (74,'Carrion Ants','2015-02-24 16:13:57','2015-02-24 16:13:57',2,2);
INSERT INTO magic_card (ca_id,ca_name,ca_creation_date,ca_last_update_date,ca_co_id,ca_tc_id) VALUES (75,'Castle','2015-02-24 16:13:57','2015-02-24 16:13:57',4,6);
INSERT INTO magic_card (ca_id,ca_name,ca_creation_date,ca_last_update_date,ca_co_id,ca_tc_id) VALUES (76,'Cathodion','2015-02-24 16:13:57','2015-02-24 16:13:57',1,4);
INSERT INTO magic_card (ca_id,ca_name,ca_creation_date,ca_last_update_date,ca_co_id,ca_tc_id) VALUES (77,'Cave People','2015-02-24 16:13:57','2015-02-24 16:13:57',5,2);
INSERT INTO magic_card (ca_id,ca_name,ca_creation_date,ca_last_update_date,ca_co_id,ca_tc_id) VALUES (78,'Celestial Prism','2015-02-24 16:13:57','2015-02-24 16:13:57',1,1);
INSERT INTO magic_card (ca_id,ca_name,ca_creation_date,ca_last_update_date,ca_co_id,ca_tc_id) VALUES (79,'Chalice of the Void','2015-02-24 16:13:57','2015-02-24 16:13:57',1,1);
INSERT INTO magic_card (ca_id,ca_name,ca_creation_date,ca_last_update_date,ca_co_id,ca_tc_id) VALUES (80,'Channel','2015-02-24 16:13:57','2015-02-24 16:13:57',7,7);
INSERT INTO magic_card (ca_id,ca_name,ca_creation_date,ca_last_update_date,ca_co_id,ca_tc_id) VALUES (81,'Chaoslace','2015-02-24 16:13:57','2015-02-24 16:13:57',5,3);
INSERT INTO magic_card (ca_id,ca_name,ca_creation_date,ca_last_update_date,ca_co_id,ca_tc_id) VALUES (82,'Chimney Imp','2015-02-24 16:13:57','2015-02-24 16:13:57',2,2);
INSERT INTO magic_card (ca_id,ca_name,ca_creation_date,ca_last_update_date,ca_co_id,ca_tc_id) VALUES (83,'Chromatic Sphere','2015-02-24 16:13:57','2015-02-24 16:13:57',1,1);
INSERT INTO magic_card (ca_id,ca_name,ca_creation_date,ca_last_update_date,ca_co_id,ca_tc_id) VALUES (84,'Chrome Mox','2015-02-24 16:13:57','2015-02-24 16:13:57',1,1);
INSERT INTO magic_card (ca_id,ca_name,ca_creation_date,ca_last_update_date,ca_co_id,ca_tc_id) VALUES (85,'Circle of Protection: Artifacts','2015-02-24 16:13:57','2015-02-24 16:13:57',4,6);
INSERT INTO magic_card (ca_id,ca_name,ca_creation_date,ca_last_update_date,ca_co_id,ca_tc_id) VALUES (86,'Circle of Protection: Black','2015-02-24 16:13:57','2015-02-24 16:13:57',4,6);
INSERT INTO magic_card (ca_id,ca_name,ca_creation_date,ca_last_update_date,ca_co_id,ca_tc_id) VALUES (87,'Circle of Protection: Blue','2015-02-24 16:13:57','2015-02-24 16:13:57',4,6);
INSERT INTO magic_card (ca_id,ca_name,ca_creation_date,ca_last_update_date,ca_co_id,ca_tc_id) VALUES (88,'Circle of Protection: Green','2015-02-24 16:13:57','2015-02-24 16:13:57',4,6);
INSERT INTO magic_card (ca_id,ca_name,ca_creation_date,ca_last_update_date,ca_co_id,ca_tc_id) VALUES (89,'Circle of Protection: Red','2015-02-24 16:13:57','2015-02-24 16:13:57',4,6);
INSERT INTO magic_card (ca_id,ca_name,ca_creation_date,ca_last_update_date,ca_co_id,ca_tc_id) VALUES (90,'Circle of Protection: White','2015-02-24 16:13:57','2015-02-24 16:13:57',4,6);
INSERT INTO magic_card (ca_id,ca_name,ca_creation_date,ca_last_update_date,ca_co_id,ca_tc_id) VALUES (91,'Clay Statue','2015-02-24 16:13:57','2015-02-24 16:13:57',1,4);
INSERT INTO magic_card (ca_id,ca_name,ca_creation_date,ca_last_update_date,ca_co_id,ca_tc_id) VALUES (92,'Clockwork Avian','2015-02-24 16:13:57','2015-02-24 16:13:57',1,4);
INSERT INTO magic_card (ca_id,ca_name,ca_creation_date,ca_last_update_date,ca_co_id,ca_tc_id) VALUES (93,'Clockwork Beast','2015-02-24 16:13:57','2015-02-24 16:13:57',1,4);
INSERT INTO magic_card (ca_id,ca_name,ca_creation_date,ca_last_update_date,ca_co_id,ca_tc_id) VALUES (94,'Clockwork Beetle','2015-02-24 16:13:57','2015-02-24 16:13:57',1,4);
INSERT INTO magic_card (ca_id,ca_name,ca_creation_date,ca_last_update_date,ca_co_id,ca_tc_id) VALUES (95,'Clockwork Condor','2015-02-24 16:13:57','2015-02-24 16:13:57',1,4);
INSERT INTO magic_card (ca_id,ca_name,ca_creation_date,ca_last_update_date,ca_co_id,ca_tc_id) VALUES (96,'Clockwork Dragon','2015-02-24 16:13:57','2015-02-24 16:13:57',1,4);
INSERT INTO magic_card (ca_id,ca_name,ca_creation_date,ca_last_update_date,ca_co_id,ca_tc_id) VALUES (97,'Clockwork Vorrac','2015-02-24 16:13:57','2015-02-24 16:13:57',1,4);
INSERT INTO magic_card (ca_id,ca_name,ca_creation_date,ca_last_update_date,ca_co_id,ca_tc_id) VALUES (98,'Cloudpost','2015-02-24 16:13:57','2015-02-24 16:13:57',6,8);
INSERT INTO magic_card (ca_id,ca_name,ca_creation_date,ca_last_update_date,ca_co_id,ca_tc_id) VALUES (99,'Cobalt Golem','2015-02-24 16:13:57','2015-02-24 16:13:57',1,4);
INSERT INTO magic_card (ca_id,ca_name,ca_creation_date,ca_last_update_date,ca_co_id,ca_tc_id) VALUES (100,'Cockatrice','2015-02-24 16:13:57','2015-02-24 16:13:57',7,2);
INSERT INTO magic_card (ca_id,ca_name,ca_creation_date,ca_last_update_date,ca_co_id,ca_tc_id) VALUES (101,'Colossus of Sardia','2015-02-24 16:13:57','2015-02-24 16:13:57',1,4);
INSERT INTO magic_card (ca_id,ca_name,ca_creation_date,ca_last_update_date,ca_co_id,ca_tc_id) VALUES (102,'Confusion in the Ranks','2015-02-24 16:13:57','2015-02-24 16:13:57',5,6);
INSERT INTO magic_card (ca_id,ca_name,ca_creation_date,ca_last_update_date,ca_co_id,ca_tc_id) VALUES (103,'Conservator','2015-02-24 16:13:57','2015-02-24 16:13:57',1,1);
INSERT INTO magic_card (ca_id,ca_name,ca_creation_date,ca_last_update_date,ca_co_id,ca_tc_id) VALUES (104,'Consume Spirit','2015-02-24 16:13:57','2015-02-24 16:13:57',2,7);
INSERT INTO magic_card (ca_id,ca_name,ca_creation_date,ca_last_update_date,ca_co_id,ca_tc_id) VALUES (105,'Contaminated Bond','2015-02-24 16:13:57','2015-02-24 16:13:57',2,6);
INSERT INTO magic_card (ca_id,ca_name,ca_creation_date,ca_last_update_date,ca_co_id,ca_tc_id) VALUES (106,'Control Magic','2015-02-24 16:13:57','2015-02-24 16:13:57',3,6);
INSERT INTO magic_card (ca_id,ca_name,ca_creation_date,ca_last_update_date,ca_co_id,ca_tc_id) VALUES (107,'Conversion','2015-02-24 16:13:57','2015-02-24 16:13:57',4,6);
INSERT INTO magic_card (ca_id,ca_name,ca_creation_date,ca_last_update_date,ca_co_id,ca_tc_id) VALUES (108,'Copper Myr','2015-02-24 16:13:57','2015-02-24 16:13:57',1,4);
INSERT INTO magic_card (ca_id,ca_name,ca_creation_date,ca_last_update_date,ca_co_id,ca_tc_id) VALUES (109,'Copperhoof Vorrac','2015-02-24 16:13:57','2015-02-24 16:13:57',7,2);
INSERT INTO magic_card (ca_id,ca_name,ca_creation_date,ca_last_update_date,ca_co_id,ca_tc_id) VALUES (110,'Coral Helm','2015-02-24 16:13:57','2015-02-24 16:13:57',1,1);
INSERT INTO magic_card (ca_id,ca_name,ca_creation_date,ca_last_update_date,ca_co_id,ca_tc_id) VALUES (111,'Cosmic Horror','2015-02-24 16:13:57','2015-02-24 16:13:57',2,2);
INSERT INTO magic_card (ca_id,ca_name,ca_creation_date,ca_last_update_date,ca_co_id,ca_tc_id) VALUES (112,'Counterspell','2015-02-24 16:13:57','2015-02-24 16:13:57',3,3);
INSERT INTO magic_card (ca_id,ca_name,ca_creation_date,ca_last_update_date,ca_co_id,ca_tc_id) VALUES (113,'Craw Wurm','2015-02-24 16:13:57','2015-02-24 16:13:57',7,2);
INSERT INTO magic_card (ca_id,ca_name,ca_creation_date,ca_last_update_date,ca_co_id,ca_tc_id) VALUES (114,'Creature Bond','2015-02-24 16:13:57','2015-02-24 16:13:57',3,6);
INSERT INTO magic_card (ca_id,ca_name,ca_creation_date,ca_last_update_date,ca_co_id,ca_tc_id) VALUES (115,'Creeping Mold','2015-02-24 16:13:57','2015-02-24 16:13:57',7,7);
INSERT INTO magic_card (ca_id,ca_name,ca_creation_date,ca_last_update_date,ca_co_id,ca_tc_id) VALUES (116,'Crimson Manticore','2015-02-24 16:13:57','2015-02-24 16:13:57',5,2);
INSERT INTO magic_card (ca_id,ca_name,ca_creation_date,ca_last_update_date,ca_co_id,ca_tc_id) VALUES (117,'Crumble','2015-02-24 16:13:57','2015-02-24 16:13:57',7,3);
INSERT INTO magic_card (ca_id,ca_name,ca_creation_date,ca_last_update_date,ca_co_id,ca_tc_id) VALUES (118,'Crusade','2015-02-24 16:13:57','2015-02-24 16:13:57',4,6);
INSERT INTO magic_card (ca_id,ca_name,ca_creation_date,ca_last_update_date,ca_co_id,ca_tc_id) VALUES (119,'Crystal Rod','2015-02-24 16:13:57','2015-02-24 16:13:57',1,1);
INSERT INTO magic_card (ca_id,ca_name,ca_creation_date,ca_last_update_date,ca_co_id,ca_tc_id) VALUES (120,'Crystal Shard','2015-02-24 16:13:57','2015-02-24 16:13:57',1,1);
INSERT INTO magic_card (ca_id,ca_name,ca_creation_date,ca_last_update_date,ca_co_id,ca_tc_id) VALUES (121,'Culling Scales','2015-02-24 16:13:57','2015-02-24 16:13:57',1,1);
INSERT INTO magic_card (ca_id,ca_name,ca_creation_date,ca_last_update_date,ca_co_id,ca_tc_id) VALUES (122,'Cursed Land','2015-02-24 16:13:57','2015-02-24 16:13:57',2,6);
INSERT INTO magic_card (ca_id,ca_name,ca_creation_date,ca_last_update_date,ca_co_id,ca_tc_id) VALUES (123,'Cursed Rack','2015-02-24 16:13:57','2015-02-24 16:13:57',1,1);
INSERT INTO magic_card (ca_id,ca_name,ca_creation_date,ca_last_update_date,ca_co_id,ca_tc_id) VALUES (124,'Cyclopean Mummy','2015-02-24 16:13:57','2015-02-24 16:13:57',2,2);
INSERT INTO magic_card (ca_id,ca_name,ca_creation_date,ca_last_update_date,ca_co_id,ca_tc_id) VALUES (125,'Damping Matrix','2015-02-24 16:13:57','2015-02-24 16:13:57',1,1);
INSERT INTO magic_card (ca_id,ca_name,ca_creation_date,ca_last_update_date,ca_co_id,ca_tc_id) VALUES (126,'Dancing Scimitar','2015-02-24 16:13:57','2015-02-24 16:13:57',1,4);
INSERT INTO magic_card (ca_id,ca_name,ca_creation_date,ca_last_update_date,ca_co_id,ca_tc_id) VALUES (127,'Dark Ritual','2015-02-24 16:13:57','2015-02-24 16:13:57',2,3);
INSERT INTO magic_card (ca_id,ca_name,ca_creation_date,ca_last_update_date,ca_co_id,ca_tc_id) VALUES (128,'Dead—Iron Sledge','2015-02-24 16:13:57','2015-02-24 16:13:57',1,1);
INSERT INTO magic_card (ca_id,ca_name,ca_creation_date,ca_last_update_date,ca_co_id,ca_tc_id) VALUES (129,'Death Ward','2015-02-24 16:13:57','2015-02-24 16:13:57',4,3);
INSERT INTO magic_card (ca_id,ca_name,ca_creation_date,ca_last_update_date,ca_co_id,ca_tc_id) VALUES (130,'Deathgrip','2015-02-24 16:13:57','2015-02-24 16:13:57',2,6);
INSERT INTO magic_card (ca_id,ca_name,ca_creation_date,ca_last_update_date,ca_co_id,ca_tc_id) VALUES (131,'Deathlace','2015-02-24 16:13:57','2015-02-24 16:13:57',2,3);
INSERT INTO magic_card (ca_id,ca_name,ca_creation_date,ca_last_update_date,ca_co_id,ca_tc_id) VALUES (132,'Deconstruct','2015-02-24 16:13:57','2015-02-24 16:13:57',7,7);
INSERT INTO magic_card (ca_id,ca_name,ca_creation_date,ca_last_update_date,ca_co_id,ca_tc_id) VALUES (133,'Desert Twister','2015-02-24 16:13:57','2015-02-24 16:13:57',7,7);
INSERT INTO magic_card (ca_id,ca_name,ca_creation_date,ca_last_update_date,ca_co_id,ca_tc_id) VALUES (134,'Detonate','2015-02-24 16:13:57','2015-02-24 16:13:57',5,7);
INSERT INTO magic_card (ca_id,ca_name,ca_creation_date,ca_last_update_date,ca_co_id,ca_tc_id) VALUES (135,'Diabolic Machine','2015-02-24 16:13:57','2015-02-24 16:13:57',1,4);
INSERT INTO magic_card (ca_id,ca_name,ca_creation_date,ca_last_update_date,ca_co_id,ca_tc_id) VALUES (136,'Dingus Egg','2015-02-24 16:13:57','2015-02-24 16:13:57',1,1);
INSERT INTO magic_card (ca_id,ca_name,ca_creation_date,ca_last_update_date,ca_co_id,ca_tc_id) VALUES (137,'Disarm','2015-02-24 16:13:57','2015-02-24 16:13:57',3,3);
INSERT INTO magic_card (ca_id,ca_name,ca_creation_date,ca_last_update_date,ca_co_id,ca_tc_id) VALUES (138,'Disciple of the Vault','2015-02-24 16:13:57','2015-02-24 16:13:57',2,2);
INSERT INTO magic_card (ca_id,ca_name,ca_creation_date,ca_last_update_date,ca_co_id,ca_tc_id) VALUES (139,'Disenchant','2015-02-24 16:13:57','2015-02-24 16:13:57',4,3);
INSERT INTO magic_card (ca_id,ca_name,ca_creation_date,ca_last_update_date,ca_co_id,ca_tc_id) VALUES (140,'Disintegrate','2015-02-24 16:13:57','2015-02-24 16:13:57',5,7);
INSERT INTO magic_card (ca_id,ca_name,ca_creation_date,ca_last_update_date,ca_co_id,ca_tc_id) VALUES (141,'Disrupting Scepter','2015-02-24 16:13:57','2015-02-24 16:13:57',1,1);
INSERT INTO magic_card (ca_id,ca_name,ca_creation_date,ca_last_update_date,ca_co_id,ca_tc_id) VALUES (142,'Divine Transformation','2015-02-24 16:13:57','2015-02-24 16:13:57',4,6);
INSERT INTO magic_card (ca_id,ca_name,ca_creation_date,ca_last_update_date,ca_co_id,ca_tc_id) VALUES (143,'Domineer','2015-02-24 16:13:57','2015-02-24 16:13:57',3,6);
INSERT INTO magic_card (ca_id,ca_name,ca_creation_date,ca_last_update_date,ca_co_id,ca_tc_id) VALUES (144,'Dragon Blood','2015-02-24 16:13:57','2015-02-24 16:13:57',1,1);
INSERT INTO magic_card (ca_id,ca_name,ca_creation_date,ca_last_update_date,ca_co_id,ca_tc_id) VALUES (145,'Dragon Engine','2015-02-24 16:13:57','2015-02-24 16:13:57',1,4);
INSERT INTO magic_card (ca_id,ca_name,ca_creation_date,ca_last_update_date,ca_co_id,ca_tc_id) VALUES (146,'Dragon Whelp','2015-02-24 16:13:57','2015-02-24 16:13:57',5,2);
INSERT INTO magic_card (ca_id,ca_name,ca_creation_date,ca_last_update_date,ca_co_id,ca_tc_id) VALUES (147,'Drain Life','2015-02-24 16:13:57','2015-02-24 16:13:57',2,7);
INSERT INTO magic_card (ca_id,ca_name,ca_creation_date,ca_last_update_date,ca_co_id,ca_tc_id) VALUES (148,'Drain Power','2015-02-24 16:13:57','2015-02-24 16:13:57',3,7);
INSERT INTO magic_card (ca_id,ca_name,ca_creation_date,ca_last_update_date,ca_co_id,ca_tc_id) VALUES (149,'Dream''s Grip','2015-02-24 16:13:57','2015-02-24 16:13:57',3,3);
INSERT INTO magic_card (ca_id,ca_name,ca_creation_date,ca_last_update_date,ca_co_id,ca_tc_id) VALUES (150,'Dross Harvester','2015-02-24 16:13:57','2015-02-24 16:13:57',2,2);
INSERT INTO magic_card (ca_id,ca_name,ca_creation_date,ca_last_update_date,ca_co_id,ca_tc_id) VALUES (151,'Dross Prowler','2015-02-24 16:13:57','2015-02-24 16:13:57',2,2);
INSERT INTO magic_card (ca_id,ca_name,ca_creation_date,ca_last_update_date,ca_co_id,ca_tc_id) VALUES (152,'Dross Scorpion','2015-02-24 16:13:57','2015-02-24 16:13:57',1,4);
INSERT INTO magic_card (ca_id,ca_name,ca_creation_date,ca_last_update_date,ca_co_id,ca_tc_id) VALUES (153,'Drudge Skeletons','2015-02-24 16:13:57','2015-02-24 16:13:57',2,2);
INSERT INTO magic_card (ca_id,ca_name,ca_creation_date,ca_last_update_date,ca_co_id,ca_tc_id) VALUES (154,'Duplicant','2015-02-24 16:13:57','2015-02-24 16:13:57',1,4);
INSERT INTO magic_card (ca_id,ca_name,ca_creation_date,ca_last_update_date,ca_co_id,ca_tc_id) VALUES (155,'Durkwood Boars','2015-02-24 16:13:57','2015-02-24 16:13:57',7,2);
INSERT INTO magic_card (ca_id,ca_name,ca_creation_date,ca_last_update_date,ca_co_id,ca_tc_id) VALUES (156,'Duskworker','2015-02-24 16:13:57','2015-02-24 16:13:57',1,4);
INSERT INTO magic_card (ca_id,ca_name,ca_creation_date,ca_last_update_date,ca_co_id,ca_tc_id) VALUES (157,'Dwarven Warriors','2015-02-24 16:13:57','2015-02-24 16:13:57',5,2);
INSERT INTO magic_card (ca_id,ca_name,ca_creation_date,ca_last_update_date,ca_co_id,ca_tc_id) VALUES (158,'Earth Elemental','2015-02-24 16:13:57','2015-02-24 16:13:57',5,2);
INSERT INTO magic_card (ca_id,ca_name,ca_creation_date,ca_last_update_date,ca_co_id,ca_tc_id) VALUES (159,'Earthquake','2015-02-24 16:13:57','2015-02-24 16:13:57',5,7);
INSERT INTO magic_card (ca_id,ca_name,ca_creation_date,ca_last_update_date,ca_co_id,ca_tc_id) VALUES (160,'Ebony Horse','2015-02-24 16:13:57','2015-02-24 16:13:57',1,1);
INSERT INTO magic_card (ca_id,ca_name,ca_creation_date,ca_last_update_date,ca_co_id,ca_tc_id) VALUES (161,'Elder Land Wurm','2015-02-24 16:13:57','2015-02-24 16:13:57',4,2);
INSERT INTO magic_card (ca_id,ca_name,ca_creation_date,ca_last_update_date,ca_co_id,ca_tc_id) VALUES (162,'Electrostatic Bolt','2015-02-24 16:13:57','2015-02-24 16:13:57',5,3);
INSERT INTO magic_card (ca_id,ca_name,ca_creation_date,ca_last_update_date,ca_co_id,ca_tc_id) VALUES (163,'Elf Replica','2015-02-24 16:13:57','2015-02-24 16:13:57',1,4);
INSERT INTO magic_card (ca_id,ca_name,ca_creation_date,ca_last_update_date,ca_co_id,ca_tc_id) VALUES (164,'Elven Riders','2015-02-24 16:13:57','2015-02-24 16:13:57',7,2);
INSERT INTO magic_card (ca_id,ca_name,ca_creation_date,ca_last_update_date,ca_co_id,ca_tc_id) VALUES (165,'Elvish Archers','2015-02-24 16:13:57','2015-02-24 16:13:57',7,2);
INSERT INTO magic_card (ca_id,ca_name,ca_creation_date,ca_last_update_date,ca_co_id,ca_tc_id) VALUES (166,'El—Hajjaj','2015-02-24 16:13:57','2015-02-24 16:13:57',2,2);
INSERT INTO magic_card (ca_id,ca_name,ca_creation_date,ca_last_update_date,ca_co_id,ca_tc_id) VALUES (167,'Empyrial Plate','2015-02-24 16:13:57','2015-02-24 16:13:57',1,1);
INSERT INTO magic_card (ca_id,ca_name,ca_creation_date,ca_last_update_date,ca_co_id,ca_tc_id) VALUES (168,'Energy Flux','2015-02-24 16:13:57','2015-02-24 16:13:57',3,6);
INSERT INTO magic_card (ca_id,ca_name,ca_creation_date,ca_last_update_date,ca_co_id,ca_tc_id) VALUES (169,'Energy Tap','2015-02-24 16:13:57','2015-02-24 16:13:57',3,7);
INSERT INTO magic_card (ca_id,ca_name,ca_creation_date,ca_last_update_date,ca_co_id,ca_tc_id) VALUES (170,'Erg Raiders','2015-02-24 16:13:57','2015-02-24 16:13:57',2,2);
INSERT INTO magic_card (ca_id,ca_name,ca_creation_date,ca_last_update_date,ca_co_id,ca_tc_id) VALUES (171,'Erosion','2015-02-24 16:13:57','2015-02-24 16:13:57',3,6);
INSERT INTO magic_card (ca_id,ca_name,ca_creation_date,ca_last_update_date,ca_co_id,ca_tc_id) VALUES (172,'Eternal Warrior','2015-02-24 16:13:57','2015-02-24 16:13:57',5,6);
INSERT INTO magic_card (ca_id,ca_name,ca_creation_date,ca_last_update_date,ca_co_id,ca_tc_id) VALUES (173,'Evil Presence','2015-02-24 16:13:57','2015-02-24 16:13:57',2,6);
INSERT INTO magic_card (ca_id,ca_name,ca_creation_date,ca_last_update_date,ca_co_id,ca_tc_id) VALUES (174,'Extraplanar Lens','2015-02-24 16:13:57','2015-02-24 16:13:57',1,1);
INSERT INTO magic_card (ca_id,ca_name,ca_creation_date,ca_last_update_date,ca_co_id,ca_tc_id) VALUES (175,'Eye for an Eye','2015-02-24 16:13:57','2015-02-24 16:13:57',4,3);
INSERT INTO magic_card (ca_id,ca_name,ca_creation_date,ca_last_update_date,ca_co_id,ca_tc_id) VALUES (176,'Fabricate','2015-02-24 16:13:57','2015-02-24 16:13:57',3,7);
INSERT INTO magic_card (ca_id,ca_name,ca_creation_date,ca_last_update_date,ca_co_id,ca_tc_id) VALUES (177,'Fangren Hunter','2015-02-24 16:13:57','2015-02-24 16:13:57',7,2);
INSERT INTO magic_card (ca_id,ca_name,ca_creation_date,ca_last_update_date,ca_co_id,ca_tc_id) VALUES (178,'Farsight Mask','2015-02-24 16:13:57','2015-02-24 16:13:57',1,1);
INSERT INTO magic_card (ca_id,ca_name,ca_creation_date,ca_last_update_date,ca_co_id,ca_tc_id) VALUES (179,'Fatespinner','2015-02-24 16:13:57','2015-02-24 16:13:57',3,2);
INSERT INTO magic_card (ca_id,ca_name,ca_creation_date,ca_last_update_date,ca_co_id,ca_tc_id) VALUES (180,'Fear','2015-02-24 16:13:57','2015-02-24 16:13:57',2,6);
INSERT INTO magic_card (ca_id,ca_name,ca_creation_date,ca_last_update_date,ca_co_id,ca_tc_id) VALUES (181,'Feedback','2015-02-24 16:13:57','2015-02-24 16:13:57',3,6);
INSERT INTO magic_card (ca_id,ca_name,ca_creation_date,ca_last_update_date,ca_co_id,ca_tc_id) VALUES (182,'Fellwar Stone','2015-02-24 16:13:57','2015-02-24 16:13:57',1,1);
INSERT INTO magic_card (ca_id,ca_name,ca_creation_date,ca_last_update_date,ca_co_id,ca_tc_id) VALUES (183,'Fiery Gambit','2015-02-24 16:13:57','2015-02-24 16:13:57',5,7);
INSERT INTO magic_card (ca_id,ca_name,ca_creation_date,ca_last_update_date,ca_co_id,ca_tc_id) VALUES (184,'Fire Elemental','2015-02-24 16:13:57','2015-02-24 16:13:57',5,2);
INSERT INTO magic_card (ca_id,ca_name,ca_creation_date,ca_last_update_date,ca_co_id,ca_tc_id) VALUES (185,'Fireball','2015-02-24 16:13:57','2015-02-24 16:13:57',5,7);
INSERT INTO magic_card (ca_id,ca_name,ca_creation_date,ca_last_update_date,ca_co_id,ca_tc_id) VALUES (186,'Firebreathing','2015-02-24 16:13:57','2015-02-24 16:13:57',5,6);
INSERT INTO magic_card (ca_id,ca_name,ca_creation_date,ca_last_update_date,ca_co_id,ca_tc_id) VALUES (187,'Fireshrieker','2015-02-24 16:13:57','2015-02-24 16:13:57',1,1);
INSERT INTO magic_card (ca_id,ca_name,ca_creation_date,ca_last_update_date,ca_co_id,ca_tc_id) VALUES (188,'Fissure','2015-02-24 16:13:57','2015-02-24 16:13:57',5,3);
INSERT INTO magic_card (ca_id,ca_name,ca_creation_date,ca_last_update_date,ca_co_id,ca_tc_id) VALUES (189,'Fists of the Anvil','2015-02-24 16:13:57','2015-02-24 16:13:57',5,3);
INSERT INTO magic_card (ca_id,ca_name,ca_creation_date,ca_last_update_date,ca_co_id,ca_tc_id) VALUES (190,'Flashfires','2015-02-24 16:13:57','2015-02-24 16:13:57',5,7);
INSERT INTO magic_card (ca_id,ca_name,ca_creation_date,ca_last_update_date,ca_co_id,ca_tc_id) VALUES (191,'Flayed Nim','2015-02-24 16:13:57','2015-02-24 16:13:57',2,2);
INSERT INTO magic_card (ca_id,ca_name,ca_creation_date,ca_last_update_date,ca_co_id,ca_tc_id) VALUES (192,'Flight','2015-02-24 16:13:57','2015-02-24 16:13:57',3,6);
INSERT INTO magic_card (ca_id,ca_name,ca_creation_date,ca_last_update_date,ca_co_id,ca_tc_id) VALUES (193,'Flood','2015-02-24 16:13:57','2015-02-24 16:13:57',3,6);
INSERT INTO magic_card (ca_id,ca_name,ca_creation_date,ca_last_update_date,ca_co_id,ca_tc_id) VALUES (194,'Flying Carpet','2015-02-24 16:13:57','2015-02-24 16:13:57',1,1);
INSERT INTO magic_card (ca_id,ca_name,ca_creation_date,ca_last_update_date,ca_co_id,ca_tc_id) VALUES (195,'Fog','2015-02-24 16:13:57','2015-02-24 16:13:57',7,3);
INSERT INTO magic_card (ca_id,ca_name,ca_creation_date,ca_last_update_date,ca_co_id,ca_tc_id) VALUES (196,'Force of Nature','2015-02-24 16:13:57','2015-02-24 16:13:57',7,2);
INSERT INTO magic_card (ca_id,ca_name,ca_creation_date,ca_last_update_date,ca_co_id,ca_tc_id) VALUES (197,'Forest','2015-02-24 16:13:57','2015-02-24 16:13:57',6,10);
INSERT INTO magic_card (ca_id,ca_name,ca_creation_date,ca_last_update_date,ca_co_id,ca_tc_id) VALUES (198,'Forge Armor','2015-02-24 16:13:57','2015-02-24 16:13:57',5,3);
INSERT INTO magic_card (ca_id,ca_name,ca_creation_date,ca_last_update_date,ca_co_id,ca_tc_id) VALUES (199,'Fortified Area','2015-02-24 16:13:57','2015-02-24 16:13:57',4,6);
INSERT INTO magic_card (ca_id,ca_name,ca_creation_date,ca_last_update_date,ca_co_id,ca_tc_id) VALUES (200,'Fractured Loyalty','2015-02-24 16:13:57','2015-02-24 16:13:57',5,6);
INSERT INTO magic_card (ca_id,ca_name,ca_creation_date,ca_last_update_date,ca_co_id,ca_tc_id) VALUES (201,'Frogmite','2015-02-24 16:13:57','2015-02-24 16:13:57',1,4);
INSERT INTO magic_card (ca_id,ca_name,ca_creation_date,ca_last_update_date,ca_co_id,ca_tc_id) VALUES (202,'Frozen Shade','2015-02-24 16:13:57','2015-02-24 16:13:57',2,2);
INSERT INTO magic_card (ca_id,ca_name,ca_creation_date,ca_last_update_date,ca_co_id,ca_tc_id) VALUES (203,'Fungusaur','2015-02-24 16:13:57','2015-02-24 16:13:57',7,2);
INSERT INTO magic_card (ca_id,ca_name,ca_creation_date,ca_last_update_date,ca_co_id,ca_tc_id) VALUES (204,'Gaea''s Liege','2015-02-24 16:13:57','2015-02-24 16:13:57',7,2);
INSERT INTO magic_card (ca_id,ca_name,ca_creation_date,ca_last_update_date,ca_co_id,ca_tc_id) VALUES (205,'Galvanic Key','2015-02-24 16:13:57','2015-02-24 16:13:57',1,1);
INSERT INTO magic_card (ca_id,ca_name,ca_creation_date,ca_last_update_date,ca_co_id,ca_tc_id) VALUES (206,'Gaseous Form','2015-02-24 16:13:57','2015-02-24 16:13:57',3,6);
INSERT INTO magic_card (ca_id,ca_name,ca_creation_date,ca_last_update_date,ca_co_id,ca_tc_id) VALUES (207,'Gate to the AEther','2015-02-24 16:13:57','2015-02-24 16:13:57',1,1);
INSERT INTO magic_card (ca_id,ca_name,ca_creation_date,ca_last_update_date,ca_co_id,ca_tc_id) VALUES (208,'Ghost Ship','2015-02-24 16:13:57','2015-02-24 16:13:57',3,2);
INSERT INTO magic_card (ca_id,ca_name,ca_creation_date,ca_last_update_date,ca_co_id,ca_tc_id) VALUES (209,'Giant Growth','2015-02-24 16:13:57','2015-02-24 16:13:57',7,3);
INSERT INTO magic_card (ca_id,ca_name,ca_creation_date,ca_last_update_date,ca_co_id,ca_tc_id) VALUES (210,'Giant Spider','2015-02-24 16:13:57','2015-02-24 16:13:57',7,2);
INSERT INTO magic_card (ca_id,ca_name,ca_creation_date,ca_last_update_date,ca_co_id,ca_tc_id) VALUES (211,'Giant Strength','2015-02-24 16:13:57','2015-02-24 16:13:57',5,6);
INSERT INTO magic_card (ca_id,ca_name,ca_creation_date,ca_last_update_date,ca_co_id,ca_tc_id) VALUES (212,'Giant Tortoise','2015-02-24 16:13:57','2015-02-24 16:13:57',3,2);
INSERT INTO magic_card (ca_id,ca_name,ca_creation_date,ca_last_update_date,ca_co_id,ca_tc_id) VALUES (213,'Gilded Lotus','2015-02-24 16:13:57','2015-02-24 16:13:57',1,1);
INSERT INTO magic_card (ca_id,ca_name,ca_creation_date,ca_last_update_date,ca_co_id,ca_tc_id) VALUES (214,'Glasses of Urza','2015-02-24 16:13:57','2015-02-24 16:13:57',1,1);
INSERT INTO magic_card (ca_id,ca_name,ca_creation_date,ca_last_update_date,ca_co_id,ca_tc_id) VALUES (215,'Glimmervoid','2015-02-24 16:13:57','2015-02-24 16:13:57',6,8);
INSERT INTO magic_card (ca_id,ca_name,ca_creation_date,ca_last_update_date,ca_co_id,ca_tc_id) VALUES (216,'Glissa Sunseeker','2015-02-24 16:13:57','2015-02-24 16:13:57',7,11);
INSERT INTO magic_card (ca_id,ca_name,ca_creation_date,ca_last_update_date,ca_co_id,ca_tc_id) VALUES (217,'Gloom','2015-02-24 16:13:57','2015-02-24 16:13:57',2,6);
INSERT INTO magic_card (ca_id,ca_name,ca_creation_date,ca_last_update_date,ca_co_id,ca_tc_id) VALUES (218,'Goblin Balloon Brigade','2015-02-24 16:13:57','2015-02-24 16:13:57',5,2);
INSERT INTO magic_card (ca_id,ca_name,ca_creation_date,ca_last_update_date,ca_co_id,ca_tc_id) VALUES (219,'Goblin Charbelcher','2015-02-24 16:13:57','2015-02-24 16:13:57',1,1);
INSERT INTO magic_card (ca_id,ca_name,ca_creation_date,ca_last_update_date,ca_co_id,ca_tc_id) VALUES (220,'Goblin Dirigible','2015-02-24 16:13:57','2015-02-24 16:13:57',1,4);
INSERT INTO magic_card (ca_id,ca_name,ca_creation_date,ca_last_update_date,ca_co_id,ca_tc_id) VALUES (221,'Goblin King','2015-02-24 16:13:57','2015-02-24 16:13:57',5,2);
INSERT INTO magic_card (ca_id,ca_name,ca_creation_date,ca_last_update_date,ca_co_id,ca_tc_id) VALUES (222,'Goblin Replica','2015-02-24 16:13:57','2015-02-24 16:13:57',1,4);
INSERT INTO magic_card (ca_id,ca_name,ca_creation_date,ca_last_update_date,ca_co_id,ca_tc_id) VALUES (223,'Goblin Rock Sled','2015-02-24 16:13:57','2015-02-24 16:13:57',5,2);
INSERT INTO magic_card (ca_id,ca_name,ca_creation_date,ca_last_update_date,ca_co_id,ca_tc_id) VALUES (224,'Goblin Striker','2015-02-24 16:13:57','2015-02-24 16:13:57',5,2);
INSERT INTO magic_card (ca_id,ca_name,ca_creation_date,ca_last_update_date,ca_co_id,ca_tc_id) VALUES (225,'Goblin War Wagon','2015-02-24 16:13:57','2015-02-24 16:13:57',1,4);
INSERT INTO magic_card (ca_id,ca_name,ca_creation_date,ca_last_update_date,ca_co_id,ca_tc_id) VALUES (226,'Gold Myr','2015-02-24 16:13:57','2015-02-24 16:13:57',1,4);
INSERT INTO magic_card (ca_id,ca_name,ca_creation_date,ca_last_update_date,ca_co_id,ca_tc_id) VALUES (227,'Golem—Skin Gauntlets','2015-02-24 16:13:57','2015-02-24 16:13:57',1,1);
INSERT INTO magic_card (ca_id,ca_name,ca_creation_date,ca_last_update_date,ca_co_id,ca_tc_id) VALUES (228,'Grab the Reins','2015-02-24 16:13:57','2015-02-24 16:13:57',5,3);
INSERT INTO magic_card (ca_id,ca_name,ca_creation_date,ca_last_update_date,ca_co_id,ca_tc_id) VALUES (229,'Granite Shard','2015-02-24 16:13:57','2015-02-24 16:13:57',1,1);
INSERT INTO magic_card (ca_id,ca_name,ca_creation_date,ca_last_update_date,ca_co_id,ca_tc_id) VALUES (230,'Grapeshot Catapult','2015-02-24 16:13:57','2015-02-24 16:13:57',1,4);
INSERT INTO magic_card (ca_id,ca_name,ca_creation_date,ca_last_update_date,ca_co_id,ca_tc_id) VALUES (231,'Gray Ogre','2015-02-24 16:13:57','2015-02-24 16:13:57',5,2);
INSERT INTO magic_card (ca_id,ca_name,ca_creation_date,ca_last_update_date,ca_co_id,ca_tc_id) VALUES (232,'Great Furnace','2015-02-24 16:13:57','2015-02-24 16:13:57',6,5);
INSERT INTO magic_card (ca_id,ca_name,ca_creation_date,ca_last_update_date,ca_co_id,ca_tc_id) VALUES (233,'Greed','2015-02-24 16:13:57','2015-02-24 16:13:57',2,6);
INSERT INTO magic_card (ca_id,ca_name,ca_creation_date,ca_last_update_date,ca_co_id,ca_tc_id) VALUES (234,'Green Mana Battery','2015-02-24 16:13:57','2015-02-24 16:13:57',1,1);
INSERT INTO magic_card (ca_id,ca_name,ca_creation_date,ca_last_update_date,ca_co_id,ca_tc_id) VALUES (235,'Green Ward','2015-02-24 16:13:57','2015-02-24 16:13:57',4,6);
INSERT INTO magic_card (ca_id,ca_name,ca_creation_date,ca_last_update_date,ca_co_id,ca_tc_id) VALUES (236,'Grid Monitor','2015-02-24 16:13:57','2015-02-24 16:13:57',1,4);
INSERT INTO magic_card (ca_id,ca_name,ca_creation_date,ca_last_update_date,ca_co_id,ca_tc_id) VALUES (237,'Grim Reminder','2015-02-24 16:13:57','2015-02-24 16:13:57',2,3);
INSERT INTO magic_card (ca_id,ca_name,ca_creation_date,ca_last_update_date,ca_co_id,ca_tc_id) VALUES (238,'Grizzly Bears','2015-02-24 16:13:57','2015-02-24 16:13:57',7,2);
INSERT INTO magic_card (ca_id,ca_name,ca_creation_date,ca_last_update_date,ca_co_id,ca_tc_id) VALUES (239,'Groffskithur','2015-02-24 16:13:57','2015-02-24 16:13:57',7,2);
INSERT INTO magic_card (ca_id,ca_name,ca_creation_date,ca_last_update_date,ca_co_id,ca_tc_id) VALUES (240,'Healing Salve','2015-02-24 16:13:57','2015-02-24 16:13:57',4,3);
INSERT INTO magic_card (ca_id,ca_name,ca_creation_date,ca_last_update_date,ca_co_id,ca_tc_id) VALUES (241,'Heartwood Shard','2015-02-24 16:13:57','2015-02-24 16:13:57',1,1);
INSERT INTO magic_card (ca_id,ca_name,ca_creation_date,ca_last_update_date,ca_co_id,ca_tc_id) VALUES (242,'Helm of Chatzuk','2015-02-24 16:13:57','2015-02-24 16:13:57',1,1);
INSERT INTO magic_card (ca_id,ca_name,ca_creation_date,ca_last_update_date,ca_co_id,ca_tc_id) VALUES (243,'Hematite Golem','2015-02-24 16:13:57','2015-02-24 16:13:57',1,4);
INSERT INTO magic_card (ca_id,ca_name,ca_creation_date,ca_last_update_date,ca_co_id,ca_tc_id) VALUES (244,'Hill Giant','2015-02-24 16:13:57','2015-02-24 16:13:57',5,2);
INSERT INTO magic_card (ca_id,ca_name,ca_creation_date,ca_last_update_date,ca_co_id,ca_tc_id) VALUES (245,'Holy Armor','2015-02-24 16:13:57','2015-02-24 16:13:57',4,6);
INSERT INTO magic_card (ca_id,ca_name,ca_creation_date,ca_last_update_date,ca_co_id,ca_tc_id) VALUES (246,'Holy Strength','2015-02-24 16:13:57','2015-02-24 16:13:57',4,6);
INSERT INTO magic_card (ca_id,ca_name,ca_creation_date,ca_last_update_date,ca_co_id,ca_tc_id) VALUES (247,'Howl from Beyond','2015-02-24 16:13:57','2015-02-24 16:13:57',2,3);
INSERT INTO magic_card (ca_id,ca_name,ca_creation_date,ca_last_update_date,ca_co_id,ca_tc_id) VALUES (248,'Howling Mine','2015-02-24 16:13:57','2015-02-24 16:13:57',1,1);
INSERT INTO magic_card (ca_id,ca_name,ca_creation_date,ca_last_update_date,ca_co_id,ca_tc_id) VALUES (249,'Hum of the Radix','2015-02-24 16:13:57','2015-02-24 16:13:57',7,6);
INSERT INTO magic_card (ca_id,ca_name,ca_creation_date,ca_last_update_date,ca_co_id,ca_tc_id) VALUES (250,'Hurkyl''s Recall','2015-02-24 16:13:57','2015-02-24 16:13:57',3,3);
INSERT INTO magic_card (ca_id,ca_name,ca_creation_date,ca_last_update_date,ca_co_id,ca_tc_id) VALUES (251,'Hurloon Minotaur','2015-02-24 16:13:57','2015-02-24 16:13:57',5,2);
INSERT INTO magic_card (ca_id,ca_name,ca_creation_date,ca_last_update_date,ca_co_id,ca_tc_id) VALUES (252,'Hurr Jackal','2015-02-24 16:13:57','2015-02-24 16:13:57',5,2);
INSERT INTO magic_card (ca_id,ca_name,ca_creation_date,ca_last_update_date,ca_co_id,ca_tc_id) VALUES (253,'Hurricane','2015-02-24 16:13:57','2015-02-24 16:13:57',7,7);
INSERT INTO magic_card (ca_id,ca_name,ca_creation_date,ca_last_update_date,ca_co_id,ca_tc_id) VALUES (254,'Hypnotic Specter','2015-02-24 16:13:57','2015-02-24 16:13:57',2,2);
INSERT INTO magic_card (ca_id,ca_name,ca_creation_date,ca_last_update_date,ca_co_id,ca_tc_id) VALUES (255,'Icy Manipulator','2015-02-24 16:13:57','2015-02-24 16:13:57',1,1);
INSERT INTO magic_card (ca_id,ca_name,ca_creation_date,ca_last_update_date,ca_co_id,ca_tc_id) VALUES (256,'Immolation','2015-02-24 16:13:57','2015-02-24 16:13:57',5,6);
INSERT INTO magic_card (ca_id,ca_name,ca_creation_date,ca_last_update_date,ca_co_id,ca_tc_id) VALUES (257,'Incite War','2015-02-24 16:13:57','2015-02-24 16:13:57',5,3);
INSERT INTO magic_card (ca_id,ca_name,ca_creation_date,ca_last_update_date,ca_co_id,ca_tc_id) VALUES (258,'Inertia Bubble','2015-02-24 16:13:57','2015-02-24 16:13:57',3,6);
INSERT INTO magic_card (ca_id,ca_name,ca_creation_date,ca_last_update_date,ca_co_id,ca_tc_id) VALUES (259,'Inferno','2015-02-24 16:13:57','2015-02-24 16:13:57',5,3);
INSERT INTO magic_card (ca_id,ca_name,ca_creation_date,ca_last_update_date,ca_co_id,ca_tc_id) VALUES (260,'Instill Energy','2015-02-24 16:13:57','2015-02-24 16:13:57',7,6);
INSERT INTO magic_card (ca_id,ca_name,ca_creation_date,ca_last_update_date,ca_co_id,ca_tc_id) VALUES (261,'Iron Myr','2015-02-24 16:13:57','2015-02-24 16:13:57',1,4);
INSERT INTO magic_card (ca_id,ca_name,ca_creation_date,ca_last_update_date,ca_co_id,ca_tc_id) VALUES (262,'Iron Star','2015-02-24 16:13:57','2015-02-24 16:13:57',1,1);
INSERT INTO magic_card (ca_id,ca_name,ca_creation_date,ca_last_update_date,ca_co_id,ca_tc_id) VALUES (263,'Ironclaw Orcs','2015-02-24 16:13:57','2015-02-24 16:13:57',5,2);
INSERT INTO magic_card (ca_id,ca_name,ca_creation_date,ca_last_update_date,ca_co_id,ca_tc_id) VALUES (264,'Ironroot Treefolk','2015-02-24 16:13:57','2015-02-24 16:13:57',7,2);
INSERT INTO magic_card (ca_id,ca_name,ca_creation_date,ca_last_update_date,ca_co_id,ca_tc_id) VALUES (265,'Irradiate','2015-02-24 16:13:57','2015-02-24 16:13:57',2,3);
INSERT INTO magic_card (ca_id,ca_name,ca_creation_date,ca_last_update_date,ca_co_id,ca_tc_id) VALUES (266,'Island','2015-02-24 16:13:57','2015-02-24 16:13:57',6,10);
INSERT INTO magic_card (ca_id,ca_name,ca_creation_date,ca_last_update_date,ca_co_id,ca_tc_id) VALUES (267,'Island Fish Jasconius','2015-02-24 16:13:57','2015-02-24 16:13:57',3,2);
INSERT INTO magic_card (ca_id,ca_name,ca_creation_date,ca_last_update_date,ca_co_id,ca_tc_id) VALUES (268,'Island Sanctuary','2015-02-24 16:13:57','2015-02-24 16:13:57',4,6);
INSERT INTO magic_card (ca_id,ca_name,ca_creation_date,ca_last_update_date,ca_co_id,ca_tc_id) VALUES (269,'Isochron Scepter','2015-02-24 16:13:57','2015-02-24 16:13:57',1,1);
INSERT INTO magic_card (ca_id,ca_name,ca_creation_date,ca_last_update_date,ca_co_id,ca_tc_id) VALUES (270,'Ivory Cup','2015-02-24 16:13:57','2015-02-24 16:13:57',1,1);
INSERT INTO magic_card (ca_id,ca_name,ca_creation_date,ca_last_update_date,ca_co_id,ca_tc_id) VALUES (271,'Ivory Tower','2015-02-24 16:13:57','2015-02-24 16:13:57',1,1);
INSERT INTO magic_card (ca_id,ca_name,ca_creation_date,ca_last_update_date,ca_co_id,ca_tc_id) VALUES (272,'Jade Monolith','2015-02-24 16:13:57','2015-02-24 16:13:57',1,1);
INSERT INTO magic_card (ca_id,ca_name,ca_creation_date,ca_last_update_date,ca_co_id,ca_tc_id) VALUES (273,'Jandor''s Saddlebags','2015-02-24 16:13:57','2015-02-24 16:13:57',1,1);
INSERT INTO magic_card (ca_id,ca_name,ca_creation_date,ca_last_update_date,ca_co_id,ca_tc_id) VALUES (274,'Jayemdae Tome','2015-02-24 16:13:57','2015-02-24 16:13:57',1,1);
INSERT INTO magic_card (ca_id,ca_name,ca_creation_date,ca_last_update_date,ca_co_id,ca_tc_id) VALUES (275,'Jinxed Choker','2015-02-24 16:13:57','2015-02-24 16:13:57',1,1);
INSERT INTO magic_card (ca_id,ca_name,ca_creation_date,ca_last_update_date,ca_co_id,ca_tc_id) VALUES (276,'Journey of Discovery','2015-02-24 16:13:57','2015-02-24 16:13:57',7,7);
INSERT INTO magic_card (ca_id,ca_name,ca_creation_date,ca_last_update_date,ca_co_id,ca_tc_id) VALUES (277,'Jump','2015-02-24 16:13:57','2015-02-24 16:13:57',3,3);
INSERT INTO magic_card (ca_id,ca_name,ca_creation_date,ca_last_update_date,ca_co_id,ca_tc_id) VALUES (278,'Junun Efreet','2015-02-24 16:13:57','2015-02-24 16:13:57',2,2);
INSERT INTO magic_card (ca_id,ca_name,ca_creation_date,ca_last_update_date,ca_co_id,ca_tc_id) VALUES (279,'Karma','2015-02-24 16:13:57','2015-02-24 16:13:57',4,6);
INSERT INTO magic_card (ca_id,ca_name,ca_creation_date,ca_last_update_date,ca_co_id,ca_tc_id) VALUES (280,'Keldon Warlord','2015-02-24 16:13:57','2015-02-24 16:13:57',5,2);
INSERT INTO magic_card (ca_id,ca_name,ca_creation_date,ca_last_update_date,ca_co_id,ca_tc_id) VALUES (281,'Killer Bees','2015-02-24 16:13:57','2015-02-24 16:13:57',7,2);
INSERT INTO magic_card (ca_id,ca_name,ca_creation_date,ca_last_update_date,ca_co_id,ca_tc_id) VALUES (282,'Kismet','2015-02-24 16:13:57','2015-02-24 16:13:57',4,6);
INSERT INTO magic_card (ca_id,ca_name,ca_creation_date,ca_last_update_date,ca_co_id,ca_tc_id) VALUES (283,'Kormus Bell','2015-02-24 16:13:57','2015-02-24 16:13:57',1,1);
INSERT INTO magic_card (ca_id,ca_name,ca_creation_date,ca_last_update_date,ca_co_id,ca_tc_id) VALUES (284,'Krark''s Thumb','2015-02-24 16:13:57','2015-02-24 16:13:57',1,12);
INSERT INTO magic_card (ca_id,ca_name,ca_creation_date,ca_last_update_date,ca_co_id,ca_tc_id) VALUES (285,'Krark—Clan Grunt','2015-02-24 16:13:57','2015-02-24 16:13:57',5,2);
INSERT INTO magic_card (ca_id,ca_name,ca_creation_date,ca_last_update_date,ca_co_id,ca_tc_id) VALUES (286,'Krark—Clan Shaman','2015-02-24 16:13:57','2015-02-24 16:13:57',5,2);
INSERT INTO magic_card (ca_id,ca_name,ca_creation_date,ca_last_update_date,ca_co_id,ca_tc_id) VALUES (287,'Land Leeches','2015-02-24 16:13:57','2015-02-24 16:13:57',7,2);
INSERT INTO magic_card (ca_id,ca_name,ca_creation_date,ca_last_update_date,ca_co_id,ca_tc_id) VALUES (288,'Land Tax','2015-02-24 16:13:57','2015-02-24 16:13:57',4,6);
INSERT INTO magic_card (ca_id,ca_name,ca_creation_date,ca_last_update_date,ca_co_id,ca_tc_id) VALUES (289,'Leaden Myr','2015-02-24 16:13:57','2015-02-24 16:13:57',1,4);
INSERT INTO magic_card (ca_id,ca_name,ca_creation_date,ca_last_update_date,ca_co_id,ca_tc_id) VALUES (290,'Leonin Abunas','2015-02-24 16:13:57','2015-02-24 16:13:57',4,2);
INSERT INTO magic_card (ca_id,ca_name,ca_creation_date,ca_last_update_date,ca_co_id,ca_tc_id) VALUES (291,'Leonin Bladetrap','2015-02-24 16:13:57','2015-02-24 16:13:57',1,1);
INSERT INTO magic_card (ca_id,ca_name,ca_creation_date,ca_last_update_date,ca_co_id,ca_tc_id) VALUES (292,'Leonin Den—Guard','2015-02-24 16:13:57','2015-02-24 16:13:57',4,2);
INSERT INTO magic_card (ca_id,ca_name,ca_creation_date,ca_last_update_date,ca_co_id,ca_tc_id) VALUES (293,'Leonin Elder','2015-02-24 16:13:57','2015-02-24 16:13:57',4,2);
INSERT INTO magic_card (ca_id,ca_name,ca_creation_date,ca_last_update_date,ca_co_id,ca_tc_id) VALUES (294,'Leonin Scimitar','2015-02-24 16:13:57','2015-02-24 16:13:57',1,1);
INSERT INTO magic_card (ca_id,ca_name,ca_creation_date,ca_last_update_date,ca_co_id,ca_tc_id) VALUES (295,'Leonin Skyhunter','2015-02-24 16:13:57','2015-02-24 16:13:57',4,2);
INSERT INTO magic_card (ca_id,ca_name,ca_creation_date,ca_last_update_date,ca_co_id,ca_tc_id) VALUES (296,'Leonin Sun Standard','2015-02-24 16:13:57','2015-02-24 16:13:57',1,1);
INSERT INTO magic_card (ca_id,ca_name,ca_creation_date,ca_last_update_date,ca_co_id,ca_tc_id) VALUES (297,'Leveler','2015-02-24 16:13:57','2015-02-24 16:13:57',1,4);
INSERT INTO magic_card (ca_id,ca_name,ca_creation_date,ca_last_update_date,ca_co_id,ca_tc_id) VALUES (298,'Leviathan','2015-02-24 16:13:57','2015-02-24 16:13:57',3,2);
INSERT INTO magic_card (ca_id,ca_name,ca_creation_date,ca_last_update_date,ca_co_id,ca_tc_id) VALUES (299,'Ley Druid','2015-02-24 16:13:57','2015-02-24 16:13:57',7,2);
INSERT INTO magic_card (ca_id,ca_name,ca_creation_date,ca_last_update_date,ca_co_id,ca_tc_id) VALUES (300,'Liar''s Pendulum','2015-02-24 16:13:57','2015-02-24 16:13:57',1,1);
INSERT INTO magic_card (ca_id,ca_name,ca_creation_date,ca_last_update_date,ca_co_id,ca_tc_id) VALUES (301,'Library of Leng','2015-02-24 16:13:57','2015-02-24 16:13:57',1,1);
INSERT INTO magic_card (ca_id,ca_name,ca_creation_date,ca_last_update_date,ca_co_id,ca_tc_id) VALUES (302,'Lifeforce','2015-02-24 16:13:57','2015-02-24 16:13:57',7,6);
INSERT INTO magic_card (ca_id,ca_name,ca_creation_date,ca_last_update_date,ca_co_id,ca_tc_id) VALUES (303,'Lifelace','2015-02-24 16:13:57','2015-02-24 16:13:57',7,3);
INSERT INTO magic_card (ca_id,ca_name,ca_creation_date,ca_last_update_date,ca_co_id,ca_tc_id) VALUES (304,'Lifespark Spellbomb','2015-02-24 16:13:57','2015-02-24 16:13:57',1,1);
INSERT INTO magic_card (ca_id,ca_name,ca_creation_date,ca_last_update_date,ca_co_id,ca_tc_id) VALUES (305,'Lifetap','2015-02-24 16:13:57','2015-02-24 16:13:57',3,6);
INSERT INTO magic_card (ca_id,ca_name,ca_creation_date,ca_last_update_date,ca_co_id,ca_tc_id) VALUES (306,'Lightning Bolt','2015-02-24 16:13:57','2015-02-24 16:13:57',5,3);
INSERT INTO magic_card (ca_id,ca_name,ca_creation_date,ca_last_update_date,ca_co_id,ca_tc_id) VALUES (307,'Lightning Coils','2015-02-24 16:13:57','2015-02-24 16:13:57',1,1);
INSERT INTO magic_card (ca_id,ca_name,ca_creation_date,ca_last_update_date,ca_co_id,ca_tc_id) VALUES (308,'Lightning Greaves','2015-02-24 16:13:57','2015-02-24 16:13:57',1,1);
INSERT INTO magic_card (ca_id,ca_name,ca_creation_date,ca_last_update_date,ca_co_id,ca_tc_id) VALUES (309,'Living Artifact','2015-02-24 16:13:57','2015-02-24 16:13:57',7,6);
INSERT INTO magic_card (ca_id,ca_name,ca_creation_date,ca_last_update_date,ca_co_id,ca_tc_id) VALUES (310,'Living Hive','2015-02-24 16:13:57','2015-02-24 16:13:57',7,2);
INSERT INTO magic_card (ca_id,ca_name,ca_creation_date,ca_last_update_date,ca_co_id,ca_tc_id) VALUES (311,'Living Lands','2015-02-24 16:13:57','2015-02-24 16:13:57',7,6);
INSERT INTO magic_card (ca_id,ca_name,ca_creation_date,ca_last_update_date,ca_co_id,ca_tc_id) VALUES (312,'Llanowar Elves','2015-02-24 16:13:57','2015-02-24 16:13:57',7,2);
INSERT INTO magic_card (ca_id,ca_name,ca_creation_date,ca_last_update_date,ca_co_id,ca_tc_id) VALUES (313,'Lodestone Myr','2015-02-24 16:13:57','2015-02-24 16:13:57',1,4);
INSERT INTO magic_card (ca_id,ca_name,ca_creation_date,ca_last_update_date,ca_co_id,ca_tc_id) VALUES (314,'Looming Hoverguard','2015-02-24 16:13:57','2015-02-24 16:13:57',3,2);
INSERT INTO magic_card (ca_id,ca_name,ca_creation_date,ca_last_update_date,ca_co_id,ca_tc_id) VALUES (315,'Lord of Atlantis','2015-02-24 16:13:57','2015-02-24 16:13:57',3,2);
INSERT INTO magic_card (ca_id,ca_name,ca_creation_date,ca_last_update_date,ca_co_id,ca_tc_id) VALUES (316,'Lord of the Pit','2015-02-24 16:13:57','2015-02-24 16:13:57',2,2);
INSERT INTO magic_card (ca_id,ca_name,ca_creation_date,ca_last_update_date,ca_co_id,ca_tc_id) VALUES (317,'Lost Soul','2015-02-24 16:13:57','2015-02-24 16:13:57',2,2);
INSERT INTO magic_card (ca_id,ca_name,ca_creation_date,ca_last_update_date,ca_co_id,ca_tc_id) VALUES (318,'Loxodon Mender','2015-02-24 16:13:57','2015-02-24 16:13:57',4,2);
INSERT INTO magic_card (ca_id,ca_name,ca_creation_date,ca_last_update_date,ca_co_id,ca_tc_id) VALUES (319,'Loxodon Peacekeeper','2015-02-24 16:13:57','2015-02-24 16:13:57',4,2);
INSERT INTO magic_card (ca_id,ca_name,ca_creation_date,ca_last_update_date,ca_co_id,ca_tc_id) VALUES (320,'Loxodon Punisher','2015-02-24 16:13:57','2015-02-24 16:13:57',4,2);
INSERT INTO magic_card (ca_id,ca_name,ca_creation_date,ca_last_update_date,ca_co_id,ca_tc_id) VALUES (321,'Loxodon Warhammer','2015-02-24 16:13:57','2015-02-24 16:13:57',1,1);
INSERT INTO magic_card (ca_id,ca_name,ca_creation_date,ca_last_update_date,ca_co_id,ca_tc_id) VALUES (322,'Lumengrid Augur','2015-02-24 16:13:57','2015-02-24 16:13:57',3,2);
INSERT INTO magic_card (ca_id,ca_name,ca_creation_date,ca_last_update_date,ca_co_id,ca_tc_id) VALUES (323,'Lumengrid Sentinel','2015-02-24 16:13:57','2015-02-24 16:13:57',3,2);
INSERT INTO magic_card (ca_id,ca_name,ca_creation_date,ca_last_update_date,ca_co_id,ca_tc_id) VALUES (324,'Lumengrid Warden','2015-02-24 16:13:57','2015-02-24 16:13:57',3,2);
INSERT INTO magic_card (ca_id,ca_name,ca_creation_date,ca_last_update_date,ca_co_id,ca_tc_id) VALUES (325,'Luminous Angel','2015-02-24 16:13:57','2015-02-24 16:13:57',4,2);
INSERT INTO magic_card (ca_id,ca_name,ca_creation_date,ca_last_update_date,ca_co_id,ca_tc_id) VALUES (326,'Lure','2015-02-24 16:13:57','2015-02-24 16:13:57',7,6);
INSERT INTO magic_card (ca_id,ca_name,ca_creation_date,ca_last_update_date,ca_co_id,ca_tc_id) VALUES (327,'Magical Hack','2015-02-24 16:13:57','2015-02-24 16:13:57',3,3);
INSERT INTO magic_card (ca_id,ca_name,ca_creation_date,ca_last_update_date,ca_co_id,ca_tc_id) VALUES (328,'Magnetic Mountain','2015-02-24 16:13:57','2015-02-24 16:13:57',5,6);
INSERT INTO magic_card (ca_id,ca_name,ca_creation_date,ca_last_update_date,ca_co_id,ca_tc_id) VALUES (329,'Mahamoti Djinn','2015-02-24 16:13:57','2015-02-24 16:13:57',3,2);
INSERT INTO magic_card (ca_id,ca_name,ca_creation_date,ca_last_update_date,ca_co_id,ca_tc_id) VALUES (330,'Malachite Golem','2015-02-24 16:13:57','2015-02-24 16:13:57',1,4);
INSERT INTO magic_card (ca_id,ca_name,ca_creation_date,ca_last_update_date,ca_co_id,ca_tc_id) VALUES (331,'Mana Clash','2015-02-24 16:13:57','2015-02-24 16:13:57',5,7);
INSERT INTO magic_card (ca_id,ca_name,ca_creation_date,ca_last_update_date,ca_co_id,ca_tc_id) VALUES (332,'Mana Flare','2015-02-24 16:13:57','2015-02-24 16:13:57',5,6);
INSERT INTO magic_card (ca_id,ca_name,ca_creation_date,ca_last_update_date,ca_co_id,ca_tc_id) VALUES (333,'Mana Short','2015-02-24 16:13:57','2015-02-24 16:13:57',3,3);
INSERT INTO magic_card (ca_id,ca_name,ca_creation_date,ca_last_update_date,ca_co_id,ca_tc_id) VALUES (334,'Mana Vault','2015-02-24 16:13:57','2015-02-24 16:13:57',1,1);
INSERT INTO magic_card (ca_id,ca_name,ca_creation_date,ca_last_update_date,ca_co_id,ca_tc_id) VALUES (335,'Manabarbs','2015-02-24 16:13:57','2015-02-24 16:13:57',5,6);
INSERT INTO magic_card (ca_id,ca_name,ca_creation_date,ca_last_update_date,ca_co_id,ca_tc_id) VALUES (336,'March of the Machines','2015-02-24 16:13:57','2015-02-24 16:13:57',3,6);
INSERT INTO magic_card (ca_id,ca_name,ca_creation_date,ca_last_update_date,ca_co_id,ca_tc_id) VALUES (337,'Marsh Gas','2015-02-24 16:13:57','2015-02-24 16:13:57',2,3);
INSERT INTO magic_card (ca_id,ca_name,ca_creation_date,ca_last_update_date,ca_co_id,ca_tc_id) VALUES (338,'Marsh Viper','2015-02-24 16:13:57','2015-02-24 16:13:57',7,2);
INSERT INTO magic_card (ca_id,ca_name,ca_creation_date,ca_last_update_date,ca_co_id,ca_tc_id) VALUES (339,'Mask of Memory','2015-02-24 16:13:57','2015-02-24 16:13:57',1,1);
INSERT INTO magic_card (ca_id,ca_name,ca_creation_date,ca_last_update_date,ca_co_id,ca_tc_id) VALUES (340,'Mass Hysteria','2015-02-24 16:13:57','2015-02-24 16:13:57',5,6);
INSERT INTO magic_card (ca_id,ca_name,ca_creation_date,ca_last_update_date,ca_co_id,ca_tc_id) VALUES (341,'Meekstone','2015-02-24 16:13:57','2015-02-24 16:13:57',1,1);
INSERT INTO magic_card (ca_id,ca_name,ca_creation_date,ca_last_update_date,ca_co_id,ca_tc_id) VALUES (342,'Megatog','2015-02-24 16:13:57','2015-02-24 16:13:57',5,2);
INSERT INTO magic_card (ca_id,ca_name,ca_creation_date,ca_last_update_date,ca_co_id,ca_tc_id) VALUES (343,'Merfolk of the Pearl Trident','2015-02-24 16:13:57','2015-02-24 16:13:57',3,2);
INSERT INTO magic_card (ca_id,ca_name,ca_creation_date,ca_last_update_date,ca_co_id,ca_tc_id) VALUES (344,'Mesa Pegasus','2015-02-24 16:13:57','2015-02-24 16:13:57',4,2);
INSERT INTO magic_card (ca_id,ca_name,ca_creation_date,ca_last_update_date,ca_co_id,ca_tc_id) VALUES (345,'Mesmeric Orb','2015-02-24 16:13:57','2015-02-24 16:13:57',1,1);
INSERT INTO magic_card (ca_id,ca_name,ca_creation_date,ca_last_update_date,ca_co_id,ca_tc_id) VALUES (346,'Millstone','2015-02-24 16:13:57','2015-02-24 16:13:57',1,1);
INSERT INTO magic_card (ca_id,ca_name,ca_creation_date,ca_last_update_date,ca_co_id,ca_tc_id) VALUES (347,'Mind Bomb','2015-02-24 16:13:57','2015-02-24 16:13:57',3,7);
INSERT INTO magic_card (ca_id,ca_name,ca_creation_date,ca_last_update_date,ca_co_id,ca_tc_id) VALUES (348,'Mind Twist','2015-02-24 16:13:57','2015-02-24 16:13:57',2,7);
INSERT INTO magic_card (ca_id,ca_name,ca_creation_date,ca_last_update_date,ca_co_id,ca_tc_id) VALUES (349,'Mind''s Eye','2015-02-24 16:13:57','2015-02-24 16:13:57',1,1);
INSERT INTO magic_card (ca_id,ca_name,ca_creation_date,ca_last_update_date,ca_co_id,ca_tc_id) VALUES (350,'Mindslaver','2015-02-24 16:13:57','2015-02-24 16:13:57',1,12);
INSERT INTO magic_card (ca_id,ca_name,ca_creation_date,ca_last_update_date,ca_co_id,ca_tc_id) VALUES (351,'Mindstorm Crown','2015-02-24 16:13:57','2015-02-24 16:13:57',1,1);
INSERT INTO magic_card (ca_id,ca_name,ca_creation_date,ca_last_update_date,ca_co_id,ca_tc_id) VALUES (352,'Mirror Golem','2015-02-24 16:13:57','2015-02-24 16:13:57',1,4);
INSERT INTO magic_card (ca_id,ca_name,ca_creation_date,ca_last_update_date,ca_co_id,ca_tc_id) VALUES (353,'Mishra''s Factory','2015-02-24 16:13:57','2015-02-24 16:13:57',6,8);
INSERT INTO magic_card (ca_id,ca_name,ca_creation_date,ca_last_update_date,ca_co_id,ca_tc_id) VALUES (354,'Mishra''s War Machine','2015-02-24 16:13:57','2015-02-24 16:13:57',1,4);
INSERT INTO magic_card (ca_id,ca_name,ca_creation_date,ca_last_update_date,ca_co_id,ca_tc_id) VALUES (355,'Molder Slug','2015-02-24 16:13:57','2015-02-24 16:13:57',7,2);
INSERT INTO magic_card (ca_id,ca_name,ca_creation_date,ca_last_update_date,ca_co_id,ca_tc_id) VALUES (356,'Molten Rain','2015-02-24 16:13:57','2015-02-24 16:13:57',5,7);
INSERT INTO magic_card (ca_id,ca_name,ca_creation_date,ca_last_update_date,ca_co_id,ca_tc_id) VALUES (357,'Mons''s Goblin Raiders','2015-02-24 16:13:57','2015-02-24 16:13:57',5,2);
INSERT INTO magic_card (ca_id,ca_name,ca_creation_date,ca_last_update_date,ca_co_id,ca_tc_id) VALUES (358,'Morale','2015-02-24 16:13:57','2015-02-24 16:13:57',4,3);
INSERT INTO magic_card (ca_id,ca_name,ca_creation_date,ca_last_update_date,ca_co_id,ca_tc_id) VALUES (359,'Moriok Scavenger','2015-02-24 16:13:57','2015-02-24 16:13:57',2,2);
INSERT INTO magic_card (ca_id,ca_name,ca_creation_date,ca_last_update_date,ca_co_id,ca_tc_id) VALUES (360,'Mountain','2015-02-24 16:13:57','2015-02-24 16:13:57',6,10);
INSERT INTO magic_card (ca_id,ca_name,ca_creation_date,ca_last_update_date,ca_co_id,ca_tc_id) VALUES (361,'Mourner''s Shield','2015-02-24 16:13:57','2015-02-24 16:13:57',1,1);
INSERT INTO magic_card (ca_id,ca_name,ca_creation_date,ca_last_update_date,ca_co_id,ca_tc_id) VALUES (362,'Murk Dwellers','2015-02-24 16:13:57','2015-02-24 16:13:57',2,2);
INSERT INTO magic_card (ca_id,ca_name,ca_creation_date,ca_last_update_date,ca_co_id,ca_tc_id) VALUES (363,'Myr Adapter','2015-02-24 16:13:57','2015-02-24 16:13:57',1,4);
INSERT INTO magic_card (ca_id,ca_name,ca_creation_date,ca_last_update_date,ca_co_id,ca_tc_id) VALUES (364,'Myr Enforcer','2015-02-24 16:13:57','2015-02-24 16:13:57',1,4);
INSERT INTO magic_card (ca_id,ca_name,ca_creation_date,ca_last_update_date,ca_co_id,ca_tc_id) VALUES (365,'Myr Incubator','2015-02-24 16:13:57','2015-02-24 16:13:57',1,1);
INSERT INTO magic_card (ca_id,ca_name,ca_creation_date,ca_last_update_date,ca_co_id,ca_tc_id) VALUES (366,'Myr Mindservant','2015-02-24 16:13:57','2015-02-24 16:13:57',1,4);
INSERT INTO magic_card (ca_id,ca_name,ca_creation_date,ca_last_update_date,ca_co_id,ca_tc_id) VALUES (367,'Myr Prototype','2015-02-24 16:13:57','2015-02-24 16:13:57',1,4);
INSERT INTO magic_card (ca_id,ca_name,ca_creation_date,ca_last_update_date,ca_co_id,ca_tc_id) VALUES (368,'Myr Retriever','2015-02-24 16:13:57','2015-02-24 16:13:57',1,4);
INSERT INTO magic_card (ca_id,ca_name,ca_creation_date,ca_last_update_date,ca_co_id,ca_tc_id) VALUES (369,'Nafs Asp','2015-02-24 16:13:57','2015-02-24 16:13:57',7,2);
INSERT INTO magic_card (ca_id,ca_name,ca_creation_date,ca_last_update_date,ca_co_id,ca_tc_id) VALUES (370,'Necrogen Mists','2015-02-24 16:13:57','2015-02-24 16:13:57',2,6);
INSERT INTO magic_card (ca_id,ca_name,ca_creation_date,ca_last_update_date,ca_co_id,ca_tc_id) VALUES (371,'Necrogen Spellbomb','2015-02-24 16:13:57','2015-02-24 16:13:57',1,1);
INSERT INTO magic_card (ca_id,ca_name,ca_creation_date,ca_last_update_date,ca_co_id,ca_tc_id) VALUES (372,'Needlebug','2015-02-24 16:13:57','2015-02-24 16:13:57',1,4);
INSERT INTO magic_card (ca_id,ca_name,ca_creation_date,ca_last_update_date,ca_co_id,ca_tc_id) VALUES (373,'Nether Shadow','2015-02-24 16:13:57','2015-02-24 16:13:57',2,2);
INSERT INTO magic_card (ca_id,ca_name,ca_creation_date,ca_last_update_date,ca_co_id,ca_tc_id) VALUES (374,'Neurok Familiar','2015-02-24 16:13:57','2015-02-24 16:13:57',3,2);
INSERT INTO magic_card (ca_id,ca_name,ca_creation_date,ca_last_update_date,ca_co_id,ca_tc_id) VALUES (375,'Neurok Hoversail','2015-02-24 16:13:57','2015-02-24 16:13:57',1,1);
INSERT INTO magic_card (ca_id,ca_name,ca_creation_date,ca_last_update_date,ca_co_id,ca_tc_id) VALUES (376,'Neurok Spy','2015-02-24 16:13:57','2015-02-24 16:13:57',3,2);
INSERT INTO magic_card (ca_id,ca_name,ca_creation_date,ca_last_update_date,ca_co_id,ca_tc_id) VALUES (377,'Nevinyrral''s Disk','2015-02-24 16:13:57','2015-02-24 16:13:57',1,1);
INSERT INTO magic_card (ca_id,ca_name,ca_creation_date,ca_last_update_date,ca_co_id,ca_tc_id) VALUES (378,'Nightmare','2015-02-24 16:13:57','2015-02-24 16:13:57',2,2);
INSERT INTO magic_card (ca_id,ca_name,ca_creation_date,ca_last_update_date,ca_co_id,ca_tc_id) VALUES (379,'Nightmare Lash','2015-02-24 16:13:57','2015-02-24 16:13:57',1,1);
INSERT INTO magic_card (ca_id,ca_name,ca_creation_date,ca_last_update_date,ca_co_id,ca_tc_id) VALUES (380,'Nim Devourer','2015-02-24 16:13:57','2015-02-24 16:13:57',2,2);
INSERT INTO magic_card (ca_id,ca_name,ca_creation_date,ca_last_update_date,ca_co_id,ca_tc_id) VALUES (381,'Nim Lasher','2015-02-24 16:13:57','2015-02-24 16:13:57',2,2);
INSERT INTO magic_card (ca_id,ca_name,ca_creation_date,ca_last_update_date,ca_co_id,ca_tc_id) VALUES (382,'Nim Replica','2015-02-24 16:13:57','2015-02-24 16:13:57',1,4);
INSERT INTO magic_card (ca_id,ca_name,ca_creation_date,ca_last_update_date,ca_co_id,ca_tc_id) VALUES (383,'Nim Shambler','2015-02-24 16:13:57','2015-02-24 16:13:57',2,2);
INSERT INTO magic_card (ca_id,ca_name,ca_creation_date,ca_last_update_date,ca_co_id,ca_tc_id) VALUES (384,'Nim Shrieker','2015-02-24 16:13:57','2015-02-24 16:13:57',2,2);
INSERT INTO magic_card (ca_id,ca_name,ca_creation_date,ca_last_update_date,ca_co_id,ca_tc_id) VALUES (385,'Northern Paladin','2015-02-24 16:13:57','2015-02-24 16:13:57',4,2);
INSERT INTO magic_card (ca_id,ca_name,ca_creation_date,ca_last_update_date,ca_co_id,ca_tc_id) VALUES (386,'Nuisance Engine','2015-02-24 16:13:57','2015-02-24 16:13:57',1,1);
INSERT INTO magic_card (ca_id,ca_name,ca_creation_date,ca_last_update_date,ca_co_id,ca_tc_id) VALUES (387,'Oasis','2015-02-24 16:13:57','2015-02-24 16:13:57',6,8);
INSERT INTO magic_card (ca_id,ca_name,ca_creation_date,ca_last_update_date,ca_co_id,ca_tc_id) VALUES (388,'Oblivion Stone','2015-02-24 16:13:57','2015-02-24 16:13:57',1,1);
INSERT INTO magic_card (ca_id,ca_name,ca_creation_date,ca_last_update_date,ca_co_id,ca_tc_id) VALUES (389,'Obsianus Golem','2015-02-24 16:13:57','2015-02-24 16:13:57',1,4);
INSERT INTO magic_card (ca_id,ca_name,ca_creation_date,ca_last_update_date,ca_co_id,ca_tc_id) VALUES (390,'Ogre Leadfoot','2015-02-24 16:13:57','2015-02-24 16:13:57',5,2);
INSERT INTO magic_card (ca_id,ca_name,ca_creation_date,ca_last_update_date,ca_co_id,ca_tc_id) VALUES (391,'Omega Myr','2015-02-24 16:13:57','2015-02-24 16:13:57',1,4);
INSERT INTO magic_card (ca_id,ca_name,ca_creation_date,ca_last_update_date,ca_co_id,ca_tc_id) VALUES (392,'One Dozen Eyes','2015-02-24 16:13:57','2015-02-24 16:13:57',7,7);
INSERT INTO magic_card (ca_id,ca_name,ca_creation_date,ca_last_update_date,ca_co_id,ca_tc_id) VALUES (393,'Onulet','2015-02-24 16:13:57','2015-02-24 16:13:57',1,4);
INSERT INTO magic_card (ca_id,ca_name,ca_creation_date,ca_last_update_date,ca_co_id,ca_tc_id) VALUES (394,'Orcish Artillery','2015-02-24 16:13:57','2015-02-24 16:13:57',5,2);
INSERT INTO magic_card (ca_id,ca_name,ca_creation_date,ca_last_update_date,ca_co_id,ca_tc_id) VALUES (395,'Orcish Oriflamme','2015-02-24 16:13:57','2015-02-24 16:13:57',5,6);
INSERT INTO magic_card (ca_id,ca_name,ca_creation_date,ca_last_update_date,ca_co_id,ca_tc_id) VALUES (396,'Ornithopter','2015-02-24 16:13:57','2015-02-24 16:13:57',1,4);
INSERT INTO magic_card (ca_id,ca_name,ca_creation_date,ca_last_update_date,ca_co_id,ca_tc_id) VALUES (397,'Osai Vultures','2015-02-24 16:13:57','2015-02-24 16:13:57',4,2);
INSERT INTO magic_card (ca_id,ca_name,ca_creation_date,ca_last_update_date,ca_co_id,ca_tc_id) VALUES (398,'Override','2015-02-24 16:13:57','2015-02-24 16:13:57',3,3);
INSERT INTO magic_card (ca_id,ca_name,ca_creation_date,ca_last_update_date,ca_co_id,ca_tc_id) VALUES (399,'Paralyze','2015-02-24 16:13:57','2015-02-24 16:13:57',2,6);
INSERT INTO magic_card (ca_id,ca_name,ca_creation_date,ca_last_update_date,ca_co_id,ca_tc_id) VALUES (400,'Pearl Shard','2015-02-24 16:13:57','2015-02-24 16:13:57',1,1);
INSERT INTO magic_card (ca_id,ca_name,ca_creation_date,ca_last_update_date,ca_co_id,ca_tc_id) VALUES (401,'Pearled Unicorn','2015-02-24 16:13:57','2015-02-24 16:13:57',4,2);
INSERT INTO magic_card (ca_id,ca_name,ca_creation_date,ca_last_update_date,ca_co_id,ca_tc_id) VALUES (402,'Pentavus','2015-02-24 16:13:57','2015-02-24 16:13:57',1,4);
INSERT INTO magic_card (ca_id,ca_name,ca_creation_date,ca_last_update_date,ca_co_id,ca_tc_id) VALUES (403,'Personal Incarnation','2015-02-24 16:13:57','2015-02-24 16:13:57',4,2);
INSERT INTO magic_card (ca_id,ca_name,ca_creation_date,ca_last_update_date,ca_co_id,ca_tc_id) VALUES (404,'Pestilence','2015-02-24 16:13:57','2015-02-24 16:13:57',2,6);
INSERT INTO magic_card (ca_id,ca_name,ca_creation_date,ca_last_update_date,ca_co_id,ca_tc_id) VALUES (405,'Pewter Golem','2015-02-24 16:13:57','2015-02-24 16:13:57',1,4);
INSERT INTO magic_card (ca_id,ca_name,ca_creation_date,ca_last_update_date,ca_co_id,ca_tc_id) VALUES (406,'Phantasmal Forces','2015-02-24 16:13:57','2015-02-24 16:13:57',3,2);
INSERT INTO magic_card (ca_id,ca_name,ca_creation_date,ca_last_update_date,ca_co_id,ca_tc_id) VALUES (407,'Phantasmal Terrain','2015-02-24 16:13:57','2015-02-24 16:13:57',3,6);
INSERT INTO magic_card (ca_id,ca_name,ca_creation_date,ca_last_update_date,ca_co_id,ca_tc_id) VALUES (408,'Phantom Monster','2015-02-24 16:13:57','2015-02-24 16:13:57',3,2);
INSERT INTO magic_card (ca_id,ca_name,ca_creation_date,ca_last_update_date,ca_co_id,ca_tc_id) VALUES (409,'Piety','2015-02-24 16:13:57','2015-02-24 16:13:57',4,3);
INSERT INTO magic_card (ca_id,ca_name,ca_creation_date,ca_last_update_date,ca_co_id,ca_tc_id) VALUES (410,'Pikemen','2015-02-24 16:13:57','2015-02-24 16:13:57',4,2);
INSERT INTO magic_card (ca_id,ca_name,ca_creation_date,ca_last_update_date,ca_co_id,ca_tc_id) VALUES (411,'Pirate Ship','2015-02-24 16:13:57','2015-02-24 16:13:57',3,2);
INSERT INTO magic_card (ca_id,ca_name,ca_creation_date,ca_last_update_date,ca_co_id,ca_tc_id) VALUES (412,'Pit Scorpion','2015-02-24 16:13:57','2015-02-24 16:13:57',2,2);
INSERT INTO magic_card (ca_id,ca_name,ca_creation_date,ca_last_update_date,ca_co_id,ca_tc_id) VALUES (413,'Plague Rats','2015-02-24 16:13:57','2015-02-24 16:13:57',2,2);
INSERT INTO magic_card (ca_id,ca_name,ca_creation_date,ca_last_update_date,ca_co_id,ca_tc_id) VALUES (414,'Plains','2015-02-24 16:13:57','2015-02-24 16:13:57',6,10);
INSERT INTO magic_card (ca_id,ca_name,ca_creation_date,ca_last_update_date,ca_co_id,ca_tc_id) VALUES (415,'Plated Slagwurm','2015-02-24 16:13:57','2015-02-24 16:13:57',7,2);
INSERT INTO magic_card (ca_id,ca_name,ca_creation_date,ca_last_update_date,ca_co_id,ca_tc_id) VALUES (416,'Platinum Angel','2015-02-24 16:13:57','2015-02-24 16:13:57',1,4);
INSERT INTO magic_card (ca_id,ca_name,ca_creation_date,ca_last_update_date,ca_co_id,ca_tc_id) VALUES (417,'Power Conduit','2015-02-24 16:13:57','2015-02-24 16:13:57',1,1);
INSERT INTO magic_card (ca_id,ca_name,ca_creation_date,ca_last_update_date,ca_co_id,ca_tc_id) VALUES (418,'Power Leak','2015-02-24 16:13:57','2015-02-24 16:13:57',3,6);
INSERT INTO magic_card (ca_id,ca_name,ca_creation_date,ca_last_update_date,ca_co_id,ca_tc_id) VALUES (419,'Power Sink','2015-02-24 16:13:57','2015-02-24 16:13:57',3,3);
INSERT INTO magic_card (ca_id,ca_name,ca_creation_date,ca_last_update_date,ca_co_id,ca_tc_id) VALUES (420,'Power Surge','2015-02-24 16:13:57','2015-02-24 16:13:57',5,6);
INSERT INTO magic_card (ca_id,ca_name,ca_creation_date,ca_last_update_date,ca_co_id,ca_tc_id) VALUES (421,'Pradesh Gypsies','2015-02-24 16:13:57','2015-02-24 16:13:57',7,2);
INSERT INTO magic_card (ca_id,ca_name,ca_creation_date,ca_last_update_date,ca_co_id,ca_tc_id) VALUES (422,'Predator''s Strike','2015-02-24 16:13:57','2015-02-24 16:13:57',7,3);
INSERT INTO magic_card (ca_id,ca_name,ca_creation_date,ca_last_update_date,ca_co_id,ca_tc_id) VALUES (423,'Primal Clay','2015-02-24 16:13:57','2015-02-24 16:13:57',1,4);
INSERT INTO magic_card (ca_id,ca_name,ca_creation_date,ca_last_update_date,ca_co_id,ca_tc_id) VALUES (424,'Prodigal Sorcerer','2015-02-24 16:13:57','2015-02-24 16:13:57',3,2);
INSERT INTO magic_card (ca_id,ca_name,ca_creation_date,ca_last_update_date,ca_co_id,ca_tc_id) VALUES (425,'Promise of Power','2015-02-24 16:13:57','2015-02-24 16:13:57',2,7);
INSERT INTO magic_card (ca_id,ca_name,ca_creation_date,ca_last_update_date,ca_co_id,ca_tc_id) VALUES (426,'Proteus Staff','2015-02-24 16:13:57','2015-02-24 16:13:57',1,1);
INSERT INTO magic_card (ca_id,ca_name,ca_creation_date,ca_last_update_date,ca_co_id,ca_tc_id) VALUES (427,'Psionic Entity','2015-02-24 16:13:57','2015-02-24 16:13:57',3,2);
INSERT INTO magic_card (ca_id,ca_name,ca_creation_date,ca_last_update_date,ca_co_id,ca_tc_id) VALUES (428,'Psychic Membrane','2015-02-24 16:13:57','2015-02-24 16:13:57',3,2);
INSERT INTO magic_card (ca_id,ca_name,ca_creation_date,ca_last_update_date,ca_co_id,ca_tc_id) VALUES (429,'Psychic Venom','2015-02-24 16:13:57','2015-02-24 16:13:57',3,6);
INSERT INTO magic_card (ca_id,ca_name,ca_creation_date,ca_last_update_date,ca_co_id,ca_tc_id) VALUES (430,'Psychogenic Probe','2015-02-24 16:13:57','2015-02-24 16:13:57',1,1);
INSERT INTO magic_card (ca_id,ca_name,ca_creation_date,ca_last_update_date,ca_co_id,ca_tc_id) VALUES (431,'Purelace','2015-02-24 16:13:57','2015-02-24 16:13:57',4,3);
INSERT INTO magic_card (ca_id,ca_name,ca_creation_date,ca_last_update_date,ca_co_id,ca_tc_id) VALUES (432,'Pyrite Spellbomb','2015-02-24 16:13:57','2015-02-24 16:13:57',1,1);
INSERT INTO magic_card (ca_id,ca_name,ca_creation_date,ca_last_update_date,ca_co_id,ca_tc_id) VALUES (433,'Pyrotechnics','2015-02-24 16:13:57','2015-02-24 16:13:57',5,7);
INSERT INTO magic_card (ca_id,ca_name,ca_creation_date,ca_last_update_date,ca_co_id,ca_tc_id) VALUES (434,'Quicksilver Elemental','2015-02-24 16:13:57','2015-02-24 16:13:57',3,2);
INSERT INTO magic_card (ca_id,ca_name,ca_creation_date,ca_last_update_date,ca_co_id,ca_tc_id) VALUES (435,'Quicksilver Fountain','2015-02-24 16:13:57','2015-02-24 16:13:57',1,1);
INSERT INTO magic_card (ca_id,ca_name,ca_creation_date,ca_last_update_date,ca_co_id,ca_tc_id) VALUES (436,'Radjan Spirit','2015-02-24 16:13:57','2015-02-24 16:13:57',7,2);
INSERT INTO magic_card (ca_id,ca_name,ca_creation_date,ca_last_update_date,ca_co_id,ca_tc_id) VALUES (437,'Rag Man','2015-02-24 16:13:57','2015-02-24 16:13:57',2,2);
INSERT INTO magic_card (ca_id,ca_name,ca_creation_date,ca_last_update_date,ca_co_id,ca_tc_id) VALUES (438,'Raise Dead','2015-02-24 16:13:57','2015-02-24 16:13:57',2,7);
INSERT INTO magic_card (ca_id,ca_name,ca_creation_date,ca_last_update_date,ca_co_id,ca_tc_id) VALUES (439,'Raise the Alarm','2015-02-24 16:13:57','2015-02-24 16:13:57',4,3);
INSERT INTO magic_card (ca_id,ca_name,ca_creation_date,ca_last_update_date,ca_co_id,ca_tc_id) VALUES (440,'Razor Barrier','2015-02-24 16:13:57','2015-02-24 16:13:57',4,3);
INSERT INTO magic_card (ca_id,ca_name,ca_creation_date,ca_last_update_date,ca_co_id,ca_tc_id) VALUES (441,'Rebirth','2015-02-24 16:13:57','2015-02-24 16:13:57',7,7);
INSERT INTO magic_card (ca_id,ca_name,ca_creation_date,ca_last_update_date,ca_co_id,ca_tc_id) VALUES (442,'Red Elemental Blast','2015-02-24 16:13:57','2015-02-24 16:13:57',5,3);
INSERT INTO magic_card (ca_id,ca_name,ca_creation_date,ca_last_update_date,ca_co_id,ca_tc_id) VALUES (443,'Red Mana Battery','2015-02-24 16:13:57','2015-02-24 16:13:57',1,1);
INSERT INTO magic_card (ca_id,ca_name,ca_creation_date,ca_last_update_date,ca_co_id,ca_tc_id) VALUES (444,'Red Ward','2015-02-24 16:13:57','2015-02-24 16:13:57',4,6);
INSERT INTO magic_card (ca_id,ca_name,ca_creation_date,ca_last_update_date,ca_co_id,ca_tc_id) VALUES (445,'Regeneration','2015-02-24 16:13:57','2015-02-24 16:13:57',7,6);
INSERT INTO magic_card (ca_id,ca_name,ca_creation_date,ca_last_update_date,ca_co_id,ca_tc_id) VALUES (446,'Regress','2015-02-24 16:13:57','2015-02-24 16:13:57',3,3);
INSERT INTO magic_card (ca_id,ca_name,ca_creation_date,ca_last_update_date,ca_co_id,ca_tc_id) VALUES (447,'Reiver Demon','2015-02-24 16:13:57','2015-02-24 16:13:57',2,2);
INSERT INTO magic_card (ca_id,ca_name,ca_creation_date,ca_last_update_date,ca_co_id,ca_tc_id) VALUES (448,'Relic Bane','2015-02-24 16:13:57','2015-02-24 16:13:57',2,6);
INSERT INTO magic_card (ca_id,ca_name,ca_creation_date,ca_last_update_date,ca_co_id,ca_tc_id) VALUES (449,'Relic Bind','2015-02-24 16:13:57','2015-02-24 16:13:57',3,6);
INSERT INTO magic_card (ca_id,ca_name,ca_creation_date,ca_last_update_date,ca_co_id,ca_tc_id) VALUES (450,'Reverse Damage','2015-02-24 16:13:57','2015-02-24 16:13:57',4,3);
INSERT INTO magic_card (ca_id,ca_name,ca_creation_date,ca_last_update_date,ca_co_id,ca_tc_id) VALUES (451,'Righteousness','2015-02-24 16:13:57','2015-02-24 16:13:57',4,3);
INSERT INTO magic_card (ca_id,ca_name,ca_creation_date,ca_last_update_date,ca_co_id,ca_tc_id) VALUES (452,'Roar of the Kha','2015-02-24 16:13:57','2015-02-24 16:13:57',4,3);
INSERT INTO magic_card (ca_id,ca_name,ca_creation_date,ca_last_update_date,ca_co_id,ca_tc_id) VALUES (453,'Rod of Ruin','2015-02-24 16:13:57','2015-02-24 16:13:57',1,1);
INSERT INTO magic_card (ca_id,ca_name,ca_creation_date,ca_last_update_date,ca_co_id,ca_tc_id) VALUES (454,'Royal Assassin','2015-02-24 16:13:57','2015-02-24 16:13:57',2,2);
INSERT INTO magic_card (ca_id,ca_name,ca_creation_date,ca_last_update_date,ca_co_id,ca_tc_id) VALUES (455,'Rule of Law','2015-02-24 16:13:57','2015-02-24 16:13:57',4,6);
INSERT INTO magic_card (ca_id,ca_name,ca_creation_date,ca_last_update_date,ca_co_id,ca_tc_id) VALUES (456,'Rust Elemental','2015-02-24 16:13:57','2015-02-24 16:13:57',1,4);
INSERT INTO magic_card (ca_id,ca_name,ca_creation_date,ca_last_update_date,ca_co_id,ca_tc_id) VALUES (457,'Rustmouth Ogre','2015-02-24 16:13:57','2015-02-24 16:13:57',5,2);
INSERT INTO magic_card (ca_id,ca_name,ca_creation_date,ca_last_update_date,ca_co_id,ca_tc_id) VALUES (458,'Rustspore Ram','2015-02-24 16:13:57','2015-02-24 16:13:57',1,4);
INSERT INTO magic_card (ca_id,ca_name,ca_creation_date,ca_last_update_date,ca_co_id,ca_tc_id) VALUES (459,'Samite Healer','2015-02-24 16:13:57','2015-02-24 16:13:57',4,2);
INSERT INTO magic_card (ca_id,ca_name,ca_creation_date,ca_last_update_date,ca_co_id,ca_tc_id) VALUES (460,'Sandstorm','2015-02-24 16:13:57','2015-02-24 16:13:57',7,3);
INSERT INTO magic_card (ca_id,ca_name,ca_creation_date,ca_last_update_date,ca_co_id,ca_tc_id) VALUES (461,'Savannah Lions','2015-02-24 16:13:57','2015-02-24 16:13:57',4,2);
INSERT INTO magic_card (ca_id,ca_name,ca_creation_date,ca_last_update_date,ca_co_id,ca_tc_id) VALUES (462,'Scale of Chiss—Goria','2015-02-24 16:13:57','2015-02-24 16:13:57',1,1);
INSERT INTO magic_card (ca_id,ca_name,ca_creation_date,ca_last_update_date,ca_co_id,ca_tc_id) VALUES (463,'Scathe Zombies','2015-02-24 16:13:57','2015-02-24 16:13:57',2,2);
INSERT INTO magic_card (ca_id,ca_name,ca_creation_date,ca_last_update_date,ca_co_id,ca_tc_id) VALUES (464,'Scavenging Ghoul','2015-02-24 16:13:57','2015-02-24 16:13:57',2,2);
INSERT INTO magic_card (ca_id,ca_name,ca_creation_date,ca_last_update_date,ca_co_id,ca_tc_id) VALUES (465,'Scrabbling Claws','2015-02-24 16:13:57','2015-02-24 16:13:57',1,1);
INSERT INTO magic_card (ca_id,ca_name,ca_creation_date,ca_last_update_date,ca_co_id,ca_tc_id) VALUES (466,'Scryb Sprites','2015-02-24 16:13:57','2015-02-24 16:13:57',7,2);
INSERT INTO magic_card (ca_id,ca_name,ca_creation_date,ca_last_update_date,ca_co_id,ca_tc_id) VALUES (467,'Sculpting Steel','2015-02-24 16:13:57','2015-02-24 16:13:57',1,1);
INSERT INTO magic_card (ca_id,ca_name,ca_creation_date,ca_last_update_date,ca_co_id,ca_tc_id) VALUES (468,'Scythe of the Wretched','2015-02-24 16:13:57','2015-02-24 16:13:57',1,1);
INSERT INTO magic_card (ca_id,ca_name,ca_creation_date,ca_last_update_date,ca_co_id,ca_tc_id) VALUES (469,'Sea Serpent','2015-02-24 16:13:57','2015-02-24 16:13:57',3,2);
INSERT INTO magic_card (ca_id,ca_name,ca_creation_date,ca_last_update_date,ca_co_id,ca_tc_id) VALUES (470,'Seat of the Synod','2015-02-24 16:13:57','2015-02-24 16:13:57',6,5);
INSERT INTO magic_card (ca_id,ca_name,ca_creation_date,ca_last_update_date,ca_co_id,ca_tc_id) VALUES (471,'Second Sunrise','2015-02-24 16:13:57','2015-02-24 16:13:57',4,3);
INSERT INTO magic_card (ca_id,ca_name,ca_creation_date,ca_last_update_date,ca_co_id,ca_tc_id) VALUES (472,'Seeker','2015-02-24 16:13:57','2015-02-24 16:13:57',4,6);
INSERT INTO magic_card (ca_id,ca_name,ca_creation_date,ca_last_update_date,ca_co_id,ca_tc_id) VALUES (473,'Seething Song','2015-02-24 16:13:57','2015-02-24 16:13:57',5,3);
INSERT INTO magic_card (ca_id,ca_name,ca_creation_date,ca_last_update_date,ca_co_id,ca_tc_id) VALUES (474,'Segovian Leviathan','2015-02-24 16:13:57','2015-02-24 16:13:57',3,2);
INSERT INTO magic_card (ca_id,ca_name,ca_creation_date,ca_last_update_date,ca_co_id,ca_tc_id) VALUES (475,'Sengir Vampire','2015-02-24 16:13:57','2015-02-24 16:13:57',2,2);
INSERT INTO magic_card (ca_id,ca_name,ca_creation_date,ca_last_update_date,ca_co_id,ca_tc_id) VALUES (476,'Serra Angel','2015-02-24 16:13:57','2015-02-24 16:13:57',4,2);
INSERT INTO magic_card (ca_id,ca_name,ca_creation_date,ca_last_update_date,ca_co_id,ca_tc_id) VALUES (477,'Serum Tank','2015-02-24 16:13:57','2015-02-24 16:13:57',1,1);
INSERT INTO magic_card (ca_id,ca_name,ca_creation_date,ca_last_update_date,ca_co_id,ca_tc_id) VALUES (478,'Shanodin Dryads','2015-02-24 16:13:57','2015-02-24 16:13:57',7,2);
INSERT INTO magic_card (ca_id,ca_name,ca_creation_date,ca_last_update_date,ca_co_id,ca_tc_id) VALUES (479,'Shapeshifter','2015-02-24 16:13:57','2015-02-24 16:13:57',1,4);
INSERT INTO magic_card (ca_id,ca_name,ca_creation_date,ca_last_update_date,ca_co_id,ca_tc_id) VALUES (480,'Shared Fate','2015-02-24 16:13:57','2015-02-24 16:13:57',3,6);
INSERT INTO magic_card (ca_id,ca_name,ca_creation_date,ca_last_update_date,ca_co_id,ca_tc_id) VALUES (481,'Shatter','2015-02-24 16:13:57','2015-02-24 16:13:57',5,3);
INSERT INTO magic_card (ca_id,ca_name,ca_creation_date,ca_last_update_date,ca_co_id,ca_tc_id) VALUES (482,'Shivan Dragon','2015-02-24 16:13:57','2015-02-24 16:13:57',5,2);
INSERT INTO magic_card (ca_id,ca_name,ca_creation_date,ca_last_update_date,ca_co_id,ca_tc_id) VALUES (483,'Shrapnel Blast','2015-02-24 16:13:57','2015-02-24 16:13:57',5,3);
INSERT INTO magic_card (ca_id,ca_name,ca_creation_date,ca_last_update_date,ca_co_id,ca_tc_id) VALUES (484,'Silver Myr','2015-02-24 16:13:57','2015-02-24 16:13:57',1,4);
INSERT INTO magic_card (ca_id,ca_name,ca_creation_date,ca_last_update_date,ca_co_id,ca_tc_id) VALUES (485,'Simulacrum','2015-02-24 16:13:57','2015-02-24 16:13:57',2,3);
INSERT INTO magic_card (ca_id,ca_name,ca_creation_date,ca_last_update_date,ca_co_id,ca_tc_id) VALUES (486,'Sindbad','2015-02-24 16:13:57','2015-02-24 16:13:57',3,2);
INSERT INTO magic_card (ca_id,ca_name,ca_creation_date,ca_last_update_date,ca_co_id,ca_tc_id) VALUES (487,'Siren''s Call','2015-02-24 16:13:57','2015-02-24 16:13:57',3,3);
INSERT INTO magic_card (ca_id,ca_name,ca_creation_date,ca_last_update_date,ca_co_id,ca_tc_id) VALUES (488,'Sisters of the Flame','2015-02-24 16:13:57','2015-02-24 16:13:57',5,2);
INSERT INTO magic_card (ca_id,ca_name,ca_creation_date,ca_last_update_date,ca_co_id,ca_tc_id) VALUES (489,'Skeleton Shard','2015-02-24 16:13:57','2015-02-24 16:13:57',1,1);
INSERT INTO magic_card (ca_id,ca_name,ca_creation_date,ca_last_update_date,ca_co_id,ca_tc_id) VALUES (490,'Skyhunter Cub','2015-02-24 16:13:57','2015-02-24 16:13:57',4,2);
INSERT INTO magic_card (ca_id,ca_name,ca_creation_date,ca_last_update_date,ca_co_id,ca_tc_id) VALUES (491,'Skyhunter Patrol','2015-02-24 16:13:57','2015-02-24 16:13:57',4,2);
INSERT INTO magic_card (ca_id,ca_name,ca_creation_date,ca_last_update_date,ca_co_id,ca_tc_id) VALUES (492,'Slagwurm Armor','2015-02-24 16:13:57','2015-02-24 16:13:57',1,1);
INSERT INTO magic_card (ca_id,ca_name,ca_creation_date,ca_last_update_date,ca_co_id,ca_tc_id) VALUES (493,'Sleight of Mind','2015-02-24 16:13:57','2015-02-24 16:13:57',3,3);
INSERT INTO magic_card (ca_id,ca_name,ca_creation_date,ca_last_update_date,ca_co_id,ca_tc_id) VALUES (494,'Slith Ascendant','2015-02-24 16:13:57','2015-02-24 16:13:57',4,2);
INSERT INTO magic_card (ca_id,ca_name,ca_creation_date,ca_last_update_date,ca_co_id,ca_tc_id) VALUES (495,'Slith Bloodletter','2015-02-24 16:13:57','2015-02-24 16:13:57',2,2);
INSERT INTO magic_card (ca_id,ca_name,ca_creation_date,ca_last_update_date,ca_co_id,ca_tc_id) VALUES (496,'Slith Firewalker','2015-02-24 16:13:57','2015-02-24 16:13:57',5,2);
INSERT INTO magic_card (ca_id,ca_name,ca_creation_date,ca_last_update_date,ca_co_id,ca_tc_id) VALUES (497,'Slith Predator','2015-02-24 16:13:57','2015-02-24 16:13:57',7,2);
INSERT INTO magic_card (ca_id,ca_name,ca_creation_date,ca_last_update_date,ca_co_id,ca_tc_id) VALUES (498,'Slith Strider','2015-02-24 16:13:57','2015-02-24 16:13:57',3,2);
INSERT INTO magic_card (ca_id,ca_name,ca_creation_date,ca_last_update_date,ca_co_id,ca_tc_id) VALUES (499,'Smoke','2015-02-24 16:13:57','2015-02-24 16:13:57',5,6);
INSERT INTO magic_card (ca_id,ca_name,ca_creation_date,ca_last_update_date,ca_co_id,ca_tc_id) VALUES (500,'Solar Tide','2015-02-24 16:13:57','2015-02-24 16:13:57',4,7);
INSERT INTO magic_card (ca_id,ca_name,ca_creation_date,ca_last_update_date,ca_co_id,ca_tc_id) VALUES (501,'Soldier Replica','2015-02-24 16:13:57','2015-02-24 16:13:57',1,4);
INSERT INTO magic_card (ca_id,ca_name,ca_creation_date,ca_last_update_date,ca_co_id,ca_tc_id) VALUES (502,'Solemn Simulacrum','2015-02-24 16:13:57','2015-02-24 16:13:57',1,4);
INSERT INTO magic_card (ca_id,ca_name,ca_creation_date,ca_last_update_date,ca_co_id,ca_tc_id) VALUES (503,'Somber Hoverguard','2015-02-24 16:13:57','2015-02-24 16:13:57',3,2);
INSERT INTO magic_card (ca_id,ca_name,ca_creation_date,ca_last_update_date,ca_co_id,ca_tc_id) VALUES (504,'Sorceress Queen','2015-02-24 16:13:57','2015-02-24 16:13:57',2,2);
INSERT INTO magic_card (ca_id,ca_name,ca_creation_date,ca_last_update_date,ca_co_id,ca_tc_id) VALUES (505,'Soul Foundry','2015-02-24 16:13:57','2015-02-24 16:13:57',1,1);
INSERT INTO magic_card (ca_id,ca_name,ca_creation_date,ca_last_update_date,ca_co_id,ca_tc_id) VALUES (506,'Soul Net','2015-02-24 16:13:57','2015-02-24 16:13:57',1,1);
INSERT INTO magic_card (ca_id,ca_name,ca_creation_date,ca_last_update_date,ca_co_id,ca_tc_id) VALUES (507,'Soul Nova','2015-02-24 16:13:57','2015-02-24 16:13:57',4,3);
INSERT INTO magic_card (ca_id,ca_name,ca_creation_date,ca_last_update_date,ca_co_id,ca_tc_id) VALUES (508,'Spell Blast','2015-02-24 16:13:57','2015-02-24 16:13:57',3,3);
INSERT INTO magic_card (ca_id,ca_name,ca_creation_date,ca_last_update_date,ca_co_id,ca_tc_id) VALUES (509,'Spellweaver Helix','2015-02-24 16:13:57','2015-02-24 16:13:57',1,1);
INSERT INTO magic_card (ca_id,ca_name,ca_creation_date,ca_last_update_date,ca_co_id,ca_tc_id) VALUES (510,'Sphere of Purity','2015-02-24 16:13:57','2015-02-24 16:13:57',4,6);
INSERT INTO magic_card (ca_id,ca_name,ca_creation_date,ca_last_update_date,ca_co_id,ca_tc_id) VALUES (511,'Spikeshot Goblin','2015-02-24 16:13:57','2015-02-24 16:13:57',5,2);
INSERT INTO magic_card (ca_id,ca_name,ca_creation_date,ca_last_update_date,ca_co_id,ca_tc_id) VALUES (512,'Spirit Link','2015-02-24 16:13:57','2015-02-24 16:13:57',4,6);
INSERT INTO magic_card (ca_id,ca_name,ca_creation_date,ca_last_update_date,ca_co_id,ca_tc_id) VALUES (513,'Spirit Shackle','2015-02-24 16:13:57','2015-02-24 16:13:57',2,6);
INSERT INTO magic_card (ca_id,ca_name,ca_creation_date,ca_last_update_date,ca_co_id,ca_tc_id) VALUES (514,'Spoils of the Vault','2015-02-24 16:13:57','2015-02-24 16:13:57',2,3);
INSERT INTO magic_card (ca_id,ca_name,ca_creation_date,ca_last_update_date,ca_co_id,ca_tc_id) VALUES (515,'Stalking Stones','2015-02-24 16:13:57','2015-02-24 16:13:57',6,8);
INSERT INTO magic_card (ca_id,ca_name,ca_creation_date,ca_last_update_date,ca_co_id,ca_tc_id) VALUES (516,'Stasis','2015-02-24 16:13:57','2015-02-24 16:13:57',3,6);
INSERT INTO magic_card (ca_id,ca_name,ca_creation_date,ca_last_update_date,ca_co_id,ca_tc_id) VALUES (517,'Steal Artifact','2015-02-24 16:13:57','2015-02-24 16:13:57',3,6);
INSERT INTO magic_card (ca_id,ca_name,ca_creation_date,ca_last_update_date,ca_co_id,ca_tc_id) VALUES (518,'Steel Wall','2015-02-24 16:13:57','2015-02-24 16:13:57',1,4);
INSERT INTO magic_card (ca_id,ca_name,ca_creation_date,ca_last_update_date,ca_co_id,ca_tc_id) VALUES (519,'Stone Giant','2015-02-24 16:13:57','2015-02-24 16:13:57',5,2);
INSERT INTO magic_card (ca_id,ca_name,ca_creation_date,ca_last_update_date,ca_co_id,ca_tc_id) VALUES (520,'Stone Rain','2015-02-24 16:13:57','2015-02-24 16:13:57',5,7);
INSERT INTO magic_card (ca_id,ca_name,ca_creation_date,ca_last_update_date,ca_co_id,ca_tc_id) VALUES (521,'Stream of Life','2015-02-24 16:13:57','2015-02-24 16:13:57',7,7);
INSERT INTO magic_card (ca_id,ca_name,ca_creation_date,ca_last_update_date,ca_co_id,ca_tc_id) VALUES (522,'Strip Mine','2015-02-24 16:13:57','2015-02-24 16:13:57',6,8);
INSERT INTO magic_card (ca_id,ca_name,ca_creation_date,ca_last_update_date,ca_co_id,ca_tc_id) VALUES (523,'Sun Droplet','2015-02-24 16:13:57','2015-02-24 16:13:57',1,1);
INSERT INTO magic_card (ca_id,ca_name,ca_creation_date,ca_last_update_date,ca_co_id,ca_tc_id) VALUES (524,'Sunbeam Spellbomb','2015-02-24 16:13:57','2015-02-24 16:13:57',1,1);
INSERT INTO magic_card (ca_id,ca_name,ca_creation_date,ca_last_update_date,ca_co_id,ca_tc_id) VALUES (525,'Sunglasses of Urza','2015-02-24 16:13:57','2015-02-24 16:13:57',1,1);
INSERT INTO magic_card (ca_id,ca_name,ca_creation_date,ca_last_update_date,ca_co_id,ca_tc_id) VALUES (526,'Sunken City','2015-02-24 16:13:57','2015-02-24 16:13:57',3,6);
INSERT INTO magic_card (ca_id,ca_name,ca_creation_date,ca_last_update_date,ca_co_id,ca_tc_id) VALUES (527,'Swamp','2015-02-24 16:13:57','2015-02-24 16:13:57',6,10);
INSERT INTO magic_card (ca_id,ca_name,ca_creation_date,ca_last_update_date,ca_co_id,ca_tc_id) VALUES (528,'Sword of Kaldra','2015-02-24 16:13:57','2015-02-24 16:13:57',1,12);
INSERT INTO magic_card (ca_id,ca_name,ca_creation_date,ca_last_update_date,ca_co_id,ca_tc_id) VALUES (529,'Swords to Plowshares','2015-02-24 16:13:57','2015-02-24 16:13:57',4,3);
INSERT INTO magic_card (ca_id,ca_name,ca_creation_date,ca_last_update_date,ca_co_id,ca_tc_id) VALUES (530,'Sylvan Library','2015-02-24 16:13:57','2015-02-24 16:13:57',7,6);
INSERT INTO magic_card (ca_id,ca_name,ca_creation_date,ca_last_update_date,ca_co_id,ca_tc_id) VALUES (531,'Sylvan Scrying','2015-02-24 16:13:57','2015-02-24 16:13:57',7,7);
INSERT INTO magic_card (ca_id,ca_name,ca_creation_date,ca_last_update_date,ca_co_id,ca_tc_id) VALUES (532,'Synod Sanctum','2015-02-24 16:13:57','2015-02-24 16:13:57',1,1);
INSERT INTO magic_card (ca_id,ca_name,ca_creation_date,ca_last_update_date,ca_co_id,ca_tc_id) VALUES (533,'Taj—Nar Swordsmith','2015-02-24 16:13:57','2015-02-24 16:13:57',4,2);
INSERT INTO magic_card (ca_id,ca_name,ca_creation_date,ca_last_update_date,ca_co_id,ca_tc_id) VALUES (534,'Talisman of Dominance','2015-02-24 16:13:57','2015-02-24 16:13:57',1,1);
INSERT INTO magic_card (ca_id,ca_name,ca_creation_date,ca_last_update_date,ca_co_id,ca_tc_id) VALUES (535,'Talisman of Impulse','2015-02-24 16:13:57','2015-02-24 16:13:57',1,1);
INSERT INTO magic_card (ca_id,ca_name,ca_creation_date,ca_last_update_date,ca_co_id,ca_tc_id) VALUES (536,'Talisman of Indulgence','2015-02-24 16:13:57','2015-02-24 16:13:57',1,1);
INSERT INTO magic_card (ca_id,ca_name,ca_creation_date,ca_last_update_date,ca_co_id,ca_tc_id) VALUES (537,'Talisman of Progress','2015-02-24 16:13:57','2015-02-24 16:13:57',1,1);
INSERT INTO magic_card (ca_id,ca_name,ca_creation_date,ca_last_update_date,ca_co_id,ca_tc_id) VALUES (538,'Talisman of Unity','2015-02-24 16:13:57','2015-02-24 16:13:57',1,1);
INSERT INTO magic_card (ca_id,ca_name,ca_creation_date,ca_last_update_date,ca_co_id,ca_tc_id) VALUES (539,'Tanglebloom','2015-02-24 16:13:57','2015-02-24 16:13:57',1,1);
INSERT INTO magic_card (ca_id,ca_name,ca_creation_date,ca_last_update_date,ca_co_id,ca_tc_id) VALUES (540,'Tangleroot','2015-02-24 16:13:57','2015-02-24 16:13:57',1,1);
INSERT INTO magic_card (ca_id,ca_name,ca_creation_date,ca_last_update_date,ca_co_id,ca_tc_id) VALUES (541,'Tawnos''s Wand','2015-02-24 16:13:57','2015-02-24 16:13:57',1,1);
INSERT INTO magic_card (ca_id,ca_name,ca_creation_date,ca_last_update_date,ca_co_id,ca_tc_id) VALUES (542,'Tawnos''s Weaponry','2015-02-24 16:13:57','2015-02-24 16:13:57',1,1);
INSERT INTO magic_card (ca_id,ca_name,ca_creation_date,ca_last_update_date,ca_co_id,ca_tc_id) VALUES (543,'Tel—Jilad Archers','2015-02-24 16:13:57','2015-02-24 16:13:57',7,2);
INSERT INTO magic_card (ca_id,ca_name,ca_creation_date,ca_last_update_date,ca_co_id,ca_tc_id) VALUES (544,'Tel—Jilad Chosen','2015-02-24 16:13:57','2015-02-24 16:13:57',7,2);
INSERT INTO magic_card (ca_id,ca_name,ca_creation_date,ca_last_update_date,ca_co_id,ca_tc_id) VALUES (545,'Tel—Jilad Exile','2015-02-24 16:13:57','2015-02-24 16:13:57',7,2);
INSERT INTO magic_card (ca_id,ca_name,ca_creation_date,ca_last_update_date,ca_co_id,ca_tc_id) VALUES (546,'Tel—Jilad Stylus','2015-02-24 16:13:57','2015-02-24 16:13:57',1,1);
INSERT INTO magic_card (ca_id,ca_name,ca_creation_date,ca_last_update_date,ca_co_id,ca_tc_id) VALUES (547,'Tempest Efreet','2015-02-24 16:13:57','2015-02-24 16:13:57',5,2);
INSERT INTO magic_card (ca_id,ca_name,ca_creation_date,ca_last_update_date,ca_co_id,ca_tc_id) VALUES (548,'Tempest of Light','2015-02-24 16:13:57','2015-02-24 16:13:57',4,3);
INSERT INTO magic_card (ca_id,ca_name,ca_creation_date,ca_last_update_date,ca_co_id,ca_tc_id) VALUES (549,'Temporal Cascade','2015-02-24 16:13:57','2015-02-24 16:13:57',3,7);
INSERT INTO magic_card (ca_id,ca_name,ca_creation_date,ca_last_update_date,ca_co_id,ca_tc_id) VALUES (550,'Terror','2015-02-24 16:13:57','2015-02-24 16:13:57',2,3);
INSERT INTO magic_card (ca_id,ca_name,ca_creation_date,ca_last_update_date,ca_co_id,ca_tc_id) VALUES (551,'Tetravus','2015-02-24 16:13:57','2015-02-24 16:13:57',1,4);
INSERT INTO magic_card (ca_id,ca_name,ca_creation_date,ca_last_update_date,ca_co_id,ca_tc_id) VALUES (552,'The Brute','2015-02-24 16:13:57','2015-02-24 16:13:57',5,6);
INSERT INTO magic_card (ca_id,ca_name,ca_creation_date,ca_last_update_date,ca_co_id,ca_tc_id) VALUES (553,'The Hive','2015-02-24 16:13:57','2015-02-24 16:13:57',1,1);
INSERT INTO magic_card (ca_id,ca_name,ca_creation_date,ca_last_update_date,ca_co_id,ca_tc_id) VALUES (554,'The Rack','2015-02-24 16:13:57','2015-02-24 16:13:57',1,1);
INSERT INTO magic_card (ca_id,ca_name,ca_creation_date,ca_last_update_date,ca_co_id,ca_tc_id) VALUES (555,'Thicket Basilisk','2015-02-24 16:13:57','2015-02-24 16:13:57',7,2);
INSERT INTO magic_card (ca_id,ca_name,ca_creation_date,ca_last_update_date,ca_co_id,ca_tc_id) VALUES (556,'Thirst for Knowledge','2015-02-24 16:13:57','2015-02-24 16:13:57',3,3);
INSERT INTO magic_card (ca_id,ca_name,ca_creation_date,ca_last_update_date,ca_co_id,ca_tc_id) VALUES (557,'Thought Prison','2015-02-24 16:13:57','2015-02-24 16:13:57',1,1);
INSERT INTO magic_card (ca_id,ca_name,ca_creation_date,ca_last_update_date,ca_co_id,ca_tc_id) VALUES (558,'Thoughtcast','2015-02-24 16:13:57','2015-02-24 16:13:57',3,7);
INSERT INTO magic_card (ca_id,ca_name,ca_creation_date,ca_last_update_date,ca_co_id,ca_tc_id) VALUES (559,'Thoughtlace','2015-02-24 16:13:57','2015-02-24 16:13:57',3,3);
INSERT INTO magic_card (ca_id,ca_name,ca_creation_date,ca_last_update_date,ca_co_id,ca_tc_id) VALUES (560,'Throne of Bone','2015-02-24 16:13:57','2015-02-24 16:13:57',1,1);
INSERT INTO magic_card (ca_id,ca_name,ca_creation_date,ca_last_update_date,ca_co_id,ca_tc_id) VALUES (561,'Timber Wolves','2015-02-24 16:13:57','2015-02-24 16:13:57',7,2);
INSERT INTO magic_card (ca_id,ca_name,ca_creation_date,ca_last_update_date,ca_co_id,ca_tc_id) VALUES (562,'Time Elemental','2015-02-24 16:13:57','2015-02-24 16:13:57',3,2);
INSERT INTO magic_card (ca_id,ca_name,ca_creation_date,ca_last_update_date,ca_co_id,ca_tc_id) VALUES (563,'Timesifter','2015-02-24 16:13:57','2015-02-24 16:13:57',1,1);
INSERT INTO magic_card (ca_id,ca_name,ca_creation_date,ca_last_update_date,ca_co_id,ca_tc_id) VALUES (564,'Titania''s Song','2015-02-24 16:13:57','2015-02-24 16:13:57',7,6);
INSERT INTO magic_card (ca_id,ca_name,ca_creation_date,ca_last_update_date,ca_co_id,ca_tc_id) VALUES (565,'Titanium Golem','2015-02-24 16:13:57','2015-02-24 16:13:57',1,4);
INSERT INTO magic_card (ca_id,ca_name,ca_creation_date,ca_last_update_date,ca_co_id,ca_tc_id) VALUES (566,'Tooth and Nail','2015-02-24 16:13:57','2015-02-24 16:13:57',7,7);
INSERT INTO magic_card (ca_id,ca_name,ca_creation_date,ca_last_update_date,ca_co_id,ca_tc_id) VALUES (567,'Tooth of Chiss—Goria','2015-02-24 16:13:57','2015-02-24 16:13:57',1,1);
INSERT INTO magic_card (ca_id,ca_name,ca_creation_date,ca_last_update_date,ca_co_id,ca_tc_id) VALUES (568,'Tower of Champions','2015-02-24 16:13:57','2015-02-24 16:13:57',1,1);
INSERT INTO magic_card (ca_id,ca_name,ca_creation_date,ca_last_update_date,ca_co_id,ca_tc_id) VALUES (569,'Tower of Eons','2015-02-24 16:13:57','2015-02-24 16:13:57',1,1);
INSERT INTO magic_card (ca_id,ca_name,ca_creation_date,ca_last_update_date,ca_co_id,ca_tc_id) VALUES (570,'Tower of Fortunes','2015-02-24 16:13:57','2015-02-24 16:13:57',1,1);
INSERT INTO magic_card (ca_id,ca_name,ca_creation_date,ca_last_update_date,ca_co_id,ca_tc_id) VALUES (571,'Tower of Murmurs','2015-02-24 16:13:57','2015-02-24 16:13:57',1,1);
INSERT INTO magic_card (ca_id,ca_name,ca_creation_date,ca_last_update_date,ca_co_id,ca_tc_id) VALUES (572,'Tranquility','2015-02-24 16:13:57','2015-02-24 16:13:57',7,7);
INSERT INTO magic_card (ca_id,ca_name,ca_creation_date,ca_last_update_date,ca_co_id,ca_tc_id) VALUES (573,'Trash for Treasure','2015-02-24 16:13:57','2015-02-24 16:13:57',5,7);
INSERT INTO magic_card (ca_id,ca_name,ca_creation_date,ca_last_update_date,ca_co_id,ca_tc_id) VALUES (574,'Tree of Tales','2015-02-24 16:13:57','2015-02-24 16:13:57',6,5);
INSERT INTO magic_card (ca_id,ca_name,ca_creation_date,ca_last_update_date,ca_co_id,ca_tc_id) VALUES (575,'Triskelion','2015-02-24 16:13:57','2015-02-24 16:13:57',1,4);
INSERT INTO magic_card (ca_id,ca_name,ca_creation_date,ca_last_update_date,ca_co_id,ca_tc_id) VALUES (576,'Troll Ascetic','2015-02-24 16:13:57','2015-02-24 16:13:57',7,2);
INSERT INTO magic_card (ca_id,ca_name,ca_creation_date,ca_last_update_date,ca_co_id,ca_tc_id) VALUES (577,'Trolls of Tel—Jilad','2015-02-24 16:13:57','2015-02-24 16:13:57',7,2);
INSERT INTO magic_card (ca_id,ca_name,ca_creation_date,ca_last_update_date,ca_co_id,ca_tc_id) VALUES (578,'Tsunami','2015-02-24 16:13:57','2015-02-24 16:13:57',7,7);
INSERT INTO magic_card (ca_id,ca_name,ca_creation_date,ca_last_update_date,ca_co_id,ca_tc_id) VALUES (579,'Tundra Wolves','2015-02-24 16:13:57','2015-02-24 16:13:57',4,2);
INSERT INTO magic_card (ca_id,ca_name,ca_creation_date,ca_last_update_date,ca_co_id,ca_tc_id) VALUES (580,'Tunnel','2015-02-24 16:13:57','2015-02-24 16:13:57',5,3);
INSERT INTO magic_card (ca_id,ca_name,ca_creation_date,ca_last_update_date,ca_co_id,ca_tc_id) VALUES (581,'Turn to Dust','2015-02-24 16:13:57','2015-02-24 16:13:57',7,3);
INSERT INTO magic_card (ca_id,ca_name,ca_creation_date,ca_last_update_date,ca_co_id,ca_tc_id) VALUES (582,'Twiddle','2015-02-24 16:13:57','2015-02-24 16:13:57',3,3);
INSERT INTO magic_card (ca_id,ca_name,ca_creation_date,ca_last_update_date,ca_co_id,ca_tc_id) VALUES (583,'Uncle Istvan','2015-02-24 16:13:57','2015-02-24 16:13:57',2,2);
INSERT INTO magic_card (ca_id,ca_name,ca_creation_date,ca_last_update_date,ca_co_id,ca_tc_id) VALUES (584,'Unholy Strength','2015-02-24 16:13:57','2015-02-24 16:13:57',2,6);
INSERT INTO magic_card (ca_id,ca_name,ca_creation_date,ca_last_update_date,ca_co_id,ca_tc_id) VALUES (585,'Unstable Mutation','2015-02-24 16:13:57','2015-02-24 16:13:57',3,6);
INSERT INTO magic_card (ca_id,ca_name,ca_creation_date,ca_last_update_date,ca_co_id,ca_tc_id) VALUES (586,'Unsummon','2015-02-24 16:13:57','2015-02-24 16:13:57',3,3);
INSERT INTO magic_card (ca_id,ca_name,ca_creation_date,ca_last_update_date,ca_co_id,ca_tc_id) VALUES (587,'Untamed Wilds','2015-02-24 16:13:57','2015-02-24 16:13:57',7,7);
INSERT INTO magic_card (ca_id,ca_name,ca_creation_date,ca_last_update_date,ca_co_id,ca_tc_id) VALUES (588,'Urza''s Avenger','2015-02-24 16:13:57','2015-02-24 16:13:57',1,4);
INSERT INTO magic_card (ca_id,ca_name,ca_creation_date,ca_last_update_date,ca_co_id,ca_tc_id) VALUES (589,'Uthden Troll','2015-02-24 16:13:57','2015-02-24 16:13:57',5,2);
INSERT INTO magic_card (ca_id,ca_name,ca_creation_date,ca_last_update_date,ca_co_id,ca_tc_id) VALUES (590,'Vampire Bats','2015-02-24 16:13:57','2015-02-24 16:13:57',2,2);
INSERT INTO magic_card (ca_id,ca_name,ca_creation_date,ca_last_update_date,ca_co_id,ca_tc_id) VALUES (591,'Vault of Whispers','2015-02-24 16:13:57','2015-02-24 16:13:57',6,5);
INSERT INTO magic_card (ca_id,ca_name,ca_creation_date,ca_last_update_date,ca_co_id,ca_tc_id) VALUES (592,'Vedalken Archmage','2015-02-24 16:13:57','2015-02-24 16:13:57',3,2);
INSERT INTO magic_card (ca_id,ca_name,ca_creation_date,ca_last_update_date,ca_co_id,ca_tc_id) VALUES (593,'Venom','2015-02-24 16:13:57','2015-02-24 16:13:57',7,6);
INSERT INTO magic_card (ca_id,ca_name,ca_creation_date,ca_last_update_date,ca_co_id,ca_tc_id) VALUES (594,'Verduran Enchantress','2015-02-24 16:13:57','2015-02-24 16:13:57',7,2);
INSERT INTO magic_card (ca_id,ca_name,ca_creation_date,ca_last_update_date,ca_co_id,ca_tc_id) VALUES (595,'Vermiculos','2015-02-24 16:13:57','2015-02-24 16:13:57',2,2);
INSERT INTO magic_card (ca_id,ca_name,ca_creation_date,ca_last_update_date,ca_co_id,ca_tc_id) VALUES (596,'Viridian Joiner','2015-02-24 16:13:57','2015-02-24 16:13:57',7,2);
INSERT INTO magic_card (ca_id,ca_name,ca_creation_date,ca_last_update_date,ca_co_id,ca_tc_id) VALUES (597,'Viridian Longbow','2015-02-24 16:13:57','2015-02-24 16:13:57',1,1);
INSERT INTO magic_card (ca_id,ca_name,ca_creation_date,ca_last_update_date,ca_co_id,ca_tc_id) VALUES (598,'Viridian Shaman','2015-02-24 16:13:57','2015-02-24 16:13:57',7,2);
INSERT INTO magic_card (ca_id,ca_name,ca_creation_date,ca_last_update_date,ca_co_id,ca_tc_id) VALUES (599,'Visions','2015-02-24 16:13:57','2015-02-24 16:13:57',4,7);
INSERT INTO magic_card (ca_id,ca_name,ca_creation_date,ca_last_update_date,ca_co_id,ca_tc_id) VALUES (600,'Volcanic Eruption','2015-02-24 16:13:57','2015-02-24 16:13:57',3,7);
INSERT INTO magic_card (ca_id,ca_name,ca_creation_date,ca_last_update_date,ca_co_id,ca_tc_id) VALUES (601,'Vorrac Battlehorns','2015-02-24 16:13:57','2015-02-24 16:13:57',1,1);
INSERT INTO magic_card (ca_id,ca_name,ca_creation_date,ca_last_update_date,ca_co_id,ca_tc_id) VALUES (602,'Vulshok Battlegear','2015-02-24 16:13:57','2015-02-24 16:13:57',1,1);
INSERT INTO magic_card (ca_id,ca_name,ca_creation_date,ca_last_update_date,ca_co_id,ca_tc_id) VALUES (603,'Vulshok Battlemaster','2015-02-24 16:13:57','2015-02-24 16:13:57',5,2);
INSERT INTO magic_card (ca_id,ca_name,ca_creation_date,ca_last_update_date,ca_co_id,ca_tc_id) VALUES (604,'Vulshok Berserker','2015-02-24 16:13:57','2015-02-24 16:13:57',5,2);
INSERT INTO magic_card (ca_id,ca_name,ca_creation_date,ca_last_update_date,ca_co_id,ca_tc_id) VALUES (605,'Vulshok Gauntlets','2015-02-24 16:13:57','2015-02-24 16:13:57',1,1);
INSERT INTO magic_card (ca_id,ca_name,ca_creation_date,ca_last_update_date,ca_co_id,ca_tc_id) VALUES (606,'Wail of the Nim','2015-02-24 16:13:57','2015-02-24 16:13:57',2,3);
INSERT INTO magic_card (ca_id,ca_name,ca_creation_date,ca_last_update_date,ca_co_id,ca_tc_id) VALUES (607,'Wall of Air','2015-02-24 16:13:57','2015-02-24 16:13:57',3,2);
INSERT INTO magic_card (ca_id,ca_name,ca_creation_date,ca_last_update_date,ca_co_id,ca_tc_id) VALUES (608,'Wall of Blood','2015-02-24 16:13:57','2015-02-24 16:13:57',2,2);
INSERT INTO magic_card (ca_id,ca_name,ca_creation_date,ca_last_update_date,ca_co_id,ca_tc_id) VALUES (609,'Wall of Bone','2015-02-24 16:13:57','2015-02-24 16:13:57',2,2);
INSERT INTO magic_card (ca_id,ca_name,ca_creation_date,ca_last_update_date,ca_co_id,ca_tc_id) VALUES (610,'Wall of Brambles','2015-02-24 16:13:57','2015-02-24 16:13:57',7,2);
INSERT INTO magic_card (ca_id,ca_name,ca_creation_date,ca_last_update_date,ca_co_id,ca_tc_id) VALUES (611,'Wall of Dust','2015-02-24 16:13:57','2015-02-24 16:13:57',5,2);
INSERT INTO magic_card (ca_id,ca_name,ca_creation_date,ca_last_update_date,ca_co_id,ca_tc_id) VALUES (612,'Wall of Fire','2015-02-24 16:13:57','2015-02-24 16:13:57',5,2);
INSERT INTO magic_card (ca_id,ca_name,ca_creation_date,ca_last_update_date,ca_co_id,ca_tc_id) VALUES (613,'Wall of Ice','2015-02-24 16:13:57','2015-02-24 16:13:57',7,2);
INSERT INTO magic_card (ca_id,ca_name,ca_creation_date,ca_last_update_date,ca_co_id,ca_tc_id) VALUES (614,'Wall of Spears','2015-02-24 16:13:57','2015-02-24 16:13:57',1,4);
INSERT INTO magic_card (ca_id,ca_name,ca_creation_date,ca_last_update_date,ca_co_id,ca_tc_id) VALUES (615,'Wall of Stone','2015-02-24 16:13:57','2015-02-24 16:13:57',5,2);
INSERT INTO magic_card (ca_id,ca_name,ca_creation_date,ca_last_update_date,ca_co_id,ca_tc_id) VALUES (616,'Wall of Swords','2015-02-24 16:13:57','2015-02-24 16:13:57',4,2);
INSERT INTO magic_card (ca_id,ca_name,ca_creation_date,ca_last_update_date,ca_co_id,ca_tc_id) VALUES (617,'Wall of Water','2015-02-24 16:13:57','2015-02-24 16:13:57',3,2);
INSERT INTO magic_card (ca_id,ca_name,ca_creation_date,ca_last_update_date,ca_co_id,ca_tc_id) VALUES (618,'Wall of Wood','2015-02-24 16:13:57','2015-02-24 16:13:57',7,2);
INSERT INTO magic_card (ca_id,ca_name,ca_creation_date,ca_last_update_date,ca_co_id,ca_tc_id) VALUES (619,'Wanderguard Sentry','2015-02-24 16:13:57','2015-02-24 16:13:57',3,2);
INSERT INTO magic_card (ca_id,ca_name,ca_creation_date,ca_last_update_date,ca_co_id,ca_tc_id) VALUES (620,'Wanderlust','2015-02-24 16:13:57','2015-02-24 16:13:57',7,6);
INSERT INTO magic_card (ca_id,ca_name,ca_creation_date,ca_last_update_date,ca_co_id,ca_tc_id) VALUES (621,'War Elemental','2015-02-24 16:13:57','2015-02-24 16:13:57',5,2);
INSERT INTO magic_card (ca_id,ca_name,ca_creation_date,ca_last_update_date,ca_co_id,ca_tc_id) VALUES (622,'War Mammoth','2015-02-24 16:13:57','2015-02-24 16:13:57',7,2);
INSERT INTO magic_card (ca_id,ca_name,ca_creation_date,ca_last_update_date,ca_co_id,ca_tc_id) VALUES (623,'Warp Artifact','2015-02-24 16:13:57','2015-02-24 16:13:57',2,6);
INSERT INTO magic_card (ca_id,ca_name,ca_creation_date,ca_last_update_date,ca_co_id,ca_tc_id) VALUES (624,'Water Elemental','2015-02-24 16:13:57','2015-02-24 16:13:57',3,2);
INSERT INTO magic_card (ca_id,ca_name,ca_creation_date,ca_last_update_date,ca_co_id,ca_tc_id) VALUES (625,'Weakness','2015-02-24 16:13:57','2015-02-24 16:13:57',2,6);
INSERT INTO magic_card (ca_id,ca_name,ca_creation_date,ca_last_update_date,ca_co_id,ca_tc_id) VALUES (626,'Web','2015-02-24 16:13:57','2015-02-24 16:13:57',7,6);
INSERT INTO magic_card (ca_id,ca_name,ca_creation_date,ca_last_update_date,ca_co_id,ca_tc_id) VALUES (627,'Welding Jar','2015-02-24 16:13:57','2015-02-24 16:13:57',1,1);
INSERT INTO magic_card (ca_id,ca_name,ca_creation_date,ca_last_update_date,ca_co_id,ca_tc_id) VALUES (628,'Whirling Dervish','2015-02-24 16:13:57','2015-02-24 16:13:57',7,2);
INSERT INTO magic_card (ca_id,ca_name,ca_creation_date,ca_last_update_date,ca_co_id,ca_tc_id) VALUES (629,'White Knight','2015-02-24 16:13:57','2015-02-24 16:13:57',4,2);
INSERT INTO magic_card (ca_id,ca_name,ca_creation_date,ca_last_update_date,ca_co_id,ca_tc_id) VALUES (630,'White Mana Battery','2015-02-24 16:13:57','2015-02-24 16:13:57',1,1);
INSERT INTO magic_card (ca_id,ca_name,ca_creation_date,ca_last_update_date,ca_co_id,ca_tc_id) VALUES (631,'White Ward','2015-02-24 16:13:57','2015-02-24 16:13:57',4,6);
INSERT INTO magic_card (ca_id,ca_name,ca_creation_date,ca_last_update_date,ca_co_id,ca_tc_id) VALUES (632,'Wild Growth','2015-02-24 16:13:57','2015-02-24 16:13:57',7,6);
INSERT INTO magic_card (ca_id,ca_name,ca_creation_date,ca_last_update_date,ca_co_id,ca_tc_id) VALUES (633,'Will—o''—the—Wisp','2015-02-24 16:13:57','2015-02-24 16:13:57',2,2);
INSERT INTO magic_card (ca_id,ca_name,ca_creation_date,ca_last_update_date,ca_co_id,ca_tc_id) VALUES (634,'Winds of Change','2015-02-24 16:13:57','2015-02-24 16:13:57',5,7);
INSERT INTO magic_card (ca_id,ca_name,ca_creation_date,ca_last_update_date,ca_co_id,ca_tc_id) VALUES (635,'Winter Blast','2015-02-24 16:13:57','2015-02-24 16:13:57',7,7);
INSERT INTO magic_card (ca_id,ca_name,ca_creation_date,ca_last_update_date,ca_co_id,ca_tc_id) VALUES (636,'Winter Orb','2015-02-24 16:13:57','2015-02-24 16:13:57',1,1);
INSERT INTO magic_card (ca_id,ca_name,ca_creation_date,ca_last_update_date,ca_co_id,ca_tc_id) VALUES (637,'Wizard Replica','2015-02-24 16:13:57','2015-02-24 16:13:57',1,4);
INSERT INTO magic_card (ca_id,ca_name,ca_creation_date,ca_last_update_date,ca_co_id,ca_tc_id) VALUES (638,'Woebearer','2015-02-24 16:13:57','2015-02-24 16:13:57',2,2);
INSERT INTO magic_card (ca_id,ca_name,ca_creation_date,ca_last_update_date,ca_co_id,ca_tc_id) VALUES (639,'Wooden Sphere','2015-02-24 16:13:57','2015-02-24 16:13:57',1,1);
INSERT INTO magic_card (ca_id,ca_name,ca_creation_date,ca_last_update_date,ca_co_id,ca_tc_id) VALUES (640,'Word of Binding','2015-02-24 16:13:57','2015-02-24 16:13:57',2,7);
INSERT INTO magic_card (ca_id,ca_name,ca_creation_date,ca_last_update_date,ca_co_id,ca_tc_id) VALUES (641,'Worldslayer','2015-02-24 16:13:57','2015-02-24 16:13:57',1,1);
INSERT INTO magic_card (ca_id,ca_name,ca_creation_date,ca_last_update_date,ca_co_id,ca_tc_id) VALUES (642,'Wrath of God','2015-02-24 16:13:57','2015-02-24 16:13:57',4,7);
INSERT INTO magic_card (ca_id,ca_name,ca_creation_date,ca_last_update_date,ca_co_id,ca_tc_id) VALUES (643,'Wrench Mind','2015-02-24 16:13:57','2015-02-24 16:13:57',2,7);
INSERT INTO magic_card (ca_id,ca_name,ca_creation_date,ca_last_update_date,ca_co_id,ca_tc_id) VALUES (644,'Wurmskin Forger','2015-02-24 16:13:57','2015-02-24 16:13:57',7,2);
INSERT INTO magic_card (ca_id,ca_name,ca_creation_date,ca_last_update_date,ca_co_id,ca_tc_id) VALUES (645,'Xenic Poltergeist','2015-02-24 16:13:57','2015-02-24 16:13:57',2,2);
INSERT INTO magic_card (ca_id,ca_name,ca_creation_date,ca_last_update_date,ca_co_id,ca_tc_id) VALUES (646,'Yotian Soldier','2015-02-24 16:13:57','2015-02-24 16:13:57',1,4);
INSERT INTO magic_card (ca_id,ca_name,ca_creation_date,ca_last_update_date,ca_co_id,ca_tc_id) VALUES (647,'Zephyr Falcon','2015-02-24 16:13:57','2015-02-24 16:13:57',3,2);
INSERT INTO magic_card (ca_id,ca_name,ca_creation_date,ca_last_update_date,ca_co_id,ca_tc_id) VALUES (648,'Zombie Master','2015-02-24 16:13:57','2015-02-24 16:13:57',2,2);
INSERT INTO magic_edition (ed_id,ed_name,ed_creation_date,ed_last_update_date,ed_symbol,ed_nom,ed_abbreviation) VALUES (1,'Mirrodin','2015-02-24 16:13:57','2015-02-24 16:13:57',1,'Mirrodin','MR');
INSERT INTO magic_edition (ed_id,ed_name,ed_creation_date,ed_last_update_date,ed_symbol,ed_nom,ed_abbreviation) VALUES (2,'Fourth edition','2015-02-24 16:13:57','2015-02-24 16:13:57',0,'4ème édition','4E');
INSERT INTO magic_family (fa_id,fa_name,fa_creation_date,fa_last_update_date) VALUES (1,'Horror','2015-02-24 16:13:57','2015-02-24 16:13:57');
INSERT INTO magic_family (fa_id,fa_name,fa_creation_date,fa_last_update_date) VALUES (2,'Elemental','2015-02-24 16:13:57','2015-02-24 16:13:57');
INSERT INTO magic_family (fa_id,fa_name,fa_creation_date,fa_last_update_date) VALUES (3,'Human','2015-02-24 16:13:57','2015-02-24 16:13:57');
INSERT INTO magic_family (fa_id,fa_name,fa_creation_date,fa_last_update_date) VALUES (4,'Rogue','2015-02-24 16:13:57','2015-02-24 16:13:57');
INSERT INTO magic_family (fa_id,fa_name,fa_creation_date,fa_last_update_date) VALUES (5,'Myr','2015-02-24 16:13:57','2015-02-24 16:13:57');
INSERT INTO magic_family (fa_id,fa_name,fa_creation_date,fa_last_update_date) VALUES (6,'Kithkin','2015-02-24 16:13:57','2015-02-24 16:13:57');
INSERT INTO magic_family (fa_id,fa_name,fa_creation_date,fa_last_update_date) VALUES (7,'Aura','2015-02-24 16:13:57','2015-02-24 16:13:57');
INSERT INTO magic_family (fa_id,fa_name,fa_creation_date,fa_last_update_date) VALUES (8,'Wizard','2015-02-24 16:13:57','2015-02-24 16:13:57');
INSERT INTO magic_family (fa_id,fa_name,fa_creation_date,fa_last_update_date) VALUES (9,'Beast','2015-02-24 16:13:57','2015-02-24 16:13:57');
INSERT INTO magic_family (fa_id,fa_name,fa_creation_date,fa_last_update_date) VALUES (10,'Atog','2015-02-24 16:13:57','2015-02-24 16:13:57');
INSERT INTO magic_family (fa_id,fa_name,fa_creation_date,fa_last_update_date) VALUES (11,'Soldier','2015-02-24 16:13:57','2015-02-24 16:13:57');
INSERT INTO magic_family (fa_id,fa_name,fa_creation_date,fa_last_update_date) VALUES (12,'Scout','2015-02-24 16:13:57','2015-02-24 16:13:57');
INSERT INTO magic_family (fa_id,fa_name,fa_creation_date,fa_last_update_date) VALUES (13,'Equipment','2015-02-24 16:13:57','2015-02-24 16:13:57');
INSERT INTO magic_family (fa_id,fa_name,fa_creation_date,fa_last_update_date) VALUES (14,'Construct','2015-02-24 16:13:57','2015-02-24 16:13:57');
INSERT INTO magic_family (fa_id,fa_name,fa_creation_date,fa_last_update_date) VALUES (15,'Bird','2015-02-24 16:13:57','2015-02-24 16:13:57');
INSERT INTO magic_family (fa_id,fa_name,fa_creation_date,fa_last_update_date) VALUES (16,'Knight','2015-02-24 16:13:57','2015-02-24 16:13:57');
INSERT INTO magic_family (fa_id,fa_name,fa_creation_date,fa_last_update_date) VALUES (17,'Imp','2015-02-24 16:13:57','2015-02-24 16:13:57');
INSERT INTO magic_family (fa_id,fa_name,fa_creation_date,fa_last_update_date) VALUES (18,'Wraith','2015-02-24 16:13:57','2015-02-24 16:13:57');
INSERT INTO magic_family (fa_id,fa_name,fa_creation_date,fa_last_update_date) VALUES (19,'Golem','2015-02-24 16:13:57','2015-02-24 16:13:57');
INSERT INTO magic_family (fa_id,fa_name,fa_creation_date,fa_last_update_date) VALUES (20,'Gnome','2015-02-24 16:13:57','2015-02-24 16:13:57');
INSERT INTO magic_family (fa_id,fa_name,fa_creation_date,fa_last_update_date) VALUES (21,'Shaman','2015-02-24 16:13:57','2015-02-24 16:13:57');
INSERT INTO magic_family (fa_id,fa_name,fa_creation_date,fa_last_update_date) VALUES (22,'Ouphe','2015-02-24 16:13:57','2015-02-24 16:13:57');
INSERT INTO magic_family (fa_id,fa_name,fa_creation_date,fa_last_update_date) VALUES (23,'Plant','2015-02-24 16:13:57','2015-02-24 16:13:57');
INSERT INTO magic_family (fa_id,fa_name,fa_creation_date,fa_last_update_date) VALUES (24,'Wall','2015-02-24 16:13:57','2015-02-24 16:13:57');
INSERT INTO magic_family (fa_id,fa_name,fa_creation_date,fa_last_update_date) VALUES (25,'Insect','2015-02-24 16:13:57','2015-02-24 16:13:57');
INSERT INTO magic_family (fa_id,fa_name,fa_creation_date,fa_last_update_date) VALUES (26,'Dragon','2015-02-24 16:13:57','2015-02-24 16:13:57');
INSERT INTO magic_family (fa_id,fa_name,fa_creation_date,fa_last_update_date) VALUES (27,'Boar','2015-02-24 16:13:57','2015-02-24 16:13:57');
INSERT INTO magic_family (fa_id,fa_name,fa_creation_date,fa_last_update_date) VALUES (28,'Locus','2015-02-24 16:13:57','2015-02-24 16:13:57');
INSERT INTO magic_family (fa_id,fa_name,fa_creation_date,fa_last_update_date) VALUES (29,'Cockatrice','2015-02-24 16:13:57','2015-02-24 16:13:57');
INSERT INTO magic_family (fa_id,fa_name,fa_creation_date,fa_last_update_date) VALUES (30,'Wurm','2015-02-24 16:13:57','2015-02-24 16:13:57');
INSERT INTO magic_family (fa_id,fa_name,fa_creation_date,fa_last_update_date) VALUES (31,'Manticore','2015-02-24 16:13:57','2015-02-24 16:13:57');
INSERT INTO magic_family (fa_id,fa_name,fa_creation_date,fa_last_update_date) VALUES (32,'Zombie','2015-02-24 16:13:57','2015-02-24 16:13:57');
INSERT INTO magic_family (fa_id,fa_name,fa_creation_date,fa_last_update_date) VALUES (33,'Spirit','2015-02-24 16:13:57','2015-02-24 16:13:57');
INSERT INTO magic_family (fa_id,fa_name,fa_creation_date,fa_last_update_date) VALUES (34,'Cleric','2015-02-24 16:13:57','2015-02-24 16:13:57');
INSERT INTO magic_family (fa_id,fa_name,fa_creation_date,fa_last_update_date) VALUES (35,'Scorpion','2015-02-24 16:13:57','2015-02-24 16:13:57');
INSERT INTO magic_family (fa_id,fa_name,fa_creation_date,fa_last_update_date) VALUES (36,'Skeleton','2015-02-24 16:13:57','2015-02-24 16:13:57');
INSERT INTO magic_family (fa_id,fa_name,fa_creation_date,fa_last_update_date) VALUES (37,'Shapeshifter','2015-02-24 16:13:57','2015-02-24 16:13:57');
INSERT INTO magic_family (fa_id,fa_name,fa_creation_date,fa_last_update_date) VALUES (38,'Dwarf','2015-02-24 16:13:57','2015-02-24 16:13:57');
INSERT INTO magic_family (fa_id,fa_name,fa_creation_date,fa_last_update_date) VALUES (39,'Warrior','2015-02-24 16:13:57','2015-02-24 16:13:57');
INSERT INTO magic_family (fa_id,fa_name,fa_creation_date,fa_last_update_date) VALUES (40,'Elf','2015-02-24 16:13:57','2015-02-24 16:13:57');
INSERT INTO magic_family (fa_id,fa_name,fa_creation_date,fa_last_update_date) VALUES (41,'Archer','2015-02-24 16:13:57','2015-02-24 16:13:57');
INSERT INTO magic_family (fa_id,fa_name,fa_creation_date,fa_last_update_date) VALUES (42,'Forest','2015-02-24 16:13:57','2015-02-24 16:13:57');
INSERT INTO magic_family (fa_id,fa_name,fa_creation_date,fa_last_update_date) VALUES (43,'Frog','2015-02-24 16:13:57','2015-02-24 16:13:57');
INSERT INTO magic_family (fa_id,fa_name,fa_creation_date,fa_last_update_date) VALUES (44,'Shade','2015-02-24 16:13:57','2015-02-24 16:13:57');
INSERT INTO magic_family (fa_id,fa_name,fa_creation_date,fa_last_update_date) VALUES (45,'Fungus','2015-02-24 16:13:57','2015-02-24 16:13:57');
INSERT INTO magic_family (fa_id,fa_name,fa_creation_date,fa_last_update_date) VALUES (46,'Lizard','2015-02-24 16:13:57','2015-02-24 16:13:57');
INSERT INTO magic_family (fa_id,fa_name,fa_creation_date,fa_last_update_date) VALUES (47,'Avatar','2015-02-24 16:13:57','2015-02-24 16:13:57');
INSERT INTO magic_family (fa_id,fa_name,fa_creation_date,fa_last_update_date) VALUES (48,'Spider','2015-02-24 16:13:57','2015-02-24 16:13:57');
INSERT INTO magic_family (fa_id,fa_name,fa_creation_date,fa_last_update_date) VALUES (49,'Turtle','2015-02-24 16:13:57','2015-02-24 16:13:57');
INSERT INTO magic_family (fa_id,fa_name,fa_creation_date,fa_last_update_date) VALUES (50,'Goblin','2015-02-24 16:13:57','2015-02-24 16:13:57');
INSERT INTO magic_family (fa_id,fa_name,fa_creation_date,fa_last_update_date) VALUES (51,'Berserker','2015-02-24 16:13:57','2015-02-24 16:13:57');
INSERT INTO magic_family (fa_id,fa_name,fa_creation_date,fa_last_update_date) VALUES (52,'Juggernaut','2015-02-24 16:13:57','2015-02-24 16:13:57');
INSERT INTO magic_family (fa_id,fa_name,fa_creation_date,fa_last_update_date) VALUES (53,'Ogre','2015-02-24 16:13:57','2015-02-24 16:13:57');
INSERT INTO magic_family (fa_id,fa_name,fa_creation_date,fa_last_update_date) VALUES (54,'Bear','2015-02-24 16:13:57','2015-02-24 16:13:57');
INSERT INTO magic_family (fa_id,fa_name,fa_creation_date,fa_last_update_date) VALUES (55,'Giant','2015-02-24 16:13:57','2015-02-24 16:13:57');
INSERT INTO magic_family (fa_id,fa_name,fa_creation_date,fa_last_update_date) VALUES (56,'Minotaur','2015-02-24 16:13:57','2015-02-24 16:13:57');
INSERT INTO magic_family (fa_id,fa_name,fa_creation_date,fa_last_update_date) VALUES (57,'Hound','2015-02-24 16:13:57','2015-02-24 16:13:57');
INSERT INTO magic_family (fa_id,fa_name,fa_creation_date,fa_last_update_date) VALUES (58,'Specter','2015-02-24 16:13:57','2015-02-24 16:13:57');
INSERT INTO magic_family (fa_id,fa_name,fa_creation_date,fa_last_update_date) VALUES (59,'Orc','2015-02-24 16:13:57','2015-02-24 16:13:57');
INSERT INTO magic_family (fa_id,fa_name,fa_creation_date,fa_last_update_date) VALUES (60,'Treefolk','2015-02-24 16:13:57','2015-02-24 16:13:57');
INSERT INTO magic_family (fa_id,fa_name,fa_creation_date,fa_last_update_date) VALUES (61,'Island','2015-02-24 16:13:57','2015-02-24 16:13:57');
INSERT INTO magic_family (fa_id,fa_name,fa_creation_date,fa_last_update_date) VALUES (62,'Fish','2015-02-24 16:13:57','2015-02-24 16:13:57');
INSERT INTO magic_family (fa_id,fa_name,fa_creation_date,fa_last_update_date) VALUES (63,'Efreet','2015-02-24 16:13:57','2015-02-24 16:13:57');
INSERT INTO magic_family (fa_id,fa_name,fa_creation_date,fa_last_update_date) VALUES (64,'Barbarian','2015-02-24 16:13:57','2015-02-24 16:13:57');
INSERT INTO magic_family (fa_id,fa_name,fa_creation_date,fa_last_update_date) VALUES (65,'Leech','2015-02-24 16:13:57','2015-02-24 16:13:57');
INSERT INTO magic_family (fa_id,fa_name,fa_creation_date,fa_last_update_date) VALUES (66,'Cat','2015-02-24 16:13:57','2015-02-24 16:13:57');
INSERT INTO magic_family (fa_id,fa_name,fa_creation_date,fa_last_update_date) VALUES (67,'Leviathan','2015-02-24 16:13:57','2015-02-24 16:13:57');
INSERT INTO magic_family (fa_id,fa_name,fa_creation_date,fa_last_update_date) VALUES (68,'Druid','2015-02-24 16:13:57','2015-02-24 16:13:57');
INSERT INTO magic_family (fa_id,fa_name,fa_creation_date,fa_last_update_date) VALUES (69,'Drone','2015-02-24 16:13:57','2015-02-24 16:13:57');
INSERT INTO magic_family (fa_id,fa_name,fa_creation_date,fa_last_update_date) VALUES (70,'Merfolk','2015-02-24 16:13:57','2015-02-24 16:13:57');
INSERT INTO magic_family (fa_id,fa_name,fa_creation_date,fa_last_update_date) VALUES (71,'Demon','2015-02-24 16:13:57','2015-02-24 16:13:57');
INSERT INTO magic_family (fa_id,fa_name,fa_creation_date,fa_last_update_date) VALUES (72,'Minion','2015-02-24 16:13:57','2015-02-24 16:13:57');
INSERT INTO magic_family (fa_id,fa_name,fa_creation_date,fa_last_update_date) VALUES (73,'Elephant','2015-02-24 16:13:57','2015-02-24 16:13:57');
INSERT INTO magic_family (fa_id,fa_name,fa_creation_date,fa_last_update_date) VALUES (74,'Vedalken','2015-02-24 16:13:57','2015-02-24 16:13:57');
INSERT INTO magic_family (fa_id,fa_name,fa_creation_date,fa_last_update_date) VALUES (75,'Angel','2015-02-24 16:13:57','2015-02-24 16:13:57');
INSERT INTO magic_family (fa_id,fa_name,fa_creation_date,fa_last_update_date) VALUES (76,'Djinn','2015-02-24 16:13:57','2015-02-24 16:13:57');
INSERT INTO magic_family (fa_id,fa_name,fa_creation_date,fa_last_update_date) VALUES (77,'Snake','2015-02-24 16:13:57','2015-02-24 16:13:57');
INSERT INTO magic_family (fa_id,fa_name,fa_creation_date,fa_last_update_date) VALUES (78,'Pegasus','2015-02-24 16:13:57','2015-02-24 16:13:57');
INSERT INTO magic_family (fa_id,fa_name,fa_creation_date,fa_last_update_date) VALUES (79,'Slug','2015-02-24 16:13:57','2015-02-24 16:13:57');
INSERT INTO magic_family (fa_id,fa_name,fa_creation_date,fa_last_update_date) VALUES (80,'Mountain','2015-02-24 16:13:57','2015-02-24 16:13:57');
INSERT INTO magic_family (fa_id,fa_name,fa_creation_date,fa_last_update_date) VALUES (81,'Nightmare','2015-02-24 16:13:57','2015-02-24 16:13:57');
INSERT INTO magic_family (fa_id,fa_name,fa_creation_date,fa_last_update_date) VALUES (82,'Horse','2015-02-24 16:13:57','2015-02-24 16:13:57');
INSERT INTO magic_family (fa_id,fa_name,fa_creation_date,fa_last_update_date) VALUES (83,'Thopter','2015-02-24 16:13:57','2015-02-24 16:13:57');
INSERT INTO magic_family (fa_id,fa_name,fa_creation_date,fa_last_update_date) VALUES (84,'Unicorn','2015-02-24 16:13:57','2015-02-24 16:13:57');
INSERT INTO magic_family (fa_id,fa_name,fa_creation_date,fa_last_update_date) VALUES (85,'Incarnation','2015-02-24 16:13:57','2015-02-24 16:13:57');
INSERT INTO magic_family (fa_id,fa_name,fa_creation_date,fa_last_update_date) VALUES (86,'Illusion','2015-02-24 16:13:57','2015-02-24 16:13:57');
INSERT INTO magic_family (fa_id,fa_name,fa_creation_date,fa_last_update_date) VALUES (87,'Pirate','2015-02-24 16:13:57','2015-02-24 16:13:57');
INSERT INTO magic_family (fa_id,fa_name,fa_creation_date,fa_last_update_date) VALUES (88,'Rat','2015-02-24 16:13:57','2015-02-24 16:13:57');
INSERT INTO magic_family (fa_id,fa_name,fa_creation_date,fa_last_update_date) VALUES (89,'Plains','2015-02-24 16:13:57','2015-02-24 16:13:57');
INSERT INTO magic_family (fa_id,fa_name,fa_creation_date,fa_last_update_date) VALUES (90,'Nomad','2015-02-24 16:13:57','2015-02-24 16:13:57');
INSERT INTO magic_family (fa_id,fa_name,fa_creation_date,fa_last_update_date) VALUES (91,'Assassin','2015-02-24 16:13:57','2015-02-24 16:13:57');
INSERT INTO magic_family (fa_id,fa_name,fa_creation_date,fa_last_update_date) VALUES (92,'Sheep','2015-02-24 16:13:57','2015-02-24 16:13:57');
INSERT INTO magic_family (fa_id,fa_name,fa_creation_date,fa_last_update_date) VALUES (93,'Faerie','2015-02-24 16:13:57','2015-02-24 16:13:57');
INSERT INTO magic_family (fa_id,fa_name,fa_creation_date,fa_last_update_date) VALUES (94,'Serpent','2015-02-24 16:13:57','2015-02-24 16:13:57');
INSERT INTO magic_family (fa_id,fa_name,fa_creation_date,fa_last_update_date) VALUES (95,'Vampire','2015-02-24 16:13:57','2015-02-24 16:13:57');
INSERT INTO magic_family (fa_id,fa_name,fa_creation_date,fa_last_update_date) VALUES (96,'Dryad','2015-02-24 16:13:57','2015-02-24 16:13:57');
INSERT INTO magic_family (fa_id,fa_name,fa_creation_date,fa_last_update_date) VALUES (97,'Slith','2015-02-24 16:13:57','2015-02-24 16:13:57');
INSERT INTO magic_family (fa_id,fa_name,fa_creation_date,fa_last_update_date) VALUES (98,'Swamp','2015-02-24 16:13:57','2015-02-24 16:13:57');
INSERT INTO magic_family (fa_id,fa_name,fa_creation_date,fa_last_update_date) VALUES (99,'Troll','2015-02-24 16:13:57','2015-02-24 16:13:57');
INSERT INTO magic_family (fa_id,fa_name,fa_creation_date,fa_last_update_date) VALUES (100,'Basilisk','2015-02-24 16:13:57','2015-02-24 16:13:57');
INSERT INTO magic_family (fa_id,fa_name,fa_creation_date,fa_last_update_date) VALUES (101,'Wolf','2015-02-24 16:13:57','2015-02-24 16:13:57');
INSERT INTO magic_family (fa_id,fa_name,fa_creation_date,fa_last_update_date) VALUES (102,'Bat','2015-02-24 16:13:57','2015-02-24 16:13:57');
INSERT INTO magic_family (fa_id,fa_name,fa_creation_date,fa_last_update_date) VALUES (103,'Monk','2015-02-24 16:13:57','2015-02-24 16:13:57');
INSERT INTO magic_card_family (caf_ca_id,caf_fa_id) VALUES (2,1);
INSERT INTO magic_card_family (caf_ca_id,caf_fa_id) VALUES (3,2);
INSERT INTO magic_card_family (caf_ca_id,caf_fa_id) VALUES (7,3);
INSERT INTO magic_card_family (caf_ca_id,caf_fa_id) VALUES (7,4);
INSERT INTO magic_card_family (caf_ca_id,caf_fa_id) VALUES (8,5);
INSERT INTO magic_card_family (caf_ca_id,caf_fa_id) VALUES (11,6);
INSERT INTO magic_card_family (caf_ca_id,caf_fa_id) VALUES (14,3);
INSERT INTO magic_card_family (caf_ca_id,caf_fa_id) VALUES (15,7);
INSERT INTO magic_card_family (caf_ca_id,caf_fa_id) VALUES (16,7);
INSERT INTO magic_card_family (caf_ca_id,caf_fa_id) VALUES (17,7);
INSERT INTO magic_card_family (caf_ca_id,caf_fa_id) VALUES (20,3);
INSERT INTO magic_card_family (caf_ca_id,caf_fa_id) VALUES (20,8);
INSERT INTO magic_card_family (caf_ca_id,caf_fa_id) VALUES (21,9);
INSERT INTO magic_card_family (caf_ca_id,caf_fa_id) VALUES (24,7);
INSERT INTO magic_card_family (caf_ca_id,caf_fa_id) VALUES (27,7);
INSERT INTO magic_card_family (caf_ca_id,caf_fa_id) VALUES (29,10);
INSERT INTO magic_card_family (caf_ca_id,caf_fa_id) VALUES (30,3);
INSERT INTO magic_card_family (caf_ca_id,caf_fa_id) VALUES (30,11);
INSERT INTO magic_card_family (caf_ca_id,caf_fa_id) VALUES (31,3);
INSERT INTO magic_card_family (caf_ca_id,caf_fa_id) VALUES (31,11);
INSERT INTO magic_card_family (caf_ca_id,caf_fa_id) VALUES (32,3);
INSERT INTO magic_card_family (caf_ca_id,caf_fa_id) VALUES (32,12);
INSERT INTO magic_card_family (caf_ca_id,caf_fa_id) VALUES (34,7);
INSERT INTO magic_card_family (caf_ca_id,caf_fa_id) VALUES (37,2);
INSERT INTO magic_card_family (caf_ca_id,caf_fa_id) VALUES (38,13);
INSERT INTO magic_card_family (caf_ca_id,caf_fa_id) VALUES (40,14);
INSERT INTO magic_card_family (caf_ca_id,caf_fa_id) VALUES (42,3);
INSERT INTO magic_card_family (caf_ca_id,caf_fa_id) VALUES (42,11);
INSERT INTO magic_card_family (caf_ca_id,caf_fa_id) VALUES (44,3);
INSERT INTO magic_card_family (caf_ca_id,caf_fa_id) VALUES (44,15);
INSERT INTO magic_card_family (caf_ca_id,caf_fa_id) VALUES (45,15);
INSERT INTO magic_card_family (caf_ca_id,caf_fa_id) VALUES (46,3);
INSERT INTO magic_card_family (caf_ca_id,caf_fa_id) VALUES (46,16);
INSERT INTO magic_card_family (caf_ca_id,caf_fa_id) VALUES (49,7);
INSERT INTO magic_card_family (caf_ca_id,caf_fa_id) VALUES (50,7);
INSERT INTO magic_card_family (caf_ca_id,caf_fa_id) VALUES (51,7);
INSERT INTO magic_card_family (caf_ca_id,caf_fa_id) VALUES (59,7);
INSERT INTO magic_card_family (caf_ca_id,caf_fa_id) VALUES (60,17);
INSERT INTO magic_card_family (caf_ca_id,caf_fa_id) VALUES (61,18);
INSERT INTO magic_card_family (caf_ca_id,caf_fa_id) VALUES (62,13);
INSERT INTO magic_card_family (caf_ca_id,caf_fa_id) VALUES (63,19);
INSERT INTO magic_card_family (caf_ca_id,caf_fa_id) VALUES (64,20);
INSERT INTO magic_card_family (caf_ca_id,caf_fa_id) VALUES (66,7);
INSERT INTO magic_card_family (caf_ca_id,caf_fa_id) VALUES (67,14);
INSERT INTO magic_card_family (caf_ca_id,caf_fa_id) VALUES (69,9);
INSERT INTO magic_card_family (caf_ca_id,caf_fa_id) VALUES (70,3);
INSERT INTO magic_card_family (caf_ca_id,caf_fa_id) VALUES (70,21);
INSERT INTO magic_card_family (caf_ca_id,caf_fa_id) VALUES (71,22);
INSERT INTO magic_card_family (caf_ca_id,caf_fa_id) VALUES (72,7);
INSERT INTO magic_card_family (caf_ca_id,caf_fa_id) VALUES (73,23);
INSERT INTO magic_card_family (caf_ca_id,caf_fa_id) VALUES (73,24);
INSERT INTO magic_card_family (caf_ca_id,caf_fa_id) VALUES (74,25);
INSERT INTO magic_card_family (caf_ca_id,caf_fa_id) VALUES (76,14);
INSERT INTO magic_card_family (caf_ca_id,caf_fa_id) VALUES (77,3);
INSERT INTO magic_card_family (caf_ca_id,caf_fa_id) VALUES (82,17);
INSERT INTO magic_card_family (caf_ca_id,caf_fa_id) VALUES (91,19);
INSERT INTO magic_card_family (caf_ca_id,caf_fa_id) VALUES (92,15);
INSERT INTO magic_card_family (caf_ca_id,caf_fa_id) VALUES (93,9);
INSERT INTO magic_card_family (caf_ca_id,caf_fa_id) VALUES (94,25);
INSERT INTO magic_card_family (caf_ca_id,caf_fa_id) VALUES (95,15);
INSERT INTO magic_card_family (caf_ca_id,caf_fa_id) VALUES (96,26);
INSERT INTO magic_card_family (caf_ca_id,caf_fa_id) VALUES (97,27);
INSERT INTO magic_card_family (caf_ca_id,caf_fa_id) VALUES (97,9);
INSERT INTO magic_card_family (caf_ca_id,caf_fa_id) VALUES (98,28);
INSERT INTO magic_card_family (caf_ca_id,caf_fa_id) VALUES (99,19);
INSERT INTO magic_card_family (caf_ca_id,caf_fa_id) VALUES (100,29);
INSERT INTO magic_card_family (caf_ca_id,caf_fa_id) VALUES (101,19);
INSERT INTO magic_card_family (caf_ca_id,caf_fa_id) VALUES (105,7);
INSERT INTO magic_card_family (caf_ca_id,caf_fa_id) VALUES (106,7);
INSERT INTO magic_card_family (caf_ca_id,caf_fa_id) VALUES (108,5);
INSERT INTO magic_card_family (caf_ca_id,caf_fa_id) VALUES (109,27);
INSERT INTO magic_card_family (caf_ca_id,caf_fa_id) VALUES (109,9);
INSERT INTO magic_card_family (caf_ca_id,caf_fa_id) VALUES (111,1);
INSERT INTO magic_card_family (caf_ca_id,caf_fa_id) VALUES (113,30);
INSERT INTO magic_card_family (caf_ca_id,caf_fa_id) VALUES (114,7);
INSERT INTO magic_card_family (caf_ca_id,caf_fa_id) VALUES (116,31);
INSERT INTO magic_card_family (caf_ca_id,caf_fa_id) VALUES (122,7);
INSERT INTO magic_card_family (caf_ca_id,caf_fa_id) VALUES (124,32);
INSERT INTO magic_card_family (caf_ca_id,caf_fa_id) VALUES (126,33);
INSERT INTO magic_card_family (caf_ca_id,caf_fa_id) VALUES (128,13);
INSERT INTO magic_card_family (caf_ca_id,caf_fa_id) VALUES (135,14);
INSERT INTO magic_card_family (caf_ca_id,caf_fa_id) VALUES (138,3);
INSERT INTO magic_card_family (caf_ca_id,caf_fa_id) VALUES (138,34);
INSERT INTO magic_card_family (caf_ca_id,caf_fa_id) VALUES (142,7);
INSERT INTO magic_card_family (caf_ca_id,caf_fa_id) VALUES (143,7);
INSERT INTO magic_card_family (caf_ca_id,caf_fa_id) VALUES (145,14);
INSERT INTO magic_card_family (caf_ca_id,caf_fa_id) VALUES (146,26);
INSERT INTO magic_card_family (caf_ca_id,caf_fa_id) VALUES (150,1);
INSERT INTO magic_card_family (caf_ca_id,caf_fa_id) VALUES (151,32);
INSERT INTO magic_card_family (caf_ca_id,caf_fa_id) VALUES (152,35);
INSERT INTO magic_card_family (caf_ca_id,caf_fa_id) VALUES (153,36);
INSERT INTO magic_card_family (caf_ca_id,caf_fa_id) VALUES (154,37);
INSERT INTO magic_card_family (caf_ca_id,caf_fa_id) VALUES (155,27);
INSERT INTO magic_card_family (caf_ca_id,caf_fa_id) VALUES (156,14);
INSERT INTO magic_card_family (caf_ca_id,caf_fa_id) VALUES (157,38);
INSERT INTO magic_card_family (caf_ca_id,caf_fa_id) VALUES (157,39);
INSERT INTO magic_card_family (caf_ca_id,caf_fa_id) VALUES (158,2);
INSERT INTO magic_card_family (caf_ca_id,caf_fa_id) VALUES (161,26);
INSERT INTO magic_card_family (caf_ca_id,caf_fa_id) VALUES (161,30);
INSERT INTO magic_card_family (caf_ca_id,caf_fa_id) VALUES (163,40);
INSERT INTO magic_card_family (caf_ca_id,caf_fa_id) VALUES (164,40);
INSERT INTO magic_card_family (caf_ca_id,caf_fa_id) VALUES (165,40);
INSERT INTO magic_card_family (caf_ca_id,caf_fa_id) VALUES (165,41);
INSERT INTO magic_card_family (caf_ca_id,caf_fa_id) VALUES (166,3);
INSERT INTO magic_card_family (caf_ca_id,caf_fa_id) VALUES (166,8);
INSERT INTO magic_card_family (caf_ca_id,caf_fa_id) VALUES (167,13);
INSERT INTO magic_card_family (caf_ca_id,caf_fa_id) VALUES (170,3);
INSERT INTO magic_card_family (caf_ca_id,caf_fa_id) VALUES (170,39);
INSERT INTO magic_card_family (caf_ca_id,caf_fa_id) VALUES (171,7);
INSERT INTO magic_card_family (caf_ca_id,caf_fa_id) VALUES (172,7);
INSERT INTO magic_card_family (caf_ca_id,caf_fa_id) VALUES (173,7);
INSERT INTO magic_card_family (caf_ca_id,caf_fa_id) VALUES (177,9);
INSERT INTO magic_card_family (caf_ca_id,caf_fa_id) VALUES (179,3);
INSERT INTO magic_card_family (caf_ca_id,caf_fa_id) VALUES (179,8);
INSERT INTO magic_card_family (caf_ca_id,caf_fa_id) VALUES (180,7);
INSERT INTO magic_card_family (caf_ca_id,caf_fa_id) VALUES (181,7);
INSERT INTO magic_card_family (caf_ca_id,caf_fa_id) VALUES (184,2);
INSERT INTO magic_card_family (caf_ca_id,caf_fa_id) VALUES (186,7);
INSERT INTO magic_card_family (caf_ca_id,caf_fa_id) VALUES (187,13);
INSERT INTO magic_card_family (caf_ca_id,caf_fa_id) VALUES (191,36);
INSERT INTO magic_card_family (caf_ca_id,caf_fa_id) VALUES (192,7);
INSERT INTO magic_card_family (caf_ca_id,caf_fa_id) VALUES (196,2);
INSERT INTO magic_card_family (caf_ca_id,caf_fa_id) VALUES (197,42);
INSERT INTO magic_card_family (caf_ca_id,caf_fa_id) VALUES (200,7);
INSERT INTO magic_card_family (caf_ca_id,caf_fa_id) VALUES (201,43);
INSERT INTO magic_card_family (caf_ca_id,caf_fa_id) VALUES (202,44);
INSERT INTO magic_card_family (caf_ca_id,caf_fa_id) VALUES (203,45);
INSERT INTO magic_card_family (caf_ca_id,caf_fa_id) VALUES (203,46);
INSERT INTO magic_card_family (caf_ca_id,caf_fa_id) VALUES (204,47);
INSERT INTO magic_card_family (caf_ca_id,caf_fa_id) VALUES (206,7);
INSERT INTO magic_card_family (caf_ca_id,caf_fa_id) VALUES (208,33);
INSERT INTO magic_card_family (caf_ca_id,caf_fa_id) VALUES (210,48);
INSERT INTO magic_card_family (caf_ca_id,caf_fa_id) VALUES (211,7);
INSERT INTO magic_card_family (caf_ca_id,caf_fa_id) VALUES (212,49);
INSERT INTO magic_card_family (caf_ca_id,caf_fa_id) VALUES (216,40);
INSERT INTO magic_card_family (caf_ca_id,caf_fa_id) VALUES (218,50);
INSERT INTO magic_card_family (caf_ca_id,caf_fa_id) VALUES (218,39);
INSERT INTO magic_card_family (caf_ca_id,caf_fa_id) VALUES (220,14);
INSERT INTO magic_card_family (caf_ca_id,caf_fa_id) VALUES (221,50);
INSERT INTO magic_card_family (caf_ca_id,caf_fa_id) VALUES (222,50);
INSERT INTO magic_card_family (caf_ca_id,caf_fa_id) VALUES (223,50);
INSERT INTO magic_card_family (caf_ca_id,caf_fa_id) VALUES (224,50);
INSERT INTO magic_card_family (caf_ca_id,caf_fa_id) VALUES (224,51);
INSERT INTO magic_card_family (caf_ca_id,caf_fa_id) VALUES (225,52);
INSERT INTO magic_card_family (caf_ca_id,caf_fa_id) VALUES (226,5);
INSERT INTO magic_card_family (caf_ca_id,caf_fa_id) VALUES (227,13);
INSERT INTO magic_card_family (caf_ca_id,caf_fa_id) VALUES (230,14);
INSERT INTO magic_card_family (caf_ca_id,caf_fa_id) VALUES (231,53);
INSERT INTO magic_card_family (caf_ca_id,caf_fa_id) VALUES (235,7);
INSERT INTO magic_card_family (caf_ca_id,caf_fa_id) VALUES (236,14);
INSERT INTO magic_card_family (caf_ca_id,caf_fa_id) VALUES (238,54);
INSERT INTO magic_card_family (caf_ca_id,caf_fa_id) VALUES (239,9);
INSERT INTO magic_card_family (caf_ca_id,caf_fa_id) VALUES (243,19);
INSERT INTO magic_card_family (caf_ca_id,caf_fa_id) VALUES (244,55);
INSERT INTO magic_card_family (caf_ca_id,caf_fa_id) VALUES (245,7);
INSERT INTO magic_card_family (caf_ca_id,caf_fa_id) VALUES (246,7);
INSERT INTO magic_card_family (caf_ca_id,caf_fa_id) VALUES (251,56);
INSERT INTO magic_card_family (caf_ca_id,caf_fa_id) VALUES (252,57);
INSERT INTO magic_card_family (caf_ca_id,caf_fa_id) VALUES (254,58);
INSERT INTO magic_card_family (caf_ca_id,caf_fa_id) VALUES (256,7);
INSERT INTO magic_card_family (caf_ca_id,caf_fa_id) VALUES (258,7);
INSERT INTO magic_card_family (caf_ca_id,caf_fa_id) VALUES (260,7);
INSERT INTO magic_card_family (caf_ca_id,caf_fa_id) VALUES (261,5);
INSERT INTO magic_card_family (caf_ca_id,caf_fa_id) VALUES (263,59);
INSERT INTO magic_card_family (caf_ca_id,caf_fa_id) VALUES (264,60);
INSERT INTO magic_card_family (caf_ca_id,caf_fa_id) VALUES (266,61);
INSERT INTO magic_card_family (caf_ca_id,caf_fa_id) VALUES (267,62);
INSERT INTO magic_card_family (caf_ca_id,caf_fa_id) VALUES (278,63);
INSERT INTO magic_card_family (caf_ca_id,caf_fa_id) VALUES (280,3);
INSERT INTO magic_card_family (caf_ca_id,caf_fa_id) VALUES (280,64);
INSERT INTO magic_card_family (caf_ca_id,caf_fa_id) VALUES (281,25);
INSERT INTO magic_card_family (caf_ca_id,caf_fa_id) VALUES (285,50);
INSERT INTO magic_card_family (caf_ca_id,caf_fa_id) VALUES (285,39);
INSERT INTO magic_card_family (caf_ca_id,caf_fa_id) VALUES (286,50);
INSERT INTO magic_card_family (caf_ca_id,caf_fa_id) VALUES (286,21);
INSERT INTO magic_card_family (caf_ca_id,caf_fa_id) VALUES (287,65);
INSERT INTO magic_card_family (caf_ca_id,caf_fa_id) VALUES (289,5);
INSERT INTO magic_card_family (caf_ca_id,caf_fa_id) VALUES (290,66);
INSERT INTO magic_card_family (caf_ca_id,caf_fa_id) VALUES (290,34);
INSERT INTO magic_card_family (caf_ca_id,caf_fa_id) VALUES (292,66);
INSERT INTO magic_card_family (caf_ca_id,caf_fa_id) VALUES (292,11);
INSERT INTO magic_card_family (caf_ca_id,caf_fa_id) VALUES (293,66);
INSERT INTO magic_card_family (caf_ca_id,caf_fa_id) VALUES (293,34);
INSERT INTO magic_card_family (caf_ca_id,caf_fa_id) VALUES (294,13);
INSERT INTO magic_card_family (caf_ca_id,caf_fa_id) VALUES (295,66);
INSERT INTO magic_card_family (caf_ca_id,caf_fa_id) VALUES (295,16);
INSERT INTO magic_card_family (caf_ca_id,caf_fa_id) VALUES (297,52);
INSERT INTO magic_card_family (caf_ca_id,caf_fa_id) VALUES (298,67);
INSERT INTO magic_card_family (caf_ca_id,caf_fa_id) VALUES (299,3);
INSERT INTO magic_card_family (caf_ca_id,caf_fa_id) VALUES (299,68);
INSERT INTO magic_card_family (caf_ca_id,caf_fa_id) VALUES (308,13);
INSERT INTO magic_card_family (caf_ca_id,caf_fa_id) VALUES (309,7);
INSERT INTO magic_card_family (caf_ca_id,caf_fa_id) VALUES (310,2);
INSERT INTO magic_card_family (caf_ca_id,caf_fa_id) VALUES (310,25);
INSERT INTO magic_card_family (caf_ca_id,caf_fa_id) VALUES (312,40);
INSERT INTO magic_card_family (caf_ca_id,caf_fa_id) VALUES (312,68);
INSERT INTO magic_card_family (caf_ca_id,caf_fa_id) VALUES (313,5);
INSERT INTO magic_card_family (caf_ca_id,caf_fa_id) VALUES (314,69);
INSERT INTO magic_card_family (caf_ca_id,caf_fa_id) VALUES (315,70);
INSERT INTO magic_card_family (caf_ca_id,caf_fa_id) VALUES (316,71);
INSERT INTO magic_card_family (caf_ca_id,caf_fa_id) VALUES (317,33);
INSERT INTO magic_card_family (caf_ca_id,caf_fa_id) VALUES (317,72);
INSERT INTO magic_card_family (caf_ca_id,caf_fa_id) VALUES (318,73);
INSERT INTO magic_card_family (caf_ca_id,caf_fa_id) VALUES (318,34);
INSERT INTO magic_card_family (caf_ca_id,caf_fa_id) VALUES (319,73);
INSERT INTO magic_card_family (caf_ca_id,caf_fa_id) VALUES (319,11);
INSERT INTO magic_card_family (caf_ca_id,caf_fa_id) VALUES (320,73);
INSERT INTO magic_card_family (caf_ca_id,caf_fa_id) VALUES (320,11);
INSERT INTO magic_card_family (caf_ca_id,caf_fa_id) VALUES (321,13);
INSERT INTO magic_card_family (caf_ca_id,caf_fa_id) VALUES (322,74);
INSERT INTO magic_card_family (caf_ca_id,caf_fa_id) VALUES (322,8);
INSERT INTO magic_card_family (caf_ca_id,caf_fa_id) VALUES (323,3);
INSERT INTO magic_card_family (caf_ca_id,caf_fa_id) VALUES (323,8);
INSERT INTO magic_card_family (caf_ca_id,caf_fa_id) VALUES (324,3);
INSERT INTO magic_card_family (caf_ca_id,caf_fa_id) VALUES (324,8);
INSERT INTO magic_card_family (caf_ca_id,caf_fa_id) VALUES (325,75);
INSERT INTO magic_card_family (caf_ca_id,caf_fa_id) VALUES (326,7);
INSERT INTO magic_card_family (caf_ca_id,caf_fa_id) VALUES (329,76);
INSERT INTO magic_card_family (caf_ca_id,caf_fa_id) VALUES (330,19);
INSERT INTO magic_card_family (caf_ca_id,caf_fa_id) VALUES (338,77);
INSERT INTO magic_card_family (caf_ca_id,caf_fa_id) VALUES (339,13);
INSERT INTO magic_card_family (caf_ca_id,caf_fa_id) VALUES (342,10);
INSERT INTO magic_card_family (caf_ca_id,caf_fa_id) VALUES (343,70);
INSERT INTO magic_card_family (caf_ca_id,caf_fa_id) VALUES (344,78);
INSERT INTO magic_card_family (caf_ca_id,caf_fa_id) VALUES (352,19);
INSERT INTO magic_card_family (caf_ca_id,caf_fa_id) VALUES (354,52);
INSERT INTO magic_card_family (caf_ca_id,caf_fa_id) VALUES (355,79);
INSERT INTO magic_card_family (caf_ca_id,caf_fa_id) VALUES (355,9);
INSERT INTO magic_card_family (caf_ca_id,caf_fa_id) VALUES (357,50);
INSERT INTO magic_card_family (caf_ca_id,caf_fa_id) VALUES (359,3);
INSERT INTO magic_card_family (caf_ca_id,caf_fa_id) VALUES (359,4);
INSERT INTO magic_card_family (caf_ca_id,caf_fa_id) VALUES (360,80);
INSERT INTO magic_card_family (caf_ca_id,caf_fa_id) VALUES (362,32);
INSERT INTO magic_card_family (caf_ca_id,caf_fa_id) VALUES (363,5);
INSERT INTO magic_card_family (caf_ca_id,caf_fa_id) VALUES (364,5);
INSERT INTO magic_card_family (caf_ca_id,caf_fa_id) VALUES (366,5);
INSERT INTO magic_card_family (caf_ca_id,caf_fa_id) VALUES (367,5);
INSERT INTO magic_card_family (caf_ca_id,caf_fa_id) VALUES (368,5);
INSERT INTO magic_card_family (caf_ca_id,caf_fa_id) VALUES (369,77);
INSERT INTO magic_card_family (caf_ca_id,caf_fa_id) VALUES (372,25);
INSERT INTO magic_card_family (caf_ca_id,caf_fa_id) VALUES (373,33);
INSERT INTO magic_card_family (caf_ca_id,caf_fa_id) VALUES (374,15);
INSERT INTO magic_card_family (caf_ca_id,caf_fa_id) VALUES (375,13);
INSERT INTO magic_card_family (caf_ca_id,caf_fa_id) VALUES (376,3);
INSERT INTO magic_card_family (caf_ca_id,caf_fa_id) VALUES (376,4);
INSERT INTO magic_card_family (caf_ca_id,caf_fa_id) VALUES (378,81);
INSERT INTO magic_card_family (caf_ca_id,caf_fa_id) VALUES (378,82);
INSERT INTO magic_card_family (caf_ca_id,caf_fa_id) VALUES (379,13);
INSERT INTO magic_card_family (caf_ca_id,caf_fa_id) VALUES (380,32);
INSERT INTO magic_card_family (caf_ca_id,caf_fa_id) VALUES (381,32);
INSERT INTO magic_card_family (caf_ca_id,caf_fa_id) VALUES (382,32);
INSERT INTO magic_card_family (caf_ca_id,caf_fa_id) VALUES (383,32);
INSERT INTO magic_card_family (caf_ca_id,caf_fa_id) VALUES (384,32);
INSERT INTO magic_card_family (caf_ca_id,caf_fa_id) VALUES (385,3);
INSERT INTO magic_card_family (caf_ca_id,caf_fa_id) VALUES (385,16);
INSERT INTO magic_card_family (caf_ca_id,caf_fa_id) VALUES (389,19);
INSERT INTO magic_card_family (caf_ca_id,caf_fa_id) VALUES (390,53);
INSERT INTO magic_card_family (caf_ca_id,caf_fa_id) VALUES (391,5);
INSERT INTO magic_card_family (caf_ca_id,caf_fa_id) VALUES (393,14);
INSERT INTO magic_card_family (caf_ca_id,caf_fa_id) VALUES (394,59);
INSERT INTO magic_card_family (caf_ca_id,caf_fa_id) VALUES (394,39);
INSERT INTO magic_card_family (caf_ca_id,caf_fa_id) VALUES (396,83);
INSERT INTO magic_card_family (caf_ca_id,caf_fa_id) VALUES (397,15);
INSERT INTO magic_card_family (caf_ca_id,caf_fa_id) VALUES (399,7);
INSERT INTO magic_card_family (caf_ca_id,caf_fa_id) VALUES (401,84);
INSERT INTO magic_card_family (caf_ca_id,caf_fa_id) VALUES (402,14);
INSERT INTO magic_card_family (caf_ca_id,caf_fa_id) VALUES (403,47);
INSERT INTO magic_card_family (caf_ca_id,caf_fa_id) VALUES (403,85);
INSERT INTO magic_card_family (caf_ca_id,caf_fa_id) VALUES (405,19);
INSERT INTO magic_card_family (caf_ca_id,caf_fa_id) VALUES (406,86);
INSERT INTO magic_card_family (caf_ca_id,caf_fa_id) VALUES (407,7);
INSERT INTO magic_card_family (caf_ca_id,caf_fa_id) VALUES (408,86);
INSERT INTO magic_card_family (caf_ca_id,caf_fa_id) VALUES (410,3);
INSERT INTO magic_card_family (caf_ca_id,caf_fa_id) VALUES (410,11);
INSERT INTO magic_card_family (caf_ca_id,caf_fa_id) VALUES (411,3);
INSERT INTO magic_card_family (caf_ca_id,caf_fa_id) VALUES (411,87);
INSERT INTO magic_card_family (caf_ca_id,caf_fa_id) VALUES (412,35);
INSERT INTO magic_card_family (caf_ca_id,caf_fa_id) VALUES (413,88);
INSERT INTO magic_card_family (caf_ca_id,caf_fa_id) VALUES (414,89);
INSERT INTO magic_card_family (caf_ca_id,caf_fa_id) VALUES (415,30);
INSERT INTO magic_card_family (caf_ca_id,caf_fa_id) VALUES (416,75);
INSERT INTO magic_card_family (caf_ca_id,caf_fa_id) VALUES (418,7);
INSERT INTO magic_card_family (caf_ca_id,caf_fa_id) VALUES (421,3);
INSERT INTO magic_card_family (caf_ca_id,caf_fa_id) VALUES (421,90);
INSERT INTO magic_card_family (caf_ca_id,caf_fa_id) VALUES (423,37);
INSERT INTO magic_card_family (caf_ca_id,caf_fa_id) VALUES (424,3);
INSERT INTO magic_card_family (caf_ca_id,caf_fa_id) VALUES (424,8);
INSERT INTO magic_card_family (caf_ca_id,caf_fa_id) VALUES (427,86);
INSERT INTO magic_card_family (caf_ca_id,caf_fa_id) VALUES (428,24);
INSERT INTO magic_card_family (caf_ca_id,caf_fa_id) VALUES (429,7);
INSERT INTO magic_card_family (caf_ca_id,caf_fa_id) VALUES (434,2);
INSERT INTO magic_card_family (caf_ca_id,caf_fa_id) VALUES (436,33);
INSERT INTO magic_card_family (caf_ca_id,caf_fa_id) VALUES (437,3);
INSERT INTO magic_card_family (caf_ca_id,caf_fa_id) VALUES (437,72);
INSERT INTO magic_card_family (caf_ca_id,caf_fa_id) VALUES (444,7);
INSERT INTO magic_card_family (caf_ca_id,caf_fa_id) VALUES (445,7);
INSERT INTO magic_card_family (caf_ca_id,caf_fa_id) VALUES (447,71);
INSERT INTO magic_card_family (caf_ca_id,caf_fa_id) VALUES (448,7);
INSERT INTO magic_card_family (caf_ca_id,caf_fa_id) VALUES (449,7);
INSERT INTO magic_card_family (caf_ca_id,caf_fa_id) VALUES (454,3);
INSERT INTO magic_card_family (caf_ca_id,caf_fa_id) VALUES (454,91);
INSERT INTO magic_card_family (caf_ca_id,caf_fa_id) VALUES (456,2);
INSERT INTO magic_card_family (caf_ca_id,caf_fa_id) VALUES (457,53);
INSERT INTO magic_card_family (caf_ca_id,caf_fa_id) VALUES (458,92);
INSERT INTO magic_card_family (caf_ca_id,caf_fa_id) VALUES (459,3);
INSERT INTO magic_card_family (caf_ca_id,caf_fa_id) VALUES (459,34);
INSERT INTO magic_card_family (caf_ca_id,caf_fa_id) VALUES (461,66);
INSERT INTO magic_card_family (caf_ca_id,caf_fa_id) VALUES (463,32);
INSERT INTO magic_card_family (caf_ca_id,caf_fa_id) VALUES (464,32);
INSERT INTO magic_card_family (caf_ca_id,caf_fa_id) VALUES (466,93);
INSERT INTO magic_card_family (caf_ca_id,caf_fa_id) VALUES (468,13);
INSERT INTO magic_card_family (caf_ca_id,caf_fa_id) VALUES (469,94);
INSERT INTO magic_card_family (caf_ca_id,caf_fa_id) VALUES (472,7);
INSERT INTO magic_card_family (caf_ca_id,caf_fa_id) VALUES (474,67);
INSERT INTO magic_card_family (caf_ca_id,caf_fa_id) VALUES (475,95);
INSERT INTO magic_card_family (caf_ca_id,caf_fa_id) VALUES (476,75);
INSERT INTO magic_card_family (caf_ca_id,caf_fa_id) VALUES (478,96);
INSERT INTO magic_card_family (caf_ca_id,caf_fa_id) VALUES (479,37);
INSERT INTO magic_card_family (caf_ca_id,caf_fa_id) VALUES (482,26);
INSERT INTO magic_card_family (caf_ca_id,caf_fa_id) VALUES (484,5);
INSERT INTO magic_card_family (caf_ca_id,caf_fa_id) VALUES (486,3);
INSERT INTO magic_card_family (caf_ca_id,caf_fa_id) VALUES (488,3);
INSERT INTO magic_card_family (caf_ca_id,caf_fa_id) VALUES (488,21);
INSERT INTO magic_card_family (caf_ca_id,caf_fa_id) VALUES (490,66);
INSERT INTO magic_card_family (caf_ca_id,caf_fa_id) VALUES (490,16);
INSERT INTO magic_card_family (caf_ca_id,caf_fa_id) VALUES (491,66);
INSERT INTO magic_card_family (caf_ca_id,caf_fa_id) VALUES (491,16);
INSERT INTO magic_card_family (caf_ca_id,caf_fa_id) VALUES (492,13);
INSERT INTO magic_card_family (caf_ca_id,caf_fa_id) VALUES (494,97);
INSERT INTO magic_card_family (caf_ca_id,caf_fa_id) VALUES (495,97);
INSERT INTO magic_card_family (caf_ca_id,caf_fa_id) VALUES (496,97);
INSERT INTO magic_card_family (caf_ca_id,caf_fa_id) VALUES (497,97);
INSERT INTO magic_card_family (caf_ca_id,caf_fa_id) VALUES (498,97);
INSERT INTO magic_card_family (caf_ca_id,caf_fa_id) VALUES (501,11);
INSERT INTO magic_card_family (caf_ca_id,caf_fa_id) VALUES (502,19);
INSERT INTO magic_card_family (caf_ca_id,caf_fa_id) VALUES (503,69);
INSERT INTO magic_card_family (caf_ca_id,caf_fa_id) VALUES (504,3);
INSERT INTO magic_card_family (caf_ca_id,caf_fa_id) VALUES (504,8);
INSERT INTO magic_card_family (caf_ca_id,caf_fa_id) VALUES (511,50);
INSERT INTO magic_card_family (caf_ca_id,caf_fa_id) VALUES (511,21);
INSERT INTO magic_card_family (caf_ca_id,caf_fa_id) VALUES (512,7);
INSERT INTO magic_card_family (caf_ca_id,caf_fa_id) VALUES (513,7);
INSERT INTO magic_card_family (caf_ca_id,caf_fa_id) VALUES (517,7);
INSERT INTO magic_card_family (caf_ca_id,caf_fa_id) VALUES (518,24);
INSERT INTO magic_card_family (caf_ca_id,caf_fa_id) VALUES (519,55);
INSERT INTO magic_card_family (caf_ca_id,caf_fa_id) VALUES (527,98);
INSERT INTO magic_card_family (caf_ca_id,caf_fa_id) VALUES (528,13);
INSERT INTO magic_card_family (caf_ca_id,caf_fa_id) VALUES (533,66);
INSERT INTO magic_card_family (caf_ca_id,caf_fa_id) VALUES (533,11);
INSERT INTO magic_card_family (caf_ca_id,caf_fa_id) VALUES (543,40);
INSERT INTO magic_card_family (caf_ca_id,caf_fa_id) VALUES (543,41);
INSERT INTO magic_card_family (caf_ca_id,caf_fa_id) VALUES (544,40);
INSERT INTO magic_card_family (caf_ca_id,caf_fa_id) VALUES (544,39);
INSERT INTO magic_card_family (caf_ca_id,caf_fa_id) VALUES (545,99);
INSERT INTO magic_card_family (caf_ca_id,caf_fa_id) VALUES (545,39);
INSERT INTO magic_card_family (caf_ca_id,caf_fa_id) VALUES (547,63);
INSERT INTO magic_card_family (caf_ca_id,caf_fa_id) VALUES (551,14);
INSERT INTO magic_card_family (caf_ca_id,caf_fa_id) VALUES (552,7);
INSERT INTO magic_card_family (caf_ca_id,caf_fa_id) VALUES (555,100);
INSERT INTO magic_card_family (caf_ca_id,caf_fa_id) VALUES (561,101);
INSERT INTO magic_card_family (caf_ca_id,caf_fa_id) VALUES (562,2);
INSERT INTO magic_card_family (caf_ca_id,caf_fa_id) VALUES (565,19);
INSERT INTO magic_card_family (caf_ca_id,caf_fa_id) VALUES (575,14);
INSERT INTO magic_card_family (caf_ca_id,caf_fa_id) VALUES (576,99);
INSERT INTO magic_card_family (caf_ca_id,caf_fa_id) VALUES (576,21);
INSERT INTO magic_card_family (caf_ca_id,caf_fa_id) VALUES (577,99);
INSERT INTO magic_card_family (caf_ca_id,caf_fa_id) VALUES (577,21);
INSERT INTO magic_card_family (caf_ca_id,caf_fa_id) VALUES (579,101);
INSERT INTO magic_card_family (caf_ca_id,caf_fa_id) VALUES (583,3);
INSERT INTO magic_card_family (caf_ca_id,caf_fa_id) VALUES (584,7);
INSERT INTO magic_card_family (caf_ca_id,caf_fa_id) VALUES (585,7);
INSERT INTO magic_card_family (caf_ca_id,caf_fa_id) VALUES (588,37);
INSERT INTO magic_card_family (caf_ca_id,caf_fa_id) VALUES (589,99);
INSERT INTO magic_card_family (caf_ca_id,caf_fa_id) VALUES (590,102);
INSERT INTO magic_card_family (caf_ca_id,caf_fa_id) VALUES (592,74);
INSERT INTO magic_card_family (caf_ca_id,caf_fa_id) VALUES (592,8);
INSERT INTO magic_card_family (caf_ca_id,caf_fa_id) VALUES (593,7);
INSERT INTO magic_card_family (caf_ca_id,caf_fa_id) VALUES (594,3);
INSERT INTO magic_card_family (caf_ca_id,caf_fa_id) VALUES (594,68);
INSERT INTO magic_card_family (caf_ca_id,caf_fa_id) VALUES (595,1);
INSERT INTO magic_card_family (caf_ca_id,caf_fa_id) VALUES (596,40);
INSERT INTO magic_card_family (caf_ca_id,caf_fa_id) VALUES (596,68);
INSERT INTO magic_card_family (caf_ca_id,caf_fa_id) VALUES (597,13);
INSERT INTO magic_card_family (caf_ca_id,caf_fa_id) VALUES (598,40);
INSERT INTO magic_card_family (caf_ca_id,caf_fa_id) VALUES (598,21);
INSERT INTO magic_card_family (caf_ca_id,caf_fa_id) VALUES (601,13);
INSERT INTO magic_card_family (caf_ca_id,caf_fa_id) VALUES (602,13);
INSERT INTO magic_card_family (caf_ca_id,caf_fa_id) VALUES (603,3);
INSERT INTO magic_card_family (caf_ca_id,caf_fa_id) VALUES (603,39);
INSERT INTO magic_card_family (caf_ca_id,caf_fa_id) VALUES (604,3);
INSERT INTO magic_card_family (caf_ca_id,caf_fa_id) VALUES (604,51);
INSERT INTO magic_card_family (caf_ca_id,caf_fa_id) VALUES (605,13);
INSERT INTO magic_card_family (caf_ca_id,caf_fa_id) VALUES (607,24);
INSERT INTO magic_card_family (caf_ca_id,caf_fa_id) VALUES (608,24);
INSERT INTO magic_card_family (caf_ca_id,caf_fa_id) VALUES (609,36);
INSERT INTO magic_card_family (caf_ca_id,caf_fa_id) VALUES (609,24);
INSERT INTO magic_card_family (caf_ca_id,caf_fa_id) VALUES (610,23);
INSERT INTO magic_card_family (caf_ca_id,caf_fa_id) VALUES (610,24);
INSERT INTO magic_card_family (caf_ca_id,caf_fa_id) VALUES (611,24);
INSERT INTO magic_card_family (caf_ca_id,caf_fa_id) VALUES (612,24);
INSERT INTO magic_card_family (caf_ca_id,caf_fa_id) VALUES (613,24);
INSERT INTO magic_card_family (caf_ca_id,caf_fa_id) VALUES (614,24);
INSERT INTO magic_card_family (caf_ca_id,caf_fa_id) VALUES (615,24);
INSERT INTO magic_card_family (caf_ca_id,caf_fa_id) VALUES (616,24);
INSERT INTO magic_card_family (caf_ca_id,caf_fa_id) VALUES (617,24);
INSERT INTO magic_card_family (caf_ca_id,caf_fa_id) VALUES (618,24);
INSERT INTO magic_card_family (caf_ca_id,caf_fa_id) VALUES (619,69);
INSERT INTO magic_card_family (caf_ca_id,caf_fa_id) VALUES (620,7);
INSERT INTO magic_card_family (caf_ca_id,caf_fa_id) VALUES (621,2);
INSERT INTO magic_card_family (caf_ca_id,caf_fa_id) VALUES (622,73);
INSERT INTO magic_card_family (caf_ca_id,caf_fa_id) VALUES (623,7);
INSERT INTO magic_card_family (caf_ca_id,caf_fa_id) VALUES (624,2);
INSERT INTO magic_card_family (caf_ca_id,caf_fa_id) VALUES (625,7);
INSERT INTO magic_card_family (caf_ca_id,caf_fa_id) VALUES (626,7);
INSERT INTO magic_card_family (caf_ca_id,caf_fa_id) VALUES (628,3);
INSERT INTO magic_card_family (caf_ca_id,caf_fa_id) VALUES (628,103);
INSERT INTO magic_card_family (caf_ca_id,caf_fa_id) VALUES (629,3);
INSERT INTO magic_card_family (caf_ca_id,caf_fa_id) VALUES (629,16);
INSERT INTO magic_card_family (caf_ca_id,caf_fa_id) VALUES (631,7);
INSERT INTO magic_card_family (caf_ca_id,caf_fa_id) VALUES (632,7);
INSERT INTO magic_card_family (caf_ca_id,caf_fa_id) VALUES (633,33);
INSERT INTO magic_card_family (caf_ca_id,caf_fa_id) VALUES (637,8);
INSERT INTO magic_card_family (caf_ca_id,caf_fa_id) VALUES (638,32);
INSERT INTO magic_card_family (caf_ca_id,caf_fa_id) VALUES (641,13);
INSERT INTO magic_card_family (caf_ca_id,caf_fa_id) VALUES (644,40);
INSERT INTO magic_card_family (caf_ca_id,caf_fa_id) VALUES (644,39);
INSERT INTO magic_card_family (caf_ca_id,caf_fa_id) VALUES (645,33);
INSERT INTO magic_card_family (caf_ca_id,caf_fa_id) VALUES (646,11);
INSERT INTO magic_card_family (caf_ca_id,caf_fa_id) VALUES (647,15);
INSERT INTO magic_card_family (caf_ca_id,caf_fa_id) VALUES (648,32);
INSERT INTO magic_rarity (ra_id,ra_abbreviation,ra_creation_date,ra_last_update_date) VALUES (1,'C','2015-02-24 16:13:57','2015-02-24 16:13:57');
INSERT INTO magic_rarity (ra_id,ra_abbreviation,ra_creation_date,ra_last_update_date) VALUES (2,'U','2015-02-24 16:13:57','2015-02-24 16:13:57');
INSERT INTO magic_rarity (ra_id,ra_abbreviation,ra_creation_date,ra_last_update_date) VALUES (3,'R','2015-02-24 16:13:57','2015-02-24 16:13:57');
INSERT INTO magic_card_edition (ce_ca_id,ce_ed_id,ce_versions,ce_ra_id,ce_creation_date,ce_last_update_date,ce_cost) VALUES (1,1,1,1,'2015-02-24 16:13:57','2015-02-24 16:13:57','1'   );
INSERT INTO magic_card_edition (ce_ca_id,ce_ed_id,ce_versions,ce_ra_id,ce_creation_date,ce_last_update_date,ce_cost,ce_power,ce_toughness) VALUES (2,2,1,2,'2015-02-24 16:13:57','2015-02-24 16:13:57','3BB','2','6' );
INSERT INTO magic_card_edition (ce_ca_id,ce_ed_id,ce_versions,ce_ra_id,ce_creation_date,ce_last_update_date,ce_cost,ce_power,ce_toughness) VALUES (3,2,1,2,'2015-02-24 16:13:57','2015-02-24 16:13:57','3UU','4','4' );
INSERT INTO magic_card_edition (ce_ca_id,ce_ed_id,ce_versions,ce_ra_id,ce_creation_date,ce_last_update_date,ce_cost) VALUES (4,2,1,1,'2015-02-24 16:13:57','2015-02-24 16:13:57','XWW'   );
INSERT INTO magic_card_edition (ce_ca_id,ce_ed_id,ce_versions,ce_ra_id,ce_creation_date,ce_last_update_date,ce_cost) VALUES (5,2,1,3,'2015-02-24 16:13:57','2015-02-24 16:13:57','10'   );
INSERT INTO magic_card_edition (ce_ca_id,ce_ed_id,ce_versions,ce_ra_id,ce_creation_date,ce_last_update_date,ce_cost) VALUES (6,2,1,3,'2015-02-24 16:13:57','2015-02-24 16:13:57','8'   );
INSERT INTO magic_card_edition (ce_ca_id,ce_ed_id,ce_versions,ce_ra_id,ce_creation_date,ce_last_update_date,ce_cost,ce_power,ce_toughness) VALUES (7,2,1,2,'2015-02-24 16:13:57','2015-02-24 16:13:57','R','1','1' );
INSERT INTO magic_card_edition (ce_ca_id,ce_ed_id,ce_versions,ce_ra_id,ce_creation_date,ce_last_update_date,ce_cost,ce_power,ce_toughness) VALUES (8,1,1,1,'2015-02-24 16:13:57','2015-02-24 16:13:57','2','2','1' );
INSERT INTO magic_card_edition (ce_ca_id,ce_ed_id,ce_versions,ce_ra_id,ce_creation_date,ce_last_update_date,ce_cost) VALUES (9,1,1,3,'2015-02-24 16:13:57','2015-02-24 16:13:57','7'   );
INSERT INTO magic_card_edition (ce_ca_id,ce_ed_id,ce_versions,ce_ra_id,ce_creation_date,ce_last_update_date,ce_cost) VALUES (10,1,1,2,'2015-02-24 16:13:57','2015-02-24 16:13:57','2WW'   );
INSERT INTO magic_card_edition (ce_ca_id,ce_ed_id,ce_versions,ce_ra_id,ce_creation_date,ce_last_update_date,ce_cost,ce_power,ce_toughness) VALUES (11,2,1,1,'2015-02-24 16:13:57','2015-02-24 16:13:57','WW','1','1' );
INSERT INTO magic_card_edition (ce_ca_id,ce_ed_id,ce_versions,ce_ra_id,ce_creation_date,ce_last_update_date,ce_cost) VALUES (12,2,1,1,'2015-02-24 16:13:57','2015-02-24 16:13:57','2'   );
INSERT INTO magic_card_edition (ce_ca_id,ce_ed_id,ce_versions,ce_ra_id,ce_creation_date,ce_last_update_date) VALUES (13,1,1,1,'2015-02-24 16:13:57','2015-02-24 16:13:57'    );
INSERT INTO magic_card_edition (ce_ca_id,ce_ed_id,ce_versions,ce_ra_id,ce_creation_date,ce_last_update_date,ce_cost,ce_power,ce_toughness) VALUES (14,2,1,2,'2015-02-24 16:13:57','2015-02-24 16:13:57','2WW','2+*','2+' );
INSERT INTO magic_card_edition (ce_ca_id,ce_ed_id,ce_versions,ce_ra_id,ce_creation_date,ce_last_update_date,ce_cost) VALUES (15,2,1,2,'2015-02-24 16:13:57','2015-02-24 16:13:57','3U'   );
INSERT INTO magic_card_edition (ce_ca_id,ce_ed_id,ce_versions,ce_ra_id,ce_creation_date,ce_last_update_date,ce_cost) VALUES (16,2,1,2,'2015-02-24 16:13:57','2015-02-24 16:13:57','1B'   );
INSERT INTO magic_card_edition (ce_ca_id,ce_ed_id,ce_versions,ce_ra_id,ce_creation_date,ce_last_update_date,ce_cost) VALUES (17,2,1,3,'2015-02-24 16:13:57','2015-02-24 16:13:57','W'   );
INSERT INTO magic_card_edition (ce_ca_id,ce_ed_id,ce_versions,ce_ra_id,ce_creation_date,ce_last_update_date,ce_cost) VALUES (18,2,1,3,'2015-02-24 16:13:57','2015-02-24 16:13:57','2'   );
INSERT INTO magic_card_edition (ce_ca_id,ce_ed_id,ce_versions,ce_ra_id,ce_creation_date,ce_last_update_date,ce_cost) VALUES (19,1,1,1,'2015-02-24 16:13:57','2015-02-24 16:13:57','U'   );
INSERT INTO magic_card_edition (ce_ca_id,ce_ed_id,ce_versions,ce_ra_id,ce_creation_date,ce_last_update_date,ce_cost,ce_power,ce_toughness) VALUES (20,2,1,1,'2015-02-24 16:13:57','2015-02-24 16:13:57','1UU','0','1' );
INSERT INTO magic_card_edition (ce_ca_id,ce_ed_id,ce_versions,ce_ra_id,ce_creation_date,ce_last_update_date,ce_cost,ce_power,ce_toughness) VALUES (21,1,1,3,'2015-02-24 16:13:57','2015-02-24 16:13:57','3RR','4','5' );
INSERT INTO magic_card_edition (ce_ca_id,ce_ed_id,ce_versions,ce_ra_id,ce_creation_date,ce_last_update_date,ce_cost) VALUES (22,2,1,3,'2015-02-24 16:13:57','2015-02-24 16:13:57','3W'   );
INSERT INTO magic_card_edition (ce_ca_id,ce_ed_id,ce_versions,ce_ra_id,ce_creation_date,ce_last_update_date,ce_cost) VALUES (23,2,1,3,'2015-02-24 16:13:57','2015-02-24 16:13:57','6'   );
INSERT INTO magic_card_edition (ce_ca_id,ce_ed_id,ce_versions,ce_ra_id,ce_creation_date,ce_last_update_date,ce_cost) VALUES (24,1,1,1,'2015-02-24 16:13:57','2015-02-24 16:13:57','2W'   );
INSERT INTO magic_card_edition (ce_ca_id,ce_ed_id,ce_versions,ce_ra_id,ce_creation_date,ce_last_update_date,ce_cost) VALUES (25,2,1,2,'2015-02-24 16:13:57','2015-02-24 16:13:57','1BB'   );
INSERT INTO magic_card_edition (ce_ca_id,ce_ed_id,ce_versions,ce_ra_id,ce_creation_date,ce_last_update_date,ce_cost) VALUES (26,2,1,2,'2015-02-24 16:13:57','2015-02-24 16:13:57','2'   );
INSERT INTO magic_card_edition (ce_ca_id,ce_ed_id,ce_versions,ce_ra_id,ce_creation_date,ce_last_update_date,ce_cost) VALUES (27,2,1,3,'2015-02-24 16:13:57','2015-02-24 16:13:57','1G'   );
INSERT INTO magic_card_edition (ce_ca_id,ce_ed_id,ce_versions,ce_ra_id,ce_creation_date,ce_last_update_date,ce_cost) VALUES (28,1,1,2,'2015-02-24 16:13:57','2015-02-24 16:13:57','5UU'   );
INSERT INTO magic_card_edition (ce_ca_id,ce_ed_id,ce_versions,ce_ra_id,ce_creation_date,ce_last_update_date,ce_cost,ce_power,ce_toughness) VALUES (29,1,1,2,'2015-02-24 16:13:57','2015-02-24 16:13:57','1R','1','2' );
INSERT INTO magic_card_edition (ce_ca_id,ce_ed_id,ce_versions,ce_ra_id,ce_creation_date,ce_last_update_date,ce_cost,ce_power,ce_toughness) VALUES (30,1,1,2,'2015-02-24 16:13:57','2015-02-24 16:13:57','1W','1','1' );
INSERT INTO magic_card_edition (ce_ca_id,ce_ed_id,ce_versions,ce_ra_id,ce_creation_date,ce_last_update_date,ce_cost,ce_power,ce_toughness) VALUES (31,1,1,3,'2015-02-24 16:13:57','2015-02-24 16:13:57','1W','1','1' );
INSERT INTO magic_card_edition (ce_ca_id,ce_ed_id,ce_versions,ce_ra_id,ce_creation_date,ce_last_update_date,ce_cost,ce_power,ce_toughness) VALUES (32,1,1,1,'2015-02-24 16:13:57','2015-02-24 16:13:57','W','1','1' );
INSERT INTO magic_card_edition (ce_ca_id,ce_ed_id,ce_versions,ce_ra_id,ce_creation_date,ce_last_update_date,ce_cost) VALUES (33,1,1,1,'2015-02-24 16:13:57','2015-02-24 16:13:57','W'   );
INSERT INTO magic_card_edition (ce_ca_id,ce_ed_id,ce_versions,ce_ra_id,ce_creation_date,ce_last_update_date,ce_cost) VALUES (34,2,1,2,'2015-02-24 16:13:57','2015-02-24 16:13:57','U'   );
INSERT INTO magic_card_edition (ce_ca_id,ce_ed_id,ce_versions,ce_ra_id,ce_creation_date,ce_last_update_date,ce_cost) VALUES (35,2,1,3,'2015-02-24 16:13:57','2015-02-24 16:13:57','1B'   );
INSERT INTO magic_card_edition (ce_ca_id,ce_ed_id,ce_versions,ce_ra_id,ce_creation_date,ce_last_update_date,ce_cost) VALUES (36,2,1,3,'2015-02-24 16:13:57','2015-02-24 16:13:57','1W'   );
INSERT INTO magic_card_edition (ce_ca_id,ce_ed_id,ce_versions,ce_ra_id,ce_creation_date,ce_last_update_date,ce_cost,ce_power,ce_toughness) VALUES (37,2,1,3,'2015-02-24 16:13:57','2015-02-24 16:13:57','RRR','6','1' );
INSERT INTO magic_card_edition (ce_ca_id,ce_ed_id,ce_versions,ce_ra_id,ce_creation_date,ce_last_update_date,ce_cost) VALUES (38,1,1,2,'2015-02-24 16:13:57','2015-02-24 16:13:57','2'   );
INSERT INTO magic_card_edition (ce_ca_id,ce_ed_id,ce_versions,ce_ra_id,ce_creation_date,ce_last_update_date,ce_cost) VALUES (39,1,1,2,'2015-02-24 16:13:57','2015-02-24 16:13:57','2BB'   );
INSERT INTO magic_card_edition (ce_ca_id,ce_ed_id,ce_versions,ce_ra_id,ce_creation_date,ce_last_update_date,ce_cost,ce_power,ce_toughness) VALUES (40,2,1,1,'2015-02-24 16:13:57','2015-02-24 16:13:57','2','1','1' );
INSERT INTO magic_card_edition (ce_ca_id,ce_ed_id,ce_versions,ce_ra_id,ce_creation_date,ce_last_update_date,ce_cost) VALUES (41,1,1,1,'2015-02-24 16:13:57','2015-02-24 16:13:57','G'   );
INSERT INTO magic_card_edition (ce_ca_id,ce_ed_id,ce_versions,ce_ra_id,ce_creation_date,ce_last_update_date,ce_cost,ce_power,ce_toughness) VALUES (42,2,1,1,'2015-02-24 16:13:57','2015-02-24 16:13:57','W','1','1' );
INSERT INTO magic_card_edition (ce_ca_id,ce_ed_id,ce_versions,ce_ra_id,ce_creation_date,ce_last_update_date,ce_cost) VALUES (43,1,1,2,'2015-02-24 16:13:57','2015-02-24 16:13:57','5B'   );
INSERT INTO magic_card_edition (ce_ca_id,ce_ed_id,ce_versions,ce_ra_id,ce_creation_date,ce_last_update_date,ce_cost,ce_power,ce_toughness) VALUES (44,2,1,1,'2015-02-24 16:13:57','2015-02-24 16:13:57','2R','1','2' );
INSERT INTO magic_card_edition (ce_ca_id,ce_ed_id,ce_versions,ce_ra_id,ce_creation_date,ce_last_update_date,ce_cost,ce_power,ce_toughness) VALUES (45,2,1,3,'2015-02-24 16:13:57','2015-02-24 16:13:57','G','0','1' );
INSERT INTO magic_card_edition (ce_ca_id,ce_ed_id,ce_versions,ce_ra_id,ce_creation_date,ce_last_update_date,ce_cost,ce_power,ce_toughness) VALUES (46,2,1,2,'2015-02-24 16:13:57','2015-02-24 16:13:57','BB','2','2' );
INSERT INTO magic_card_edition (ce_ca_id,ce_ed_id,ce_versions,ce_ra_id,ce_creation_date,ce_last_update_date,ce_cost) VALUES (47,2,1,3,'2015-02-24 16:13:57','2015-02-24 16:13:57','4'   );
INSERT INTO magic_card_edition (ce_ca_id,ce_ed_id,ce_versions,ce_ra_id,ce_creation_date,ce_last_update_date,ce_cost) VALUES (48,2,1,2,'2015-02-24 16:13:57','2015-02-24 16:13:57','1'   );
INSERT INTO magic_card_edition (ce_ca_id,ce_ed_id,ce_versions,ce_ra_id,ce_creation_date,ce_last_update_date,ce_cost) VALUES (49,2,1,2,'2015-02-24 16:13:57','2015-02-24 16:13:57','W'   );
INSERT INTO magic_card_edition (ce_ca_id,ce_ed_id,ce_versions,ce_ra_id,ce_creation_date,ce_last_update_date,ce_cost) VALUES (50,2,1,3,'2015-02-24 16:13:57','2015-02-24 16:13:57','WW'   );
INSERT INTO magic_card_edition (ce_ca_id,ce_ed_id,ce_versions,ce_ra_id,ce_creation_date,ce_last_update_date,ce_cost) VALUES (51,2,1,2,'2015-02-24 16:13:57','2015-02-24 16:13:57','BB'   );
INSERT INTO magic_card_edition (ce_ca_id,ce_ed_id,ce_versions,ce_ra_id,ce_creation_date,ce_last_update_date,ce_cost) VALUES (52,1,1,1,'2015-02-24 16:13:57','2015-02-24 16:13:57','2W'   );
INSERT INTO magic_card_edition (ce_ca_id,ce_ed_id,ce_versions,ce_ra_id,ce_creation_date,ce_last_update_date,ce_cost) VALUES (53,1,1,3,'2015-02-24 16:13:57','2015-02-24 16:13:57','5'   );
INSERT INTO magic_card_edition (ce_ca_id,ce_ed_id,ce_versions,ce_ra_id,ce_creation_date,ce_last_update_date) VALUES (54,1,1,2,'2015-02-24 16:13:57','2015-02-24 16:13:57'    );
INSERT INTO magic_card_edition (ce_ca_id,ce_ed_id,ce_versions,ce_ra_id,ce_creation_date,ce_last_update_date,ce_cost) VALUES (55,2,1,1,'2015-02-24 16:13:57','2015-02-24 16:13:57','1R'   );
INSERT INTO magic_card_edition (ce_ca_id,ce_ed_id,ce_versions,ce_ra_id,ce_creation_date,ce_last_update_date,ce_cost) VALUES (56,1,1,2,'2015-02-24 16:13:57','2015-02-24 16:13:57','3G'   );
INSERT INTO magic_card_edition (ce_ca_id,ce_ed_id,ce_versions,ce_ra_id,ce_creation_date,ce_last_update_date,ce_cost) VALUES (57,2,1,1,'2015-02-24 16:13:57','2015-02-24 16:13:57','U'   );
INSERT INTO magic_card_edition (ce_ca_id,ce_ed_id,ce_versions,ce_ra_id,ce_creation_date,ce_last_update_date,ce_cost) VALUES (58,2,1,3,'2015-02-24 16:13:57','2015-02-24 16:13:57','4'   );
INSERT INTO magic_card_edition (ce_ca_id,ce_ed_id,ce_versions,ce_ra_id,ce_creation_date,ce_last_update_date,ce_cost) VALUES (59,2,1,2,'2015-02-24 16:13:57','2015-02-24 16:13:57','W'   );
INSERT INTO magic_card_edition (ce_ca_id,ce_ed_id,ce_versions,ce_ra_id,ce_creation_date,ce_last_update_date,ce_cost,ce_power,ce_toughness) VALUES (60,2,1,1,'2015-02-24 16:13:57','2015-02-24 16:13:57','1B','1','1' );
INSERT INTO magic_card_edition (ce_ca_id,ce_ed_id,ce_versions,ce_ra_id,ce_creation_date,ce_last_update_date,ce_cost,ce_power,ce_toughness) VALUES (61,2,1,2,'2015-02-24 16:13:57','2015-02-24 16:13:57','3B','3','3' );
INSERT INTO magic_card_edition (ce_ca_id,ce_ed_id,ce_versions,ce_ra_id,ce_creation_date,ce_last_update_date,ce_cost) VALUES (62,1,1,1,'2015-02-24 16:13:57','2015-02-24 16:13:57','1'   );
INSERT INTO magic_card_edition (ce_ca_id,ce_ed_id,ce_versions,ce_ra_id,ce_creation_date,ce_last_update_date,ce_cost,ce_power,ce_toughness) VALUES (63,1,1,3,'2015-02-24 16:13:57','2015-02-24 16:13:57','8','6','7' );
INSERT INTO magic_card_edition (ce_ca_id,ce_ed_id,ce_versions,ce_ra_id,ce_creation_date,ce_last_update_date,ce_cost,ce_power,ce_toughness) VALUES (64,1,1,2,'2015-02-24 16:13:57','2015-02-24 16:13:57','3','1','3' );
INSERT INTO magic_card_edition (ce_ca_id,ce_ed_id,ce_versions,ce_ra_id,ce_creation_date,ce_last_update_date,ce_cost) VALUES (65,2,1,3,'2015-02-24 16:13:57','2015-02-24 16:13:57','4'   );
INSERT INTO magic_card_edition (ce_ca_id,ce_ed_id,ce_versions,ce_ra_id,ce_creation_date,ce_last_update_date,ce_cost) VALUES (66,2,1,1,'2015-02-24 16:13:57','2015-02-24 16:13:57','W'   );
INSERT INTO magic_card_edition (ce_ca_id,ce_ed_id,ce_versions,ce_ra_id,ce_creation_date,ce_last_update_date,ce_cost,ce_power,ce_toughness) VALUES (67,2,1,2,'2015-02-24 16:13:57','2015-02-24 16:13:57','1','1','3' );
INSERT INTO magic_card_edition (ce_ca_id,ce_ed_id,ce_versions,ce_ra_id,ce_creation_date,ce_last_update_date,ce_cost) VALUES (68,2,1,3,'2015-02-24 16:13:57','2015-02-24 16:13:57','6'   );
INSERT INTO magic_card_edition (ce_ca_id,ce_ed_id,ce_versions,ce_ra_id,ce_creation_date,ce_last_update_date,ce_cost,ce_power,ce_toughness) VALUES (69,1,1,3,'2015-02-24 16:13:57','2015-02-24 16:13:57','8UU','*','*' );
INSERT INTO magic_card_edition (ce_ca_id,ce_ed_id,ce_versions,ce_ra_id,ce_creation_date,ce_last_update_date,ce_cost,ce_power,ce_toughness) VALUES (70,2,1,1,'2015-02-24 16:13:57','2015-02-24 16:13:57','1RR','2','2' );
INSERT INTO magic_card_edition (ce_ca_id,ce_ed_id,ce_versions,ce_ra_id,ce_creation_date,ce_last_update_date,ce_cost,ce_power,ce_toughness) VALUES (71,1,1,2,'2015-02-24 16:13:57','2015-02-24 16:13:57','G','1','1' );
INSERT INTO magic_card_edition (ce_ca_id,ce_ed_id,ce_versions,ce_ra_id,ce_creation_date,ce_last_update_date,ce_cost) VALUES (72,2,1,2,'2015-02-24 16:13:57','2015-02-24 16:13:57','R'   );
INSERT INTO magic_card_edition (ce_ca_id,ce_ed_id,ce_versions,ce_ra_id,ce_creation_date,ce_last_update_date,ce_cost,ce_power,ce_toughness) VALUES (73,2,1,1,'2015-02-24 16:13:57','2015-02-24 16:13:57','3G','4','5' );
INSERT INTO magic_card_edition (ce_ca_id,ce_ed_id,ce_versions,ce_ra_id,ce_creation_date,ce_last_update_date,ce_cost,ce_power,ce_toughness) VALUES (74,2,1,2,'2015-02-24 16:13:57','2015-02-24 16:13:57','2BB','0','1' );
INSERT INTO magic_card_edition (ce_ca_id,ce_ed_id,ce_versions,ce_ra_id,ce_creation_date,ce_last_update_date,ce_cost) VALUES (75,2,1,2,'2015-02-24 16:13:57','2015-02-24 16:13:57','3W'   );
INSERT INTO magic_card_edition (ce_ca_id,ce_ed_id,ce_versions,ce_ra_id,ce_creation_date,ce_last_update_date,ce_cost,ce_power,ce_toughness) VALUES (76,1,1,2,'2015-02-24 16:13:57','2015-02-24 16:13:57','3','3','3' );
INSERT INTO magic_card_edition (ce_ca_id,ce_ed_id,ce_versions,ce_ra_id,ce_creation_date,ce_last_update_date,ce_cost,ce_power,ce_toughness) VALUES (77,2,1,2,'2015-02-24 16:13:57','2015-02-24 16:13:57','1RR','1','4' );
INSERT INTO magic_card_edition (ce_ca_id,ce_ed_id,ce_versions,ce_ra_id,ce_creation_date,ce_last_update_date,ce_cost) VALUES (78,2,1,2,'2015-02-24 16:13:57','2015-02-24 16:13:57','3'   );
INSERT INTO magic_card_edition (ce_ca_id,ce_ed_id,ce_versions,ce_ra_id,ce_creation_date,ce_last_update_date,ce_cost) VALUES (79,1,1,3,'2015-02-24 16:13:57','2015-02-24 16:13:57','XX'   );
INSERT INTO magic_card_edition (ce_ca_id,ce_ed_id,ce_versions,ce_ra_id,ce_creation_date,ce_last_update_date,ce_cost) VALUES (80,2,1,2,'2015-02-24 16:13:57','2015-02-24 16:13:57','GG'   );
INSERT INTO magic_card_edition (ce_ca_id,ce_ed_id,ce_versions,ce_ra_id,ce_creation_date,ce_last_update_date,ce_cost) VALUES (81,2,1,3,'2015-02-24 16:13:57','2015-02-24 16:13:57','R'   );
INSERT INTO magic_card_edition (ce_ca_id,ce_ed_id,ce_versions,ce_ra_id,ce_creation_date,ce_last_update_date,ce_cost,ce_power,ce_toughness) VALUES (82,1,1,1,'2015-02-24 16:13:57','2015-02-24 16:13:57','4B','1','2' );
INSERT INTO magic_card_edition (ce_ca_id,ce_ed_id,ce_versions,ce_ra_id,ce_creation_date,ce_last_update_date,ce_cost) VALUES (83,1,1,1,'2015-02-24 16:13:57','2015-02-24 16:13:57','1'   );
INSERT INTO magic_card_edition (ce_ca_id,ce_ed_id,ce_versions,ce_ra_id,ce_creation_date,ce_last_update_date,ce_cost) VALUES (84,1,1,3,'2015-02-24 16:13:57','2015-02-24 16:13:57','0'   );
INSERT INTO magic_card_edition (ce_ca_id,ce_ed_id,ce_versions,ce_ra_id,ce_creation_date,ce_last_update_date,ce_cost) VALUES (85,2,1,2,'2015-02-24 16:13:57','2015-02-24 16:13:57','1W'   );
INSERT INTO magic_card_edition (ce_ca_id,ce_ed_id,ce_versions,ce_ra_id,ce_creation_date,ce_last_update_date,ce_cost) VALUES (86,2,1,1,'2015-02-24 16:13:57','2015-02-24 16:13:57','1W'   );
INSERT INTO magic_card_edition (ce_ca_id,ce_ed_id,ce_versions,ce_ra_id,ce_creation_date,ce_last_update_date,ce_cost) VALUES (87,2,1,1,'2015-02-24 16:13:57','2015-02-24 16:13:57','1W'   );
INSERT INTO magic_card_edition (ce_ca_id,ce_ed_id,ce_versions,ce_ra_id,ce_creation_date,ce_last_update_date,ce_cost) VALUES (88,2,1,1,'2015-02-24 16:13:57','2015-02-24 16:13:57','1W'   );
INSERT INTO magic_card_edition (ce_ca_id,ce_ed_id,ce_versions,ce_ra_id,ce_creation_date,ce_last_update_date,ce_cost) VALUES (89,2,1,1,'2015-02-24 16:13:57','2015-02-24 16:13:57','1W'   );
INSERT INTO magic_card_edition (ce_ca_id,ce_ed_id,ce_versions,ce_ra_id,ce_creation_date,ce_last_update_date,ce_cost) VALUES (90,2,1,1,'2015-02-24 16:13:57','2015-02-24 16:13:57','1W'   );
INSERT INTO magic_card_edition (ce_ca_id,ce_ed_id,ce_versions,ce_ra_id,ce_creation_date,ce_last_update_date,ce_cost,ce_power,ce_toughness) VALUES (91,2,1,1,'2015-02-24 16:13:57','2015-02-24 16:13:57','4','3','1' );
INSERT INTO magic_card_edition (ce_ca_id,ce_ed_id,ce_versions,ce_ra_id,ce_creation_date,ce_last_update_date,ce_cost,ce_power,ce_toughness) VALUES (92,2,1,3,'2015-02-24 16:13:57','2015-02-24 16:13:57','5','0','4' );
INSERT INTO magic_card_edition (ce_ca_id,ce_ed_id,ce_versions,ce_ra_id,ce_creation_date,ce_last_update_date,ce_cost,ce_power,ce_toughness) VALUES (93,2,1,3,'2015-02-24 16:13:57','2015-02-24 16:13:57','6','0','4' );
INSERT INTO magic_card_edition (ce_ca_id,ce_ed_id,ce_versions,ce_ra_id,ce_creation_date,ce_last_update_date,ce_cost,ce_power,ce_toughness) VALUES (94,1,1,1,'2015-02-24 16:13:57','2015-02-24 16:13:57','1','0','0' );
INSERT INTO magic_card_edition (ce_ca_id,ce_ed_id,ce_versions,ce_ra_id,ce_creation_date,ce_last_update_date,ce_cost,ce_power,ce_toughness) VALUES (95,1,1,1,'2015-02-24 16:13:57','2015-02-24 16:13:57','4','0','0' );
INSERT INTO magic_card_edition (ce_ca_id,ce_ed_id,ce_versions,ce_ra_id,ce_creation_date,ce_last_update_date,ce_cost,ce_power,ce_toughness) VALUES (96,1,1,3,'2015-02-24 16:13:57','2015-02-24 16:13:57','7','0','0' );
INSERT INTO magic_card_edition (ce_ca_id,ce_ed_id,ce_versions,ce_ra_id,ce_creation_date,ce_last_update_date,ce_cost,ce_power,ce_toughness) VALUES (97,1,1,2,'2015-02-24 16:13:57','2015-02-24 16:13:57','5','0','0' );
INSERT INTO magic_card_edition (ce_ca_id,ce_ed_id,ce_versions,ce_ra_id,ce_creation_date,ce_last_update_date) VALUES (98,1,1,1,'2015-02-24 16:13:57','2015-02-24 16:13:57'    );
INSERT INTO magic_card_edition (ce_ca_id,ce_ed_id,ce_versions,ce_ra_id,ce_creation_date,ce_last_update_date,ce_cost,ce_power,ce_toughness) VALUES (99,1,1,1,'2015-02-24 16:13:57','2015-02-24 16:13:57','4','2','3' );
INSERT INTO magic_card_edition (ce_ca_id,ce_ed_id,ce_versions,ce_ra_id,ce_creation_date,ce_last_update_date,ce_cost,ce_power,ce_toughness) VALUES (100,2,1,3,'2015-02-24 16:13:57','2015-02-24 16:13:57','3GG','2','4' );
INSERT INTO magic_card_edition (ce_ca_id,ce_ed_id,ce_versions,ce_ra_id,ce_creation_date,ce_last_update_date,ce_cost,ce_power,ce_toughness) VALUES (101,2,1,3,'2015-02-24 16:13:57','2015-02-24 16:13:57','9','9','9' );
INSERT INTO magic_card_edition (ce_ca_id,ce_ed_id,ce_versions,ce_ra_id,ce_creation_date,ce_last_update_date,ce_cost) VALUES (102,1,1,3,'2015-02-24 16:13:57','2015-02-24 16:13:57','3RR'   );
INSERT INTO magic_card_edition (ce_ca_id,ce_ed_id,ce_versions,ce_ra_id,ce_creation_date,ce_last_update_date,ce_cost) VALUES (103,2,1,2,'2015-02-24 16:13:57','2015-02-24 16:13:57','4'   );
INSERT INTO magic_card_edition (ce_ca_id,ce_ed_id,ce_versions,ce_ra_id,ce_creation_date,ce_last_update_date,ce_cost) VALUES (104,1,1,1,'2015-02-24 16:13:57','2015-02-24 16:13:57','X1B'   );
INSERT INTO magic_card_edition (ce_ca_id,ce_ed_id,ce_versions,ce_ra_id,ce_creation_date,ce_last_update_date,ce_cost) VALUES (105,1,1,1,'2015-02-24 16:13:57','2015-02-24 16:13:57','1B'   );
INSERT INTO magic_card_edition (ce_ca_id,ce_ed_id,ce_versions,ce_ra_id,ce_creation_date,ce_last_update_date,ce_cost) VALUES (106,2,1,2,'2015-02-24 16:13:57','2015-02-24 16:13:57','2UU'   );
INSERT INTO magic_card_edition (ce_ca_id,ce_ed_id,ce_versions,ce_ra_id,ce_creation_date,ce_last_update_date,ce_cost) VALUES (107,2,1,2,'2015-02-24 16:13:57','2015-02-24 16:13:57','2WW'   );
INSERT INTO magic_card_edition (ce_ca_id,ce_ed_id,ce_versions,ce_ra_id,ce_creation_date,ce_last_update_date,ce_cost,ce_power,ce_toughness) VALUES (108,1,1,1,'2015-02-24 16:13:57','2015-02-24 16:13:57','2','1','1' );
INSERT INTO magic_card_edition (ce_ca_id,ce_ed_id,ce_versions,ce_ra_id,ce_creation_date,ce_last_update_date,ce_cost,ce_power,ce_toughness) VALUES (109,1,1,3,'2015-02-24 16:13:57','2015-02-24 16:13:57','3GG','2','2' );
INSERT INTO magic_card_edition (ce_ca_id,ce_ed_id,ce_versions,ce_ra_id,ce_creation_date,ce_last_update_date,ce_cost) VALUES (110,2,1,3,'2015-02-24 16:13:57','2015-02-24 16:13:57','3'   );
INSERT INTO magic_card_edition (ce_ca_id,ce_ed_id,ce_versions,ce_ra_id,ce_creation_date,ce_last_update_date,ce_cost,ce_power,ce_toughness) VALUES (111,2,1,3,'2015-02-24 16:13:57','2015-02-24 16:13:57','3BBB','7','7' );
INSERT INTO magic_card_edition (ce_ca_id,ce_ed_id,ce_versions,ce_ra_id,ce_creation_date,ce_last_update_date,ce_cost) VALUES (112,2,1,1,'2015-02-24 16:13:57','2015-02-24 16:13:57','UU'   );
INSERT INTO magic_card_edition (ce_ca_id,ce_ed_id,ce_versions,ce_ra_id,ce_creation_date,ce_last_update_date,ce_cost,ce_power,ce_toughness) VALUES (113,2,1,1,'2015-02-24 16:13:57','2015-02-24 16:13:57','4GG','6','4' );
INSERT INTO magic_card_edition (ce_ca_id,ce_ed_id,ce_versions,ce_ra_id,ce_creation_date,ce_last_update_date,ce_cost) VALUES (114,2,1,1,'2015-02-24 16:13:57','2015-02-24 16:13:57','1U'   );
INSERT INTO magic_card_edition (ce_ca_id,ce_ed_id,ce_versions,ce_ra_id,ce_creation_date,ce_last_update_date,ce_cost) VALUES (115,1,1,2,'2015-02-24 16:13:57','2015-02-24 16:13:57','2GG'   );
INSERT INTO magic_card_edition (ce_ca_id,ce_ed_id,ce_versions,ce_ra_id,ce_creation_date,ce_last_update_date,ce_cost,ce_power,ce_toughness) VALUES (116,2,1,3,'2015-02-24 16:13:57','2015-02-24 16:13:57','2RR','2','2' );
INSERT INTO magic_card_edition (ce_ca_id,ce_ed_id,ce_versions,ce_ra_id,ce_creation_date,ce_last_update_date,ce_cost) VALUES (117,2,1,2,'2015-02-24 16:13:57','2015-02-24 16:13:57','G'   );
INSERT INTO magic_card_edition (ce_ca_id,ce_ed_id,ce_versions,ce_ra_id,ce_creation_date,ce_last_update_date,ce_cost) VALUES (118,2,1,3,'2015-02-24 16:13:57','2015-02-24 16:13:57','WW'   );
INSERT INTO magic_card_edition (ce_ca_id,ce_ed_id,ce_versions,ce_ra_id,ce_creation_date,ce_last_update_date,ce_cost) VALUES (119,2,1,2,'2015-02-24 16:13:57','2015-02-24 16:13:57','1'   );
INSERT INTO magic_card_edition (ce_ca_id,ce_ed_id,ce_versions,ce_ra_id,ce_creation_date,ce_last_update_date,ce_cost) VALUES (120,1,1,2,'2015-02-24 16:13:57','2015-02-24 16:13:57','3'   );
INSERT INTO magic_card_edition (ce_ca_id,ce_ed_id,ce_versions,ce_ra_id,ce_creation_date,ce_last_update_date,ce_cost) VALUES (121,1,1,3,'2015-02-24 16:13:57','2015-02-24 16:13:57','3'   );
INSERT INTO magic_card_edition (ce_ca_id,ce_ed_id,ce_versions,ce_ra_id,ce_creation_date,ce_last_update_date,ce_cost) VALUES (122,2,1,2,'2015-02-24 16:13:57','2015-02-24 16:13:57','2BB'   );
INSERT INTO magic_card_edition (ce_ca_id,ce_ed_id,ce_versions,ce_ra_id,ce_creation_date,ce_last_update_date,ce_cost) VALUES (123,2,1,2,'2015-02-24 16:13:57','2015-02-24 16:13:57','4'   );
INSERT INTO magic_card_edition (ce_ca_id,ce_ed_id,ce_versions,ce_ra_id,ce_creation_date,ce_last_update_date,ce_cost,ce_power,ce_toughness) VALUES (124,2,1,1,'2015-02-24 16:13:57','2015-02-24 16:13:57','1B','2','1' );
INSERT INTO magic_card_edition (ce_ca_id,ce_ed_id,ce_versions,ce_ra_id,ce_creation_date,ce_last_update_date,ce_cost) VALUES (125,1,1,3,'2015-02-24 16:13:57','2015-02-24 16:13:57','3'   );
INSERT INTO magic_card_edition (ce_ca_id,ce_ed_id,ce_versions,ce_ra_id,ce_creation_date,ce_last_update_date,ce_cost,ce_power,ce_toughness) VALUES (126,2,1,3,'2015-02-24 16:13:57','2015-02-24 16:13:57','4','1','5' );
INSERT INTO magic_card_edition (ce_ca_id,ce_ed_id,ce_versions,ce_ra_id,ce_creation_date,ce_last_update_date,ce_cost) VALUES (127,2,1,1,'2015-02-24 16:13:57','2015-02-24 16:13:57','B'   );
INSERT INTO magic_card_edition (ce_ca_id,ce_ed_id,ce_versions,ce_ra_id,ce_creation_date,ce_last_update_date,ce_cost) VALUES (128,1,1,2,'2015-02-24 16:13:57','2015-02-24 16:13:57','1'   );
INSERT INTO magic_card_edition (ce_ca_id,ce_ed_id,ce_versions,ce_ra_id,ce_creation_date,ce_last_update_date,ce_cost) VALUES (129,2,1,1,'2015-02-24 16:13:57','2015-02-24 16:13:57','W'   );
INSERT INTO magic_card_edition (ce_ca_id,ce_ed_id,ce_versions,ce_ra_id,ce_creation_date,ce_last_update_date,ce_cost) VALUES (130,2,1,2,'2015-02-24 16:13:57','2015-02-24 16:13:57','BB'   );
INSERT INTO magic_card_edition (ce_ca_id,ce_ed_id,ce_versions,ce_ra_id,ce_creation_date,ce_last_update_date,ce_cost) VALUES (131,2,1,3,'2015-02-24 16:13:57','2015-02-24 16:13:57','B'   );
INSERT INTO magic_card_edition (ce_ca_id,ce_ed_id,ce_versions,ce_ra_id,ce_creation_date,ce_last_update_date,ce_cost) VALUES (132,1,1,1,'2015-02-24 16:13:57','2015-02-24 16:13:57','2G'   );
INSERT INTO magic_card_edition (ce_ca_id,ce_ed_id,ce_versions,ce_ra_id,ce_creation_date,ce_last_update_date,ce_cost) VALUES (133,2,1,2,'2015-02-24 16:13:57','2015-02-24 16:13:57','4GG'   );
INSERT INTO magic_card_edition (ce_ca_id,ce_ed_id,ce_versions,ce_ra_id,ce_creation_date,ce_last_update_date,ce_cost) VALUES (134,2,1,2,'2015-02-24 16:13:57','2015-02-24 16:13:57','XR'   );
INSERT INTO magic_card_edition (ce_ca_id,ce_ed_id,ce_versions,ce_ra_id,ce_creation_date,ce_last_update_date,ce_cost) VALUES (134,1,1,2,'2015-02-24 16:13:57','2015-02-24 16:13:57','XR'   );
INSERT INTO magic_card_edition (ce_ca_id,ce_ed_id,ce_versions,ce_ra_id,ce_creation_date,ce_last_update_date,ce_cost,ce_power,ce_toughness) VALUES (135,2,1,2,'2015-02-24 16:13:57','2015-02-24 16:13:57','7','4','4' );
INSERT INTO magic_card_edition (ce_ca_id,ce_ed_id,ce_versions,ce_ra_id,ce_creation_date,ce_last_update_date,ce_cost) VALUES (136,2,1,3,'2015-02-24 16:13:57','2015-02-24 16:13:57','4'   );
INSERT INTO magic_card_edition (ce_ca_id,ce_ed_id,ce_versions,ce_ra_id,ce_creation_date,ce_last_update_date,ce_cost) VALUES (137,1,1,1,'2015-02-24 16:13:57','2015-02-24 16:13:57','U'   );
INSERT INTO magic_card_edition (ce_ca_id,ce_ed_id,ce_versions,ce_ra_id,ce_creation_date,ce_last_update_date,ce_cost,ce_power,ce_toughness) VALUES (138,1,1,1,'2015-02-24 16:13:57','2015-02-24 16:13:57','B','1','1' );
INSERT INTO magic_card_edition (ce_ca_id,ce_ed_id,ce_versions,ce_ra_id,ce_creation_date,ce_last_update_date,ce_cost) VALUES (139,2,1,1,'2015-02-24 16:13:57','2015-02-24 16:13:57','1W'   );
INSERT INTO magic_card_edition (ce_ca_id,ce_ed_id,ce_versions,ce_ra_id,ce_creation_date,ce_last_update_date,ce_cost) VALUES (140,2,1,1,'2015-02-24 16:13:57','2015-02-24 16:13:57','XR'   );
INSERT INTO magic_card_edition (ce_ca_id,ce_ed_id,ce_versions,ce_ra_id,ce_creation_date,ce_last_update_date,ce_cost) VALUES (141,2,1,3,'2015-02-24 16:13:57','2015-02-24 16:13:57','3'   );
INSERT INTO magic_card_edition (ce_ca_id,ce_ed_id,ce_versions,ce_ra_id,ce_creation_date,ce_last_update_date,ce_cost) VALUES (142,2,1,2,'2015-02-24 16:13:57','2015-02-24 16:13:57','2WW'   );
INSERT INTO magic_card_edition (ce_ca_id,ce_ed_id,ce_versions,ce_ra_id,ce_creation_date,ce_last_update_date,ce_cost) VALUES (143,1,1,2,'2015-02-24 16:13:57','2015-02-24 16:13:57','1UU'   );
INSERT INTO magic_card_edition (ce_ca_id,ce_ed_id,ce_versions,ce_ra_id,ce_creation_date,ce_last_update_date,ce_cost) VALUES (144,1,1,2,'2015-02-24 16:13:57','2015-02-24 16:13:57','3'   );
INSERT INTO magic_card_edition (ce_ca_id,ce_ed_id,ce_versions,ce_ra_id,ce_creation_date,ce_last_update_date,ce_cost,ce_power,ce_toughness) VALUES (145,2,1,3,'2015-02-24 16:13:57','2015-02-24 16:13:57','3','1','3' );
INSERT INTO magic_card_edition (ce_ca_id,ce_ed_id,ce_versions,ce_ra_id,ce_creation_date,ce_last_update_date,ce_cost,ce_power,ce_toughness) VALUES (146,2,1,2,'2015-02-24 16:13:57','2015-02-24 16:13:57','2RR','2','3' );
INSERT INTO magic_card_edition (ce_ca_id,ce_ed_id,ce_versions,ce_ra_id,ce_creation_date,ce_last_update_date,ce_cost) VALUES (147,2,1,1,'2015-02-24 16:13:57','2015-02-24 16:13:57','X1B'   );
INSERT INTO magic_card_edition (ce_ca_id,ce_ed_id,ce_versions,ce_ra_id,ce_creation_date,ce_last_update_date,ce_cost) VALUES (148,2,1,3,'2015-02-24 16:13:57','2015-02-24 16:13:57','UU'   );
INSERT INTO magic_card_edition (ce_ca_id,ce_ed_id,ce_versions,ce_ra_id,ce_creation_date,ce_last_update_date,ce_cost) VALUES (149,1,1,1,'2015-02-24 16:13:57','2015-02-24 16:13:57','U'   );
INSERT INTO magic_card_edition (ce_ca_id,ce_ed_id,ce_versions,ce_ra_id,ce_creation_date,ce_last_update_date,ce_cost,ce_power,ce_toughness) VALUES (150,1,1,3,'2015-02-24 16:13:57','2015-02-24 16:13:57','1BB','4','4' );
INSERT INTO magic_card_edition (ce_ca_id,ce_ed_id,ce_versions,ce_ra_id,ce_creation_date,ce_last_update_date,ce_cost,ce_power,ce_toughness) VALUES (151,1,1,1,'2015-02-24 16:13:57','2015-02-24 16:13:57','2B','2','1' );
INSERT INTO magic_card_edition (ce_ca_id,ce_ed_id,ce_versions,ce_ra_id,ce_creation_date,ce_last_update_date,ce_cost,ce_power,ce_toughness) VALUES (152,1,1,1,'2015-02-24 16:13:57','2015-02-24 16:13:57','4','3','1' );
INSERT INTO magic_card_edition (ce_ca_id,ce_ed_id,ce_versions,ce_ra_id,ce_creation_date,ce_last_update_date,ce_cost,ce_power,ce_toughness) VALUES (153,2,1,1,'2015-02-24 16:13:57','2015-02-24 16:13:57','1B','1','1' );
INSERT INTO magic_card_edition (ce_ca_id,ce_ed_id,ce_versions,ce_ra_id,ce_creation_date,ce_last_update_date,ce_cost,ce_power,ce_toughness) VALUES (154,1,1,3,'2015-02-24 16:13:57','2015-02-24 16:13:57','6','2','4' );
INSERT INTO magic_card_edition (ce_ca_id,ce_ed_id,ce_versions,ce_ra_id,ce_creation_date,ce_last_update_date,ce_cost,ce_power,ce_toughness) VALUES (155,2,1,1,'2015-02-24 16:13:57','2015-02-24 16:13:57','4G','4','4' );
INSERT INTO magic_card_edition (ce_ca_id,ce_ed_id,ce_versions,ce_ra_id,ce_creation_date,ce_last_update_date,ce_cost,ce_power,ce_toughness) VALUES (156,1,1,2,'2015-02-24 16:13:57','2015-02-24 16:13:57','4','2','2' );
INSERT INTO magic_card_edition (ce_ca_id,ce_ed_id,ce_versions,ce_ra_id,ce_creation_date,ce_last_update_date,ce_cost,ce_power,ce_toughness) VALUES (157,2,1,1,'2015-02-24 16:13:57','2015-02-24 16:13:57','2R','1','1' );
INSERT INTO magic_card_edition (ce_ca_id,ce_ed_id,ce_versions,ce_ra_id,ce_creation_date,ce_last_update_date,ce_cost,ce_power,ce_toughness) VALUES (158,2,1,2,'2015-02-24 16:13:57','2015-02-24 16:13:57','3RR','4','5' );
INSERT INTO magic_card_edition (ce_ca_id,ce_ed_id,ce_versions,ce_ra_id,ce_creation_date,ce_last_update_date,ce_cost) VALUES (159,2,1,3,'2015-02-24 16:13:57','2015-02-24 16:13:57','XR'   );
INSERT INTO magic_card_edition (ce_ca_id,ce_ed_id,ce_versions,ce_ra_id,ce_creation_date,ce_last_update_date,ce_cost) VALUES (160,2,1,3,'2015-02-24 16:13:57','2015-02-24 16:13:57','3'   );
INSERT INTO magic_card_edition (ce_ca_id,ce_ed_id,ce_versions,ce_ra_id,ce_creation_date,ce_last_update_date,ce_cost,ce_power,ce_toughness) VALUES (161,2,1,3,'2015-02-24 16:13:57','2015-02-24 16:13:57','4WWW','5','5' );
INSERT INTO magic_card_edition (ce_ca_id,ce_ed_id,ce_versions,ce_ra_id,ce_creation_date,ce_last_update_date,ce_cost) VALUES (162,1,1,1,'2015-02-24 16:13:57','2015-02-24 16:13:57','R'   );
INSERT INTO magic_card_edition (ce_ca_id,ce_ed_id,ce_versions,ce_ra_id,ce_creation_date,ce_last_update_date,ce_cost,ce_power,ce_toughness) VALUES (163,1,1,1,'2015-02-24 16:13:57','2015-02-24 16:13:57','3','2','2' );
INSERT INTO magic_card_edition (ce_ca_id,ce_ed_id,ce_versions,ce_ra_id,ce_creation_date,ce_last_update_date,ce_cost,ce_power,ce_toughness) VALUES (164,2,1,2,'2015-02-24 16:13:57','2015-02-24 16:13:57','3GG','3','3' );
INSERT INTO magic_card_edition (ce_ca_id,ce_ed_id,ce_versions,ce_ra_id,ce_creation_date,ce_last_update_date,ce_cost,ce_power,ce_toughness) VALUES (165,2,1,3,'2015-02-24 16:13:57','2015-02-24 16:13:57','1G','2','1' );
INSERT INTO magic_card_edition (ce_ca_id,ce_ed_id,ce_versions,ce_ra_id,ce_creation_date,ce_last_update_date,ce_cost,ce_power,ce_toughness) VALUES (166,2,1,3,'2015-02-24 16:13:57','2015-02-24 16:13:57','1BB','1','1' );
INSERT INTO magic_card_edition (ce_ca_id,ce_ed_id,ce_versions,ce_ra_id,ce_creation_date,ce_last_update_date,ce_cost) VALUES (167,1,1,3,'2015-02-24 16:13:57','2015-02-24 16:13:57','2'   );
INSERT INTO magic_card_edition (ce_ca_id,ce_ed_id,ce_versions,ce_ra_id,ce_creation_date,ce_last_update_date,ce_cost) VALUES (168,2,1,2,'2015-02-24 16:13:57','2015-02-24 16:13:57','2U'   );
INSERT INTO magic_card_edition (ce_ca_id,ce_ed_id,ce_versions,ce_ra_id,ce_creation_date,ce_last_update_date,ce_cost) VALUES (169,2,1,1,'2015-02-24 16:13:57','2015-02-24 16:13:57','U'   );
INSERT INTO magic_card_edition (ce_ca_id,ce_ed_id,ce_versions,ce_ra_id,ce_creation_date,ce_last_update_date,ce_cost,ce_power,ce_toughness) VALUES (170,2,1,1,'2015-02-24 16:13:57','2015-02-24 16:13:57','1B','2','3' );
INSERT INTO magic_card_edition (ce_ca_id,ce_ed_id,ce_versions,ce_ra_id,ce_creation_date,ce_last_update_date,ce_cost) VALUES (171,2,1,1,'2015-02-24 16:13:57','2015-02-24 16:13:57','UUU'   );
INSERT INTO magic_card_edition (ce_ca_id,ce_ed_id,ce_versions,ce_ra_id,ce_creation_date,ce_last_update_date,ce_cost) VALUES (172,2,1,1,'2015-02-24 16:13:57','2015-02-24 16:13:57','R'   );
INSERT INTO magic_card_edition (ce_ca_id,ce_ed_id,ce_versions,ce_ra_id,ce_creation_date,ce_last_update_date,ce_cost) VALUES (173,2,1,2,'2015-02-24 16:13:57','2015-02-24 16:13:57','B'   );
INSERT INTO magic_card_edition (ce_ca_id,ce_ed_id,ce_versions,ce_ra_id,ce_creation_date,ce_last_update_date,ce_cost) VALUES (174,1,1,3,'2015-02-24 16:13:57','2015-02-24 16:13:57','3'   );
INSERT INTO magic_card_edition (ce_ca_id,ce_ed_id,ce_versions,ce_ra_id,ce_creation_date,ce_last_update_date,ce_cost) VALUES (175,2,1,3,'2015-02-24 16:13:57','2015-02-24 16:13:57','WW'   );
INSERT INTO magic_card_edition (ce_ca_id,ce_ed_id,ce_versions,ce_ra_id,ce_creation_date,ce_last_update_date,ce_cost) VALUES (176,1,1,2,'2015-02-24 16:13:57','2015-02-24 16:13:57','2U'   );
INSERT INTO magic_card_edition (ce_ca_id,ce_ed_id,ce_versions,ce_ra_id,ce_creation_date,ce_last_update_date,ce_cost,ce_power,ce_toughness) VALUES (177,1,1,1,'2015-02-24 16:13:57','2015-02-24 16:13:57','3GG','4','4' );
INSERT INTO magic_card_edition (ce_ca_id,ce_ed_id,ce_versions,ce_ra_id,ce_creation_date,ce_last_update_date,ce_cost) VALUES (178,1,1,2,'2015-02-24 16:13:57','2015-02-24 16:13:57','5'   );
INSERT INTO magic_card_edition (ce_ca_id,ce_ed_id,ce_versions,ce_ra_id,ce_creation_date,ce_last_update_date,ce_cost,ce_power,ce_toughness) VALUES (179,1,1,3,'2015-02-24 16:13:57','2015-02-24 16:13:57','1UU','1','2' );
INSERT INTO magic_card_edition (ce_ca_id,ce_ed_id,ce_versions,ce_ra_id,ce_creation_date,ce_last_update_date,ce_cost) VALUES (180,2,1,1,'2015-02-24 16:13:57','2015-02-24 16:13:57','BB'   );
INSERT INTO magic_card_edition (ce_ca_id,ce_ed_id,ce_versions,ce_ra_id,ce_creation_date,ce_last_update_date,ce_cost) VALUES (181,2,1,2,'2015-02-24 16:13:57','2015-02-24 16:13:57','2U'   );
INSERT INTO magic_card_edition (ce_ca_id,ce_ed_id,ce_versions,ce_ra_id,ce_creation_date,ce_last_update_date,ce_cost) VALUES (182,2,1,2,'2015-02-24 16:13:57','2015-02-24 16:13:57','2'   );
INSERT INTO magic_card_edition (ce_ca_id,ce_ed_id,ce_versions,ce_ra_id,ce_creation_date,ce_last_update_date,ce_cost) VALUES (183,1,1,3,'2015-02-24 16:13:57','2015-02-24 16:13:57','2R'   );
INSERT INTO magic_card_edition (ce_ca_id,ce_ed_id,ce_versions,ce_ra_id,ce_creation_date,ce_last_update_date,ce_cost,ce_power,ce_toughness) VALUES (184,2,1,2,'2015-02-24 16:13:57','2015-02-24 16:13:57','3RR','5','4' );
INSERT INTO magic_card_edition (ce_ca_id,ce_ed_id,ce_versions,ce_ra_id,ce_creation_date,ce_last_update_date,ce_cost) VALUES (185,2,1,1,'2015-02-24 16:13:57','2015-02-24 16:13:57','XR'   );
INSERT INTO magic_card_edition (ce_ca_id,ce_ed_id,ce_versions,ce_ra_id,ce_creation_date,ce_last_update_date,ce_cost) VALUES (186,2,1,1,'2015-02-24 16:13:57','2015-02-24 16:13:57','R'   );
INSERT INTO magic_card_edition (ce_ca_id,ce_ed_id,ce_versions,ce_ra_id,ce_creation_date,ce_last_update_date,ce_cost) VALUES (187,1,1,2,'2015-02-24 16:13:57','2015-02-24 16:13:57','3'   );
INSERT INTO magic_card_edition (ce_ca_id,ce_ed_id,ce_versions,ce_ra_id,ce_creation_date,ce_last_update_date,ce_cost) VALUES (188,2,1,1,'2015-02-24 16:13:57','2015-02-24 16:13:57','3RR'   );
INSERT INTO magic_card_edition (ce_ca_id,ce_ed_id,ce_versions,ce_ra_id,ce_creation_date,ce_last_update_date,ce_cost) VALUES (189,1,1,1,'2015-02-24 16:13:57','2015-02-24 16:13:57','1R'   );
INSERT INTO magic_card_edition (ce_ca_id,ce_ed_id,ce_versions,ce_ra_id,ce_creation_date,ce_last_update_date,ce_cost) VALUES (190,2,1,2,'2015-02-24 16:13:57','2015-02-24 16:13:57','3R'   );
INSERT INTO magic_card_edition (ce_ca_id,ce_ed_id,ce_versions,ce_ra_id,ce_creation_date,ce_last_update_date,ce_cost,ce_power,ce_toughness) VALUES (191,1,1,2,'2015-02-24 16:13:57','2015-02-24 16:13:57','3B','2','2' );
INSERT INTO magic_card_edition (ce_ca_id,ce_ed_id,ce_versions,ce_ra_id,ce_creation_date,ce_last_update_date,ce_cost) VALUES (192,2,1,1,'2015-02-24 16:13:57','2015-02-24 16:13:57','U'   );
INSERT INTO magic_card_edition (ce_ca_id,ce_ed_id,ce_versions,ce_ra_id,ce_creation_date,ce_last_update_date,ce_cost) VALUES (193,2,1,1,'2015-02-24 16:13:57','2015-02-24 16:13:57','U'   );
INSERT INTO magic_card_edition (ce_ca_id,ce_ed_id,ce_versions,ce_ra_id,ce_creation_date,ce_last_update_date,ce_cost) VALUES (194,2,1,3,'2015-02-24 16:13:57','2015-02-24 16:13:57','4'   );
INSERT INTO magic_card_edition (ce_ca_id,ce_ed_id,ce_versions,ce_ra_id,ce_creation_date,ce_last_update_date,ce_cost) VALUES (195,2,1,1,'2015-02-24 16:13:57','2015-02-24 16:13:57','G'   );
INSERT INTO magic_card_edition (ce_ca_id,ce_ed_id,ce_versions,ce_ra_id,ce_creation_date,ce_last_update_date,ce_cost,ce_power,ce_toughness) VALUES (196,2,1,3,'2015-02-24 16:13:57','2015-02-24 16:13:57','2GGGG','8','8' );
INSERT INTO magic_card_edition (ce_ca_id,ce_ed_id,ce_versions,ce_ra_id,ce_creation_date,ce_last_update_date) VALUES (197,2,3,1,'2015-02-24 16:13:57','2015-02-24 16:13:57'    );
INSERT INTO magic_card_edition (ce_ca_id,ce_ed_id,ce_versions,ce_ra_id,ce_creation_date,ce_last_update_date) VALUES (197,1,4,1,'2015-02-24 16:13:57','2015-02-24 16:13:57'    );
INSERT INTO magic_card_edition (ce_ca_id,ce_ed_id,ce_versions,ce_ra_id,ce_creation_date,ce_last_update_date,ce_cost) VALUES (198,1,1,2,'2015-02-24 16:13:57','2015-02-24 16:13:57','4R'   );
INSERT INTO magic_card_edition (ce_ca_id,ce_ed_id,ce_versions,ce_ra_id,ce_creation_date,ce_last_update_date,ce_cost) VALUES (199,2,1,1,'2015-02-24 16:13:57','2015-02-24 16:13:57','1WW'   );
INSERT INTO magic_card_edition (ce_ca_id,ce_ed_id,ce_versions,ce_ra_id,ce_creation_date,ce_last_update_date,ce_cost) VALUES (200,1,1,2,'2015-02-24 16:13:57','2015-02-24 16:13:57','1R'   );
INSERT INTO magic_card_edition (ce_ca_id,ce_ed_id,ce_versions,ce_ra_id,ce_creation_date,ce_last_update_date,ce_cost,ce_power,ce_toughness) VALUES (201,1,1,1,'2015-02-24 16:13:57','2015-02-24 16:13:57','4','2','2' );
INSERT INTO magic_card_edition (ce_ca_id,ce_ed_id,ce_versions,ce_ra_id,ce_creation_date,ce_last_update_date,ce_cost,ce_power,ce_toughness) VALUES (202,2,1,1,'2015-02-24 16:13:57','2015-02-24 16:13:57','2B','0','1' );
INSERT INTO magic_card_edition (ce_ca_id,ce_ed_id,ce_versions,ce_ra_id,ce_creation_date,ce_last_update_date,ce_cost,ce_power,ce_toughness) VALUES (203,2,1,3,'2015-02-24 16:13:57','2015-02-24 16:13:57','3G','2','2' );
INSERT INTO magic_card_edition (ce_ca_id,ce_ed_id,ce_versions,ce_ra_id,ce_creation_date,ce_last_update_date,ce_cost,ce_power,ce_toughness) VALUES (204,2,1,3,'2015-02-24 16:13:57','2015-02-24 16:13:57','3GGG','*','*' );
INSERT INTO magic_card_edition (ce_ca_id,ce_ed_id,ce_versions,ce_ra_id,ce_creation_date,ce_last_update_date,ce_cost) VALUES (205,1,1,1,'2015-02-24 16:13:57','2015-02-24 16:13:57','2'   );
INSERT INTO magic_card_edition (ce_ca_id,ce_ed_id,ce_versions,ce_ra_id,ce_creation_date,ce_last_update_date,ce_cost) VALUES (206,2,1,1,'2015-02-24 16:13:57','2015-02-24 16:13:57','2U'   );
INSERT INTO magic_card_edition (ce_ca_id,ce_ed_id,ce_versions,ce_ra_id,ce_creation_date,ce_last_update_date,ce_cost) VALUES (207,1,1,3,'2015-02-24 16:13:57','2015-02-24 16:13:57','6'   );
INSERT INTO magic_card_edition (ce_ca_id,ce_ed_id,ce_versions,ce_ra_id,ce_creation_date,ce_last_update_date,ce_cost,ce_power,ce_toughness) VALUES (208,2,1,2,'2015-02-24 16:13:57','2015-02-24 16:13:57','2UU','2','4' );
INSERT INTO magic_card_edition (ce_ca_id,ce_ed_id,ce_versions,ce_ra_id,ce_creation_date,ce_last_update_date,ce_cost) VALUES (209,2,1,1,'2015-02-24 16:13:57','2015-02-24 16:13:57','G'   );
INSERT INTO magic_card_edition (ce_ca_id,ce_ed_id,ce_versions,ce_ra_id,ce_creation_date,ce_last_update_date,ce_cost,ce_power,ce_toughness) VALUES (210,2,1,1,'2015-02-24 16:13:57','2015-02-24 16:13:57','3G','2','4' );
INSERT INTO magic_card_edition (ce_ca_id,ce_ed_id,ce_versions,ce_ra_id,ce_creation_date,ce_last_update_date,ce_cost) VALUES (211,2,1,1,'2015-02-24 16:13:57','2015-02-24 16:13:57','RR'   );
INSERT INTO magic_card_edition (ce_ca_id,ce_ed_id,ce_versions,ce_ra_id,ce_creation_date,ce_last_update_date,ce_cost,ce_power,ce_toughness) VALUES (212,2,1,1,'2015-02-24 16:13:57','2015-02-24 16:13:57','1U','1','1' );
INSERT INTO magic_card_edition (ce_ca_id,ce_ed_id,ce_versions,ce_ra_id,ce_creation_date,ce_last_update_date,ce_cost) VALUES (213,1,1,3,'2015-02-24 16:13:57','2015-02-24 16:13:57','5'   );
INSERT INTO magic_card_edition (ce_ca_id,ce_ed_id,ce_versions,ce_ra_id,ce_creation_date,ce_last_update_date,ce_cost) VALUES (214,2,1,2,'2015-02-24 16:13:57','2015-02-24 16:13:57','1'   );
INSERT INTO magic_card_edition (ce_ca_id,ce_ed_id,ce_versions,ce_ra_id,ce_creation_date,ce_last_update_date) VALUES (215,1,1,3,'2015-02-24 16:13:57','2015-02-24 16:13:57'    );
INSERT INTO magic_card_edition (ce_ca_id,ce_ed_id,ce_versions,ce_ra_id,ce_creation_date,ce_last_update_date,ce_cost,ce_power,ce_toughness) VALUES (216,1,1,3,'2015-02-24 16:13:57','2015-02-24 16:13:57','2GG','3','2' );
INSERT INTO magic_card_edition (ce_ca_id,ce_ed_id,ce_versions,ce_ra_id,ce_creation_date,ce_last_update_date,ce_cost) VALUES (217,2,1,2,'2015-02-24 16:13:57','2015-02-24 16:13:57','2B'   );
INSERT INTO magic_card_edition (ce_ca_id,ce_ed_id,ce_versions,ce_ra_id,ce_creation_date,ce_last_update_date,ce_cost,ce_power,ce_toughness) VALUES (218,2,1,2,'2015-02-24 16:13:57','2015-02-24 16:13:57','R','1','1' );
INSERT INTO magic_card_edition (ce_ca_id,ce_ed_id,ce_versions,ce_ra_id,ce_creation_date,ce_last_update_date,ce_cost) VALUES (219,1,1,3,'2015-02-24 16:13:57','2015-02-24 16:13:57','4'   );
INSERT INTO magic_card_edition (ce_ca_id,ce_ed_id,ce_versions,ce_ra_id,ce_creation_date,ce_last_update_date,ce_cost,ce_power,ce_toughness) VALUES (220,1,1,2,'2015-02-24 16:13:57','2015-02-24 16:13:57','6','4','4' );
INSERT INTO magic_card_edition (ce_ca_id,ce_ed_id,ce_versions,ce_ra_id,ce_creation_date,ce_last_update_date,ce_cost,ce_power,ce_toughness) VALUES (221,2,1,3,'2015-02-24 16:13:57','2015-02-24 16:13:57','1RR','2','2' );
INSERT INTO magic_card_edition (ce_ca_id,ce_ed_id,ce_versions,ce_ra_id,ce_creation_date,ce_last_update_date,ce_cost,ce_power,ce_toughness) VALUES (222,1,1,1,'2015-02-24 16:13:57','2015-02-24 16:13:57','3','2','2' );
INSERT INTO magic_card_edition (ce_ca_id,ce_ed_id,ce_versions,ce_ra_id,ce_creation_date,ce_last_update_date,ce_cost,ce_power,ce_toughness) VALUES (223,2,1,1,'2015-02-24 16:13:57','2015-02-24 16:13:57','1R','3','1' );
INSERT INTO magic_card_edition (ce_ca_id,ce_ed_id,ce_versions,ce_ra_id,ce_creation_date,ce_last_update_date,ce_cost,ce_power,ce_toughness) VALUES (224,1,1,1,'2015-02-24 16:13:57','2015-02-24 16:13:57','1R','1','1' );
INSERT INTO magic_card_edition (ce_ca_id,ce_ed_id,ce_versions,ce_ra_id,ce_creation_date,ce_last_update_date,ce_cost,ce_power,ce_toughness) VALUES (225,1,1,1,'2015-02-24 16:13:57','2015-02-24 16:13:57','4','3','3' );
INSERT INTO magic_card_edition (ce_ca_id,ce_ed_id,ce_versions,ce_ra_id,ce_creation_date,ce_last_update_date,ce_cost,ce_power,ce_toughness) VALUES (226,1,1,1,'2015-02-24 16:13:57','2015-02-24 16:13:57','2','1','1' );
INSERT INTO magic_card_edition (ce_ca_id,ce_ed_id,ce_versions,ce_ra_id,ce_creation_date,ce_last_update_date,ce_cost) VALUES (227,1,1,2,'2015-02-24 16:13:57','2015-02-24 16:13:57','1'   );
INSERT INTO magic_card_edition (ce_ca_id,ce_ed_id,ce_versions,ce_ra_id,ce_creation_date,ce_last_update_date,ce_cost) VALUES (228,1,1,2,'2015-02-24 16:13:57','2015-02-24 16:13:57','3R'   );
INSERT INTO magic_card_edition (ce_ca_id,ce_ed_id,ce_versions,ce_ra_id,ce_creation_date,ce_last_update_date,ce_cost) VALUES (229,1,1,2,'2015-02-24 16:13:57','2015-02-24 16:13:57','3'   );
INSERT INTO magic_card_edition (ce_ca_id,ce_ed_id,ce_versions,ce_ra_id,ce_creation_date,ce_last_update_date,ce_cost,ce_power,ce_toughness) VALUES (230,2,1,1,'2015-02-24 16:13:57','2015-02-24 16:13:57','4','2','3' );
INSERT INTO magic_card_edition (ce_ca_id,ce_ed_id,ce_versions,ce_ra_id,ce_creation_date,ce_last_update_date,ce_cost,ce_power,ce_toughness) VALUES (231,2,1,1,'2015-02-24 16:13:57','2015-02-24 16:13:57','2R','2','2' );
INSERT INTO magic_card_edition (ce_ca_id,ce_ed_id,ce_versions,ce_ra_id,ce_creation_date,ce_last_update_date) VALUES (232,1,1,1,'2015-02-24 16:13:57','2015-02-24 16:13:57'    );
INSERT INTO magic_card_edition (ce_ca_id,ce_ed_id,ce_versions,ce_ra_id,ce_creation_date,ce_last_update_date,ce_cost) VALUES (233,2,1,3,'2015-02-24 16:13:57','2015-02-24 16:13:57','3B'   );
INSERT INTO magic_card_edition (ce_ca_id,ce_ed_id,ce_versions,ce_ra_id,ce_creation_date,ce_last_update_date,ce_cost) VALUES (234,2,1,3,'2015-02-24 16:13:57','2015-02-24 16:13:57','4'   );
INSERT INTO magic_card_edition (ce_ca_id,ce_ed_id,ce_versions,ce_ra_id,ce_creation_date,ce_last_update_date,ce_cost) VALUES (235,2,1,2,'2015-02-24 16:13:57','2015-02-24 16:13:57','W'   );
INSERT INTO magic_card_edition (ce_ca_id,ce_ed_id,ce_versions,ce_ra_id,ce_creation_date,ce_last_update_date,ce_cost,ce_power,ce_toughness) VALUES (236,1,1,3,'2015-02-24 16:13:57','2015-02-24 16:13:57','4','4','6' );
INSERT INTO magic_card_edition (ce_ca_id,ce_ed_id,ce_versions,ce_ra_id,ce_creation_date,ce_last_update_date,ce_cost) VALUES (237,1,1,3,'2015-02-24 16:13:57','2015-02-24 16:13:57','2B'   );
INSERT INTO magic_card_edition (ce_ca_id,ce_ed_id,ce_versions,ce_ra_id,ce_creation_date,ce_last_update_date,ce_cost,ce_power,ce_toughness) VALUES (238,2,1,1,'2015-02-24 16:13:57','2015-02-24 16:13:57','1G','2','2' );
INSERT INTO magic_card_edition (ce_ca_id,ce_ed_id,ce_versions,ce_ra_id,ce_creation_date,ce_last_update_date,ce_cost,ce_power,ce_toughness) VALUES (239,1,1,1,'2015-02-24 16:13:57','2015-02-24 16:13:57','5G','3','3' );
INSERT INTO magic_card_edition (ce_ca_id,ce_ed_id,ce_versions,ce_ra_id,ce_creation_date,ce_last_update_date,ce_cost) VALUES (240,2,1,1,'2015-02-24 16:13:57','2015-02-24 16:13:57','W'   );
INSERT INTO magic_card_edition (ce_ca_id,ce_ed_id,ce_versions,ce_ra_id,ce_creation_date,ce_last_update_date,ce_cost) VALUES (241,1,1,2,'2015-02-24 16:13:57','2015-02-24 16:13:57','3'   );
INSERT INTO magic_card_edition (ce_ca_id,ce_ed_id,ce_versions,ce_ra_id,ce_creation_date,ce_last_update_date,ce_cost) VALUES (242,2,1,3,'2015-02-24 16:13:57','2015-02-24 16:13:57','1'   );
INSERT INTO magic_card_edition (ce_ca_id,ce_ed_id,ce_versions,ce_ra_id,ce_creation_date,ce_last_update_date,ce_cost,ce_power,ce_toughness) VALUES (243,1,1,1,'2015-02-24 16:13:57','2015-02-24 16:13:57','4','1','4' );
INSERT INTO magic_card_edition (ce_ca_id,ce_ed_id,ce_versions,ce_ra_id,ce_creation_date,ce_last_update_date,ce_cost,ce_power,ce_toughness) VALUES (244,2,1,1,'2015-02-24 16:13:57','2015-02-24 16:13:57','3R','3','3' );
INSERT INTO magic_card_edition (ce_ca_id,ce_ed_id,ce_versions,ce_ra_id,ce_creation_date,ce_last_update_date,ce_cost) VALUES (245,2,1,1,'2015-02-24 16:13:57','2015-02-24 16:13:57','W'   );
INSERT INTO magic_card_edition (ce_ca_id,ce_ed_id,ce_versions,ce_ra_id,ce_creation_date,ce_last_update_date,ce_cost) VALUES (246,2,1,1,'2015-02-24 16:13:57','2015-02-24 16:13:57','W'   );
INSERT INTO magic_card_edition (ce_ca_id,ce_ed_id,ce_versions,ce_ra_id,ce_creation_date,ce_last_update_date,ce_cost) VALUES (247,2,1,1,'2015-02-24 16:13:57','2015-02-24 16:13:57','XB'   );
INSERT INTO magic_card_edition (ce_ca_id,ce_ed_id,ce_versions,ce_ra_id,ce_creation_date,ce_last_update_date,ce_cost) VALUES (248,2,1,3,'2015-02-24 16:13:57','2015-02-24 16:13:57','2'   );
INSERT INTO magic_card_edition (ce_ca_id,ce_ed_id,ce_versions,ce_ra_id,ce_creation_date,ce_last_update_date,ce_cost) VALUES (249,1,1,3,'2015-02-24 16:13:57','2015-02-24 16:13:57','2GG'   );
INSERT INTO magic_card_edition (ce_ca_id,ce_ed_id,ce_versions,ce_ra_id,ce_creation_date,ce_last_update_date,ce_cost) VALUES (250,2,1,3,'2015-02-24 16:13:57','2015-02-24 16:13:57','1U'   );
INSERT INTO magic_card_edition (ce_ca_id,ce_ed_id,ce_versions,ce_ra_id,ce_creation_date,ce_last_update_date,ce_cost,ce_power,ce_toughness) VALUES (251,2,1,1,'2015-02-24 16:13:57','2015-02-24 16:13:57','1RR','2','3' );
INSERT INTO magic_card_edition (ce_ca_id,ce_ed_id,ce_versions,ce_ra_id,ce_creation_date,ce_last_update_date,ce_cost,ce_power,ce_toughness) VALUES (252,2,1,3,'2015-02-24 16:13:57','2015-02-24 16:13:57','R','1','1' );
INSERT INTO magic_card_edition (ce_ca_id,ce_ed_id,ce_versions,ce_ra_id,ce_creation_date,ce_last_update_date,ce_cost) VALUES (253,2,1,2,'2015-02-24 16:13:57','2015-02-24 16:13:57','XG'   );
INSERT INTO magic_card_edition (ce_ca_id,ce_ed_id,ce_versions,ce_ra_id,ce_creation_date,ce_last_update_date,ce_cost,ce_power,ce_toughness) VALUES (254,2,1,2,'2015-02-24 16:13:57','2015-02-24 16:13:57','1BB','2','2' );
INSERT INTO magic_card_edition (ce_ca_id,ce_ed_id,ce_versions,ce_ra_id,ce_creation_date,ce_last_update_date,ce_cost) VALUES (255,1,1,2,'2015-02-24 16:13:57','2015-02-24 16:13:57','4'   );
INSERT INTO magic_card_edition (ce_ca_id,ce_ed_id,ce_versions,ce_ra_id,ce_creation_date,ce_last_update_date,ce_cost) VALUES (256,2,1,1,'2015-02-24 16:13:57','2015-02-24 16:13:57','R'   );
INSERT INTO magic_card_edition (ce_ca_id,ce_ed_id,ce_versions,ce_ra_id,ce_creation_date,ce_last_update_date,ce_cost) VALUES (257,1,1,1,'2015-02-24 16:13:57','2015-02-24 16:13:57','2R'   );
INSERT INTO magic_card_edition (ce_ca_id,ce_ed_id,ce_versions,ce_ra_id,ce_creation_date,ce_last_update_date,ce_cost) VALUES (258,1,1,1,'2015-02-24 16:13:57','2015-02-24 16:13:57','1U'   );
INSERT INTO magic_card_edition (ce_ca_id,ce_ed_id,ce_versions,ce_ra_id,ce_creation_date,ce_last_update_date,ce_cost) VALUES (259,2,1,3,'2015-02-24 16:13:57','2015-02-24 16:13:57','5RR'   );
INSERT INTO magic_card_edition (ce_ca_id,ce_ed_id,ce_versions,ce_ra_id,ce_creation_date,ce_last_update_date,ce_cost) VALUES (260,2,1,2,'2015-02-24 16:13:57','2015-02-24 16:13:57','G'   );
INSERT INTO magic_card_edition (ce_ca_id,ce_ed_id,ce_versions,ce_ra_id,ce_creation_date,ce_last_update_date,ce_cost,ce_power,ce_toughness) VALUES (261,1,1,1,'2015-02-24 16:13:57','2015-02-24 16:13:57','2','1','1' );
INSERT INTO magic_card_edition (ce_ca_id,ce_ed_id,ce_versions,ce_ra_id,ce_creation_date,ce_last_update_date,ce_cost) VALUES (262,2,1,2,'2015-02-24 16:13:57','2015-02-24 16:13:57','1'   );
INSERT INTO magic_card_edition (ce_ca_id,ce_ed_id,ce_versions,ce_ra_id,ce_creation_date,ce_last_update_date,ce_cost,ce_power,ce_toughness) VALUES (263,2,1,1,'2015-02-24 16:13:57','2015-02-24 16:13:57','1R','2','2' );
INSERT INTO magic_card_edition (ce_ca_id,ce_ed_id,ce_versions,ce_ra_id,ce_creation_date,ce_last_update_date,ce_cost,ce_power,ce_toughness) VALUES (264,2,1,1,'2015-02-24 16:13:57','2015-02-24 16:13:57','4G','3','5' );
INSERT INTO magic_card_edition (ce_ca_id,ce_ed_id,ce_versions,ce_ra_id,ce_creation_date,ce_last_update_date,ce_cost) VALUES (265,1,1,1,'2015-02-24 16:13:57','2015-02-24 16:13:57','3B'   );
INSERT INTO magic_card_edition (ce_ca_id,ce_ed_id,ce_versions,ce_ra_id,ce_creation_date,ce_last_update_date) VALUES (266,2,3,1,'2015-02-24 16:13:57','2015-02-24 16:13:57'    );
INSERT INTO magic_card_edition (ce_ca_id,ce_ed_id,ce_versions,ce_ra_id,ce_creation_date,ce_last_update_date) VALUES (266,1,4,1,'2015-02-24 16:13:57','2015-02-24 16:13:57'    );
INSERT INTO magic_card_edition (ce_ca_id,ce_ed_id,ce_versions,ce_ra_id,ce_creation_date,ce_last_update_date,ce_cost,ce_power,ce_toughness) VALUES (267,2,1,3,'2015-02-24 16:13:57','2015-02-24 16:13:57','4UUU','6','8' );
INSERT INTO magic_card_edition (ce_ca_id,ce_ed_id,ce_versions,ce_ra_id,ce_creation_date,ce_last_update_date,ce_cost) VALUES (268,2,1,3,'2015-02-24 16:13:57','2015-02-24 16:13:57','1W'   );
INSERT INTO magic_card_edition (ce_ca_id,ce_ed_id,ce_versions,ce_ra_id,ce_creation_date,ce_last_update_date,ce_cost) VALUES (269,1,1,2,'2015-02-24 16:13:57','2015-02-24 16:13:57','2'   );
INSERT INTO magic_card_edition (ce_ca_id,ce_ed_id,ce_versions,ce_ra_id,ce_creation_date,ce_last_update_date,ce_cost) VALUES (270,2,1,2,'2015-02-24 16:13:57','2015-02-24 16:13:57','1'   );
INSERT INTO magic_card_edition (ce_ca_id,ce_ed_id,ce_versions,ce_ra_id,ce_creation_date,ce_last_update_date,ce_cost) VALUES (271,2,1,3,'2015-02-24 16:13:57','2015-02-24 16:13:57','1'   );
INSERT INTO magic_card_edition (ce_ca_id,ce_ed_id,ce_versions,ce_ra_id,ce_creation_date,ce_last_update_date,ce_cost) VALUES (272,2,1,3,'2015-02-24 16:13:57','2015-02-24 16:13:57','4'   );
INSERT INTO magic_card_edition (ce_ca_id,ce_ed_id,ce_versions,ce_ra_id,ce_creation_date,ce_last_update_date,ce_cost) VALUES (273,2,1,3,'2015-02-24 16:13:57','2015-02-24 16:13:57','2'   );
INSERT INTO magic_card_edition (ce_ca_id,ce_ed_id,ce_versions,ce_ra_id,ce_creation_date,ce_last_update_date,ce_cost) VALUES (274,2,1,3,'2015-02-24 16:13:57','2015-02-24 16:13:57','4'   );
INSERT INTO magic_card_edition (ce_ca_id,ce_ed_id,ce_versions,ce_ra_id,ce_creation_date,ce_last_update_date,ce_cost) VALUES (275,1,1,3,'2015-02-24 16:13:57','2015-02-24 16:13:57','3'   );
INSERT INTO magic_card_edition (ce_ca_id,ce_ed_id,ce_versions,ce_ra_id,ce_creation_date,ce_last_update_date,ce_cost) VALUES (276,1,1,1,'2015-02-24 16:13:57','2015-02-24 16:13:57','2G'   );
INSERT INTO magic_card_edition (ce_ca_id,ce_ed_id,ce_versions,ce_ra_id,ce_creation_date,ce_last_update_date,ce_cost) VALUES (277,2,1,1,'2015-02-24 16:13:57','2015-02-24 16:13:57','U'   );
INSERT INTO magic_card_edition (ce_ca_id,ce_ed_id,ce_versions,ce_ra_id,ce_creation_date,ce_last_update_date,ce_cost,ce_power,ce_toughness) VALUES (278,2,1,2,'2015-02-24 16:13:57','2015-02-24 16:13:57','1BB','3','3' );
INSERT INTO magic_card_edition (ce_ca_id,ce_ed_id,ce_versions,ce_ra_id,ce_creation_date,ce_last_update_date,ce_cost) VALUES (279,2,1,2,'2015-02-24 16:13:57','2015-02-24 16:13:57','2WW'   );
INSERT INTO magic_card_edition (ce_ca_id,ce_ed_id,ce_versions,ce_ra_id,ce_creation_date,ce_last_update_date,ce_cost,ce_power,ce_toughness) VALUES (280,2,1,2,'2015-02-24 16:13:57','2015-02-24 16:13:57','2RR','*','*' );
INSERT INTO magic_card_edition (ce_ca_id,ce_ed_id,ce_versions,ce_ra_id,ce_creation_date,ce_last_update_date,ce_cost,ce_power,ce_toughness) VALUES (281,2,1,2,'2015-02-24 16:13:57','2015-02-24 16:13:57','1GG','0','1' );
INSERT INTO magic_card_edition (ce_ca_id,ce_ed_id,ce_versions,ce_ra_id,ce_creation_date,ce_last_update_date,ce_cost) VALUES (282,2,1,2,'2015-02-24 16:13:57','2015-02-24 16:13:57','3W'   );
INSERT INTO magic_card_edition (ce_ca_id,ce_ed_id,ce_versions,ce_ra_id,ce_creation_date,ce_last_update_date,ce_cost) VALUES (283,2,1,3,'2015-02-24 16:13:57','2015-02-24 16:13:57','4'   );
INSERT INTO magic_card_edition (ce_ca_id,ce_ed_id,ce_versions,ce_ra_id,ce_creation_date,ce_last_update_date,ce_cost) VALUES (284,1,1,3,'2015-02-24 16:13:57','2015-02-24 16:13:57','2'   );
INSERT INTO magic_card_edition (ce_ca_id,ce_ed_id,ce_versions,ce_ra_id,ce_creation_date,ce_last_update_date,ce_cost,ce_power,ce_toughness) VALUES (285,1,1,1,'2015-02-24 16:13:57','2015-02-24 16:13:57','2R','2','2' );
INSERT INTO magic_card_edition (ce_ca_id,ce_ed_id,ce_versions,ce_ra_id,ce_creation_date,ce_last_update_date,ce_cost,ce_power,ce_toughness) VALUES (286,1,1,1,'2015-02-24 16:13:57','2015-02-24 16:13:57','R','1','1' );
INSERT INTO magic_card_edition (ce_ca_id,ce_ed_id,ce_versions,ce_ra_id,ce_creation_date,ce_last_update_date,ce_cost,ce_power,ce_toughness) VALUES (287,2,1,1,'2015-02-24 16:13:57','2015-02-24 16:13:57','1GG','2','2' );
INSERT INTO magic_card_edition (ce_ca_id,ce_ed_id,ce_versions,ce_ra_id,ce_creation_date,ce_last_update_date,ce_cost) VALUES (288,2,1,3,'2015-02-24 16:13:57','2015-02-24 16:13:57','W'   );
INSERT INTO magic_card_edition (ce_ca_id,ce_ed_id,ce_versions,ce_ra_id,ce_creation_date,ce_last_update_date,ce_cost,ce_power,ce_toughness) VALUES (289,1,1,1,'2015-02-24 16:13:57','2015-02-24 16:13:57','2','1','1' );
INSERT INTO magic_card_edition (ce_ca_id,ce_ed_id,ce_versions,ce_ra_id,ce_creation_date,ce_last_update_date,ce_cost,ce_power,ce_toughness) VALUES (290,1,1,3,'2015-02-24 16:13:57','2015-02-24 16:13:57','3W','2','5' );
INSERT INTO magic_card_edition (ce_ca_id,ce_ed_id,ce_versions,ce_ra_id,ce_creation_date,ce_last_update_date,ce_cost) VALUES (291,1,1,2,'2015-02-24 16:13:57','2015-02-24 16:13:57','3'   );
INSERT INTO magic_card_edition (ce_ca_id,ce_ed_id,ce_versions,ce_ra_id,ce_creation_date,ce_last_update_date,ce_cost,ce_power,ce_toughness) VALUES (292,1,1,1,'2015-02-24 16:13:57','2015-02-24 16:13:57','1W','1','3' );
INSERT INTO magic_card_edition (ce_ca_id,ce_ed_id,ce_versions,ce_ra_id,ce_creation_date,ce_last_update_date,ce_cost,ce_power,ce_toughness) VALUES (293,1,1,1,'2015-02-24 16:13:57','2015-02-24 16:13:57','W','1','1' );
INSERT INTO magic_card_edition (ce_ca_id,ce_ed_id,ce_versions,ce_ra_id,ce_creation_date,ce_last_update_date,ce_cost) VALUES (294,1,1,1,'2015-02-24 16:13:57','2015-02-24 16:13:57','1'   );
INSERT INTO magic_card_edition (ce_ca_id,ce_ed_id,ce_versions,ce_ra_id,ce_creation_date,ce_last_update_date,ce_cost,ce_power,ce_toughness) VALUES (295,1,1,2,'2015-02-24 16:13:57','2015-02-24 16:13:57','WW','2','2' );
INSERT INTO magic_card_edition (ce_ca_id,ce_ed_id,ce_versions,ce_ra_id,ce_creation_date,ce_last_update_date,ce_cost) VALUES (296,1,1,3,'2015-02-24 16:13:57','2015-02-24 16:13:57','2'   );
INSERT INTO magic_card_edition (ce_ca_id,ce_ed_id,ce_versions,ce_ra_id,ce_creation_date,ce_last_update_date,ce_cost,ce_power,ce_toughness) VALUES (297,1,1,3,'2015-02-24 16:13:57','2015-02-24 16:13:57','5','10','10' );
INSERT INTO magic_card_edition (ce_ca_id,ce_ed_id,ce_versions,ce_ra_id,ce_creation_date,ce_last_update_date,ce_cost,ce_power,ce_toughness) VALUES (298,2,1,3,'2015-02-24 16:13:57','2015-02-24 16:13:57','5UUUU','10','10' );
INSERT INTO magic_card_edition (ce_ca_id,ce_ed_id,ce_versions,ce_ra_id,ce_creation_date,ce_last_update_date,ce_cost,ce_power,ce_toughness) VALUES (299,2,1,2,'2015-02-24 16:13:57','2015-02-24 16:13:57','2G','1','1' );
INSERT INTO magic_card_edition (ce_ca_id,ce_ed_id,ce_versions,ce_ra_id,ce_creation_date,ce_last_update_date,ce_cost) VALUES (300,1,1,3,'2015-02-24 16:13:57','2015-02-24 16:13:57','1'   );
INSERT INTO magic_card_edition (ce_ca_id,ce_ed_id,ce_versions,ce_ra_id,ce_creation_date,ce_last_update_date,ce_cost) VALUES (301,2,1,2,'2015-02-24 16:13:57','2015-02-24 16:13:57','1'   );
INSERT INTO magic_card_edition (ce_ca_id,ce_ed_id,ce_versions,ce_ra_id,ce_creation_date,ce_last_update_date,ce_cost) VALUES (302,2,1,2,'2015-02-24 16:13:57','2015-02-24 16:13:57','GG'   );
INSERT INTO magic_card_edition (ce_ca_id,ce_ed_id,ce_versions,ce_ra_id,ce_creation_date,ce_last_update_date,ce_cost) VALUES (303,2,1,3,'2015-02-24 16:13:57','2015-02-24 16:13:57','G'   );
INSERT INTO magic_card_edition (ce_ca_id,ce_ed_id,ce_versions,ce_ra_id,ce_creation_date,ce_last_update_date,ce_cost) VALUES (304,1,1,1,'2015-02-24 16:13:57','2015-02-24 16:13:57','1'   );
INSERT INTO magic_card_edition (ce_ca_id,ce_ed_id,ce_versions,ce_ra_id,ce_creation_date,ce_last_update_date,ce_cost) VALUES (305,2,1,2,'2015-02-24 16:13:57','2015-02-24 16:13:57','UU'   );
INSERT INTO magic_card_edition (ce_ca_id,ce_ed_id,ce_versions,ce_ra_id,ce_creation_date,ce_last_update_date,ce_cost) VALUES (306,2,1,1,'2015-02-24 16:13:57','2015-02-24 16:13:57','R'   );
INSERT INTO magic_card_edition (ce_ca_id,ce_ed_id,ce_versions,ce_ra_id,ce_creation_date,ce_last_update_date,ce_cost) VALUES (307,1,1,3,'2015-02-24 16:13:57','2015-02-24 16:13:57','3'   );
INSERT INTO magic_card_edition (ce_ca_id,ce_ed_id,ce_versions,ce_ra_id,ce_creation_date,ce_last_update_date,ce_cost) VALUES (308,1,1,2,'2015-02-24 16:13:57','2015-02-24 16:13:57','2'   );
INSERT INTO magic_card_edition (ce_ca_id,ce_ed_id,ce_versions,ce_ra_id,ce_creation_date,ce_last_update_date,ce_cost) VALUES (309,2,1,3,'2015-02-24 16:13:57','2015-02-24 16:13:57','G'   );
INSERT INTO magic_card_edition (ce_ca_id,ce_ed_id,ce_versions,ce_ra_id,ce_creation_date,ce_last_update_date,ce_cost,ce_power,ce_toughness) VALUES (310,1,1,3,'2015-02-24 16:13:57','2015-02-24 16:13:57','6GG','6','6' );
INSERT INTO magic_card_edition (ce_ca_id,ce_ed_id,ce_versions,ce_ra_id,ce_creation_date,ce_last_update_date,ce_cost) VALUES (311,2,1,3,'2015-02-24 16:13:57','2015-02-24 16:13:57','3G'   );
INSERT INTO magic_card_edition (ce_ca_id,ce_ed_id,ce_versions,ce_ra_id,ce_creation_date,ce_last_update_date,ce_cost,ce_power,ce_toughness) VALUES (312,2,1,1,'2015-02-24 16:13:57','2015-02-24 16:13:57','G','1','1' );
INSERT INTO magic_card_edition (ce_ca_id,ce_ed_id,ce_versions,ce_ra_id,ce_creation_date,ce_last_update_date,ce_cost,ce_power,ce_toughness) VALUES (313,1,1,3,'2015-02-24 16:13:57','2015-02-24 16:13:57','4','2','2' );
INSERT INTO magic_card_edition (ce_ca_id,ce_ed_id,ce_versions,ce_ra_id,ce_creation_date,ce_last_update_date,ce_cost,ce_power,ce_toughness) VALUES (314,1,1,2,'2015-02-24 16:13:57','2015-02-24 16:13:57','4UU','3','3' );
INSERT INTO magic_card_edition (ce_ca_id,ce_ed_id,ce_versions,ce_ra_id,ce_creation_date,ce_last_update_date,ce_cost,ce_power,ce_toughness) VALUES (315,2,1,3,'2015-02-24 16:13:57','2015-02-24 16:13:57','UU','2','2' );
INSERT INTO magic_card_edition (ce_ca_id,ce_ed_id,ce_versions,ce_ra_id,ce_creation_date,ce_last_update_date,ce_cost,ce_power,ce_toughness) VALUES (316,2,1,3,'2015-02-24 16:13:57','2015-02-24 16:13:57','4BBB','7','7' );
INSERT INTO magic_card_edition (ce_ca_id,ce_ed_id,ce_versions,ce_ra_id,ce_creation_date,ce_last_update_date,ce_cost,ce_power,ce_toughness) VALUES (317,2,1,1,'2015-02-24 16:13:57','2015-02-24 16:13:57','1BB','2','1' );
INSERT INTO magic_card_edition (ce_ca_id,ce_ed_id,ce_versions,ce_ra_id,ce_creation_date,ce_last_update_date,ce_cost,ce_power,ce_toughness) VALUES (318,1,1,1,'2015-02-24 16:13:57','2015-02-24 16:13:57','5W','3','3' );
INSERT INTO magic_card_edition (ce_ca_id,ce_ed_id,ce_versions,ce_ra_id,ce_creation_date,ce_last_update_date,ce_cost,ce_power,ce_toughness) VALUES (319,1,1,3,'2015-02-24 16:13:57','2015-02-24 16:13:57','1W','4','4' );
INSERT INTO magic_card_edition (ce_ca_id,ce_ed_id,ce_versions,ce_ra_id,ce_creation_date,ce_last_update_date,ce_cost,ce_power,ce_toughness) VALUES (320,1,1,3,'2015-02-24 16:13:57','2015-02-24 16:13:57','3W','2','2' );
INSERT INTO magic_card_edition (ce_ca_id,ce_ed_id,ce_versions,ce_ra_id,ce_creation_date,ce_last_update_date,ce_cost) VALUES (321,1,1,2,'2015-02-24 16:13:57','2015-02-24 16:13:57','3'   );
INSERT INTO magic_card_edition (ce_ca_id,ce_ed_id,ce_versions,ce_ra_id,ce_creation_date,ce_last_update_date,ce_cost,ce_power,ce_toughness) VALUES (322,1,1,3,'2015-02-24 16:13:57','2015-02-24 16:13:57','3U','2','2' );
INSERT INTO magic_card_edition (ce_ca_id,ce_ed_id,ce_versions,ce_ra_id,ce_creation_date,ce_last_update_date,ce_cost,ce_power,ce_toughness) VALUES (323,1,1,2,'2015-02-24 16:13:57','2015-02-24 16:13:57','2U','1','2' );
INSERT INTO magic_card_edition (ce_ca_id,ce_ed_id,ce_versions,ce_ra_id,ce_creation_date,ce_last_update_date,ce_cost,ce_power,ce_toughness) VALUES (324,1,1,1,'2015-02-24 16:13:57','2015-02-24 16:13:57','1U','1','3' );
INSERT INTO magic_card_edition (ce_ca_id,ce_ed_id,ce_versions,ce_ra_id,ce_creation_date,ce_last_update_date,ce_cost,ce_power,ce_toughness) VALUES (325,1,1,3,'2015-02-24 16:13:57','2015-02-24 16:13:57','4WWW','4','4' );
INSERT INTO magic_card_edition (ce_ca_id,ce_ed_id,ce_versions,ce_ra_id,ce_creation_date,ce_last_update_date,ce_cost) VALUES (326,2,1,2,'2015-02-24 16:13:57','2015-02-24 16:13:57','1GG'   );
INSERT INTO magic_card_edition (ce_ca_id,ce_ed_id,ce_versions,ce_ra_id,ce_creation_date,ce_last_update_date,ce_cost) VALUES (327,2,1,3,'2015-02-24 16:13:57','2015-02-24 16:13:57','U'   );
INSERT INTO magic_card_edition (ce_ca_id,ce_ed_id,ce_versions,ce_ra_id,ce_creation_date,ce_last_update_date,ce_cost) VALUES (328,2,1,3,'2015-02-24 16:13:57','2015-02-24 16:13:57','1RR'   );
INSERT INTO magic_card_edition (ce_ca_id,ce_ed_id,ce_versions,ce_ra_id,ce_creation_date,ce_last_update_date,ce_cost,ce_power,ce_toughness) VALUES (329,2,1,3,'2015-02-24 16:13:57','2015-02-24 16:13:57','4UU','5','6' );
INSERT INTO magic_card_edition (ce_ca_id,ce_ed_id,ce_versions,ce_ra_id,ce_creation_date,ce_last_update_date,ce_cost,ce_power,ce_toughness) VALUES (330,1,1,1,'2015-02-24 16:13:57','2015-02-24 16:13:57','6','5','3' );
INSERT INTO magic_card_edition (ce_ca_id,ce_ed_id,ce_versions,ce_ra_id,ce_creation_date,ce_last_update_date,ce_cost) VALUES (331,2,1,3,'2015-02-24 16:13:57','2015-02-24 16:13:57','R'   );
INSERT INTO magic_card_edition (ce_ca_id,ce_ed_id,ce_versions,ce_ra_id,ce_creation_date,ce_last_update_date,ce_cost) VALUES (332,2,1,3,'2015-02-24 16:13:57','2015-02-24 16:13:57','2R'   );
INSERT INTO magic_card_edition (ce_ca_id,ce_ed_id,ce_versions,ce_ra_id,ce_creation_date,ce_last_update_date,ce_cost) VALUES (333,2,1,3,'2015-02-24 16:13:57','2015-02-24 16:13:57','2U'   );
INSERT INTO magic_card_edition (ce_ca_id,ce_ed_id,ce_versions,ce_ra_id,ce_creation_date,ce_last_update_date,ce_cost) VALUES (334,2,1,3,'2015-02-24 16:13:57','2015-02-24 16:13:57','1'   );
INSERT INTO magic_card_edition (ce_ca_id,ce_ed_id,ce_versions,ce_ra_id,ce_creation_date,ce_last_update_date,ce_cost) VALUES (335,2,1,3,'2015-02-24 16:13:57','2015-02-24 16:13:57','3R'   );
INSERT INTO magic_card_edition (ce_ca_id,ce_ed_id,ce_versions,ce_ra_id,ce_creation_date,ce_last_update_date,ce_cost) VALUES (336,1,1,3,'2015-02-24 16:13:57','2015-02-24 16:13:57','3U'   );
INSERT INTO magic_card_edition (ce_ca_id,ce_ed_id,ce_versions,ce_ra_id,ce_creation_date,ce_last_update_date,ce_cost) VALUES (337,2,1,1,'2015-02-24 16:13:57','2015-02-24 16:13:57','B'   );
INSERT INTO magic_card_edition (ce_ca_id,ce_ed_id,ce_versions,ce_ra_id,ce_creation_date,ce_last_update_date,ce_cost,ce_power,ce_toughness) VALUES (338,2,1,1,'2015-02-24 16:13:57','2015-02-24 16:13:57','3G','1','2' );
INSERT INTO magic_card_edition (ce_ca_id,ce_ed_id,ce_versions,ce_ra_id,ce_creation_date,ce_last_update_date,ce_cost) VALUES (339,1,1,2,'2015-02-24 16:13:57','2015-02-24 16:13:57','2'   );
INSERT INTO magic_card_edition (ce_ca_id,ce_ed_id,ce_versions,ce_ra_id,ce_creation_date,ce_last_update_date,ce_cost) VALUES (340,1,1,3,'2015-02-24 16:13:57','2015-02-24 16:13:57','R'   );
INSERT INTO magic_card_edition (ce_ca_id,ce_ed_id,ce_versions,ce_ra_id,ce_creation_date,ce_last_update_date,ce_cost) VALUES (341,2,1,3,'2015-02-24 16:13:57','2015-02-24 16:13:57','1'   );
INSERT INTO magic_card_edition (ce_ca_id,ce_ed_id,ce_versions,ce_ra_id,ce_creation_date,ce_last_update_date,ce_cost,ce_power,ce_toughness) VALUES (342,1,1,3,'2015-02-24 16:13:57','2015-02-24 16:13:57','4RR','3','4' );
INSERT INTO magic_card_edition (ce_ca_id,ce_ed_id,ce_versions,ce_ra_id,ce_creation_date,ce_last_update_date,ce_cost,ce_power,ce_toughness) VALUES (343,2,1,1,'2015-02-24 16:13:57','2015-02-24 16:13:57','U','1','1' );
INSERT INTO magic_card_edition (ce_ca_id,ce_ed_id,ce_versions,ce_ra_id,ce_creation_date,ce_last_update_date,ce_cost,ce_power,ce_toughness) VALUES (344,2,1,1,'2015-02-24 16:13:57','2015-02-24 16:13:57','1W','1','1' );
INSERT INTO magic_card_edition (ce_ca_id,ce_ed_id,ce_versions,ce_ra_id,ce_creation_date,ce_last_update_date,ce_cost) VALUES (345,1,1,3,'2015-02-24 16:13:57','2015-02-24 16:13:57','2'   );
INSERT INTO magic_card_edition (ce_ca_id,ce_ed_id,ce_versions,ce_ra_id,ce_creation_date,ce_last_update_date,ce_cost) VALUES (346,2,1,3,'2015-02-24 16:13:57','2015-02-24 16:13:57','2'   );
INSERT INTO magic_card_edition (ce_ca_id,ce_ed_id,ce_versions,ce_ra_id,ce_creation_date,ce_last_update_date,ce_cost) VALUES (347,2,1,2,'2015-02-24 16:13:57','2015-02-24 16:13:57','U'   );
INSERT INTO magic_card_edition (ce_ca_id,ce_ed_id,ce_versions,ce_ra_id,ce_creation_date,ce_last_update_date,ce_cost) VALUES (348,2,1,3,'2015-02-24 16:13:57','2015-02-24 16:13:57','XB'   );
INSERT INTO magic_card_edition (ce_ca_id,ce_ed_id,ce_versions,ce_ra_id,ce_creation_date,ce_last_update_date,ce_cost) VALUES (349,1,1,3,'2015-02-24 16:13:57','2015-02-24 16:13:57','5'   );
INSERT INTO magic_card_edition (ce_ca_id,ce_ed_id,ce_versions,ce_ra_id,ce_creation_date,ce_last_update_date,ce_cost) VALUES (350,1,1,3,'2015-02-24 16:13:57','2015-02-24 16:13:57','6'   );
INSERT INTO magic_card_edition (ce_ca_id,ce_ed_id,ce_versions,ce_ra_id,ce_creation_date,ce_last_update_date,ce_cost) VALUES (351,1,1,2,'2015-02-24 16:13:57','2015-02-24 16:13:57','3'   );
INSERT INTO magic_card_edition (ce_ca_id,ce_ed_id,ce_versions,ce_ra_id,ce_creation_date,ce_last_update_date,ce_cost,ce_power,ce_toughness) VALUES (352,1,1,2,'2015-02-24 16:13:57','2015-02-24 16:13:57','6','3','4' );
INSERT INTO magic_card_edition (ce_ca_id,ce_ed_id,ce_versions,ce_ra_id,ce_creation_date,ce_last_update_date) VALUES (353,2,1,2,'2015-02-24 16:13:57','2015-02-24 16:13:57'    );
INSERT INTO magic_card_edition (ce_ca_id,ce_ed_id,ce_versions,ce_ra_id,ce_creation_date,ce_last_update_date,ce_cost,ce_power,ce_toughness) VALUES (354,2,1,3,'2015-02-24 16:13:57','2015-02-24 16:13:57','7','5','5' );
INSERT INTO magic_card_edition (ce_ca_id,ce_ed_id,ce_versions,ce_ra_id,ce_creation_date,ce_last_update_date,ce_cost,ce_power,ce_toughness) VALUES (355,1,1,3,'2015-02-24 16:13:57','2015-02-24 16:13:57','3GG','4','6' );
INSERT INTO magic_card_edition (ce_ca_id,ce_ed_id,ce_versions,ce_ra_id,ce_creation_date,ce_last_update_date,ce_cost) VALUES (356,1,1,1,'2015-02-24 16:13:57','2015-02-24 16:13:57','1RR'   );
INSERT INTO magic_card_edition (ce_ca_id,ce_ed_id,ce_versions,ce_ra_id,ce_creation_date,ce_last_update_date,ce_cost,ce_power,ce_toughness) VALUES (357,2,1,1,'2015-02-24 16:13:57','2015-02-24 16:13:57','R','1','1' );
INSERT INTO magic_card_edition (ce_ca_id,ce_ed_id,ce_versions,ce_ra_id,ce_creation_date,ce_last_update_date,ce_cost) VALUES (358,2,1,1,'2015-02-24 16:13:57','2015-02-24 16:13:57','1WW'   );
INSERT INTO magic_card_edition (ce_ca_id,ce_ed_id,ce_versions,ce_ra_id,ce_creation_date,ce_last_update_date,ce_cost,ce_power,ce_toughness) VALUES (359,1,1,1,'2015-02-24 16:13:57','2015-02-24 16:13:57','3B','2','3' );
INSERT INTO magic_card_edition (ce_ca_id,ce_ed_id,ce_versions,ce_ra_id,ce_creation_date,ce_last_update_date) VALUES (360,2,3,1,'2015-02-24 16:13:57','2015-02-24 16:13:57'    );
INSERT INTO magic_card_edition (ce_ca_id,ce_ed_id,ce_versions,ce_ra_id,ce_creation_date,ce_last_update_date) VALUES (360,1,4,1,'2015-02-24 16:13:57','2015-02-24 16:13:57'    );
INSERT INTO magic_card_edition (ce_ca_id,ce_ed_id,ce_versions,ce_ra_id,ce_creation_date,ce_last_update_date,ce_cost) VALUES (361,1,1,2,'2015-02-24 16:13:57','2015-02-24 16:13:57','4'   );
INSERT INTO magic_card_edition (ce_ca_id,ce_ed_id,ce_versions,ce_ra_id,ce_creation_date,ce_last_update_date,ce_cost,ce_power,ce_toughness) VALUES (362,2,1,1,'2015-02-24 16:13:57','2015-02-24 16:13:57','3B','2','2' );
INSERT INTO magic_card_edition (ce_ca_id,ce_ed_id,ce_versions,ce_ra_id,ce_creation_date,ce_last_update_date,ce_cost,ce_power,ce_toughness) VALUES (363,1,1,1,'2015-02-24 16:13:57','2015-02-24 16:13:57','3','1','1' );
INSERT INTO magic_card_edition (ce_ca_id,ce_ed_id,ce_versions,ce_ra_id,ce_creation_date,ce_last_update_date,ce_cost,ce_power,ce_toughness) VALUES (364,1,1,1,'2015-02-24 16:13:57','2015-02-24 16:13:57','7','4','4' );
INSERT INTO magic_card_edition (ce_ca_id,ce_ed_id,ce_versions,ce_ra_id,ce_creation_date,ce_last_update_date,ce_cost) VALUES (365,1,1,3,'2015-02-24 16:13:57','2015-02-24 16:13:57','6'   );
INSERT INTO magic_card_edition (ce_ca_id,ce_ed_id,ce_versions,ce_ra_id,ce_creation_date,ce_last_update_date,ce_cost,ce_power,ce_toughness) VALUES (366,1,1,2,'2015-02-24 16:13:57','2015-02-24 16:13:57','1','1','1' );
INSERT INTO magic_card_edition (ce_ca_id,ce_ed_id,ce_versions,ce_ra_id,ce_creation_date,ce_last_update_date,ce_cost,ce_power,ce_toughness) VALUES (367,1,1,2,'2015-02-24 16:13:57','2015-02-24 16:13:57','5','2','2' );
INSERT INTO magic_card_edition (ce_ca_id,ce_ed_id,ce_versions,ce_ra_id,ce_creation_date,ce_last_update_date,ce_cost,ce_power,ce_toughness) VALUES (368,1,1,2,'2015-02-24 16:13:57','2015-02-24 16:13:57','2','1','1' );
INSERT INTO magic_card_edition (ce_ca_id,ce_ed_id,ce_versions,ce_ra_id,ce_creation_date,ce_last_update_date,ce_cost,ce_power,ce_toughness) VALUES (369,2,1,1,'2015-02-24 16:13:57','2015-02-24 16:13:57','G','1','1' );
INSERT INTO magic_card_edition (ce_ca_id,ce_ed_id,ce_versions,ce_ra_id,ce_creation_date,ce_last_update_date,ce_cost) VALUES (370,1,1,3,'2015-02-24 16:13:57','2015-02-24 16:13:57','2B'   );
INSERT INTO magic_card_edition (ce_ca_id,ce_ed_id,ce_versions,ce_ra_id,ce_creation_date,ce_last_update_date,ce_cost) VALUES (371,1,1,1,'2015-02-24 16:13:57','2015-02-24 16:13:57','1'   );
INSERT INTO magic_card_edition (ce_ca_id,ce_ed_id,ce_versions,ce_ra_id,ce_creation_date,ce_last_update_date,ce_cost,ce_power,ce_toughness) VALUES (372,1,1,2,'2015-02-24 16:13:57','2015-02-24 16:13:57','4','2','2' );
INSERT INTO magic_card_edition (ce_ca_id,ce_ed_id,ce_versions,ce_ra_id,ce_creation_date,ce_last_update_date,ce_cost,ce_power,ce_toughness) VALUES (373,2,1,3,'2015-02-24 16:13:57','2015-02-24 16:13:57','BB','1','1' );
INSERT INTO magic_card_edition (ce_ca_id,ce_ed_id,ce_versions,ce_ra_id,ce_creation_date,ce_last_update_date,ce_cost,ce_power,ce_toughness) VALUES (374,1,1,1,'2015-02-24 16:13:57','2015-02-24 16:13:57','1U','1','1' );
INSERT INTO magic_card_edition (ce_ca_id,ce_ed_id,ce_versions,ce_ra_id,ce_creation_date,ce_last_update_date,ce_cost) VALUES (375,1,1,1,'2015-02-24 16:13:57','2015-02-24 16:13:57','1'   );
INSERT INTO magic_card_edition (ce_ca_id,ce_ed_id,ce_versions,ce_ra_id,ce_creation_date,ce_last_update_date,ce_cost,ce_power,ce_toughness) VALUES (376,1,1,1,'2015-02-24 16:13:57','2015-02-24 16:13:57','2U','2','2' );
INSERT INTO magic_card_edition (ce_ca_id,ce_ed_id,ce_versions,ce_ra_id,ce_creation_date,ce_last_update_date,ce_cost) VALUES (377,2,1,3,'2015-02-24 16:13:57','2015-02-24 16:13:57','4'   );
INSERT INTO magic_card_edition (ce_ca_id,ce_ed_id,ce_versions,ce_ra_id,ce_creation_date,ce_last_update_date,ce_cost,ce_power,ce_toughness) VALUES (378,2,1,3,'2015-02-24 16:13:57','2015-02-24 16:13:57','5B','*','*' );
INSERT INTO magic_card_edition (ce_ca_id,ce_ed_id,ce_versions,ce_ra_id,ce_creation_date,ce_last_update_date,ce_cost) VALUES (379,1,1,3,'2015-02-24 16:13:57','2015-02-24 16:13:57','4'   );
INSERT INTO magic_card_edition (ce_ca_id,ce_ed_id,ce_versions,ce_ra_id,ce_creation_date,ce_last_update_date,ce_cost,ce_power,ce_toughness) VALUES (380,1,1,3,'2015-02-24 16:13:57','2015-02-24 16:13:57','3BB','4','1' );
INSERT INTO magic_card_edition (ce_ca_id,ce_ed_id,ce_versions,ce_ra_id,ce_creation_date,ce_last_update_date,ce_cost,ce_power,ce_toughness) VALUES (381,1,1,1,'2015-02-24 16:13:57','2015-02-24 16:13:57','2B','1','1' );
INSERT INTO magic_card_edition (ce_ca_id,ce_ed_id,ce_versions,ce_ra_id,ce_creation_date,ce_last_update_date,ce_cost,ce_power,ce_toughness) VALUES (382,1,1,1,'2015-02-24 16:13:57','2015-02-24 16:13:57','3','3','1' );
INSERT INTO magic_card_edition (ce_ca_id,ce_ed_id,ce_versions,ce_ra_id,ce_creation_date,ce_last_update_date,ce_cost,ce_power,ce_toughness) VALUES (383,1,1,2,'2015-02-24 16:13:57','2015-02-24 16:13:57','2BB','2','1' );
INSERT INTO magic_card_edition (ce_ca_id,ce_ed_id,ce_versions,ce_ra_id,ce_creation_date,ce_last_update_date,ce_cost,ce_power,ce_toughness) VALUES (384,1,1,1,'2015-02-24 16:13:57','2015-02-24 16:13:57','3B','0','1' );
INSERT INTO magic_card_edition (ce_ca_id,ce_ed_id,ce_versions,ce_ra_id,ce_creation_date,ce_last_update_date,ce_cost,ce_power,ce_toughness) VALUES (385,2,1,3,'2015-02-24 16:13:57','2015-02-24 16:13:57','2WW','3','3' );
INSERT INTO magic_card_edition (ce_ca_id,ce_ed_id,ce_versions,ce_ra_id,ce_creation_date,ce_last_update_date,ce_cost) VALUES (386,1,1,2,'2015-02-24 16:13:57','2015-02-24 16:13:57','3'   );
INSERT INTO magic_card_edition (ce_ca_id,ce_ed_id,ce_versions,ce_ra_id,ce_creation_date,ce_last_update_date) VALUES (387,2,1,2,'2015-02-24 16:13:57','2015-02-24 16:13:57'    );
INSERT INTO magic_card_edition (ce_ca_id,ce_ed_id,ce_versions,ce_ra_id,ce_creation_date,ce_last_update_date,ce_cost) VALUES (388,1,1,3,'2015-02-24 16:13:57','2015-02-24 16:13:57','3'   );
INSERT INTO magic_card_edition (ce_ca_id,ce_ed_id,ce_versions,ce_ra_id,ce_creation_date,ce_last_update_date,ce_cost,ce_power,ce_toughness) VALUES (389,2,1,2,'2015-02-24 16:13:57','2015-02-24 16:13:57','6','4','6' );
INSERT INTO magic_card_edition (ce_ca_id,ce_ed_id,ce_versions,ce_ra_id,ce_creation_date,ce_last_update_date,ce_cost,ce_power,ce_toughness) VALUES (390,1,1,1,'2015-02-24 16:13:57','2015-02-24 16:13:57','4R','3','3' );
INSERT INTO magic_card_edition (ce_ca_id,ce_ed_id,ce_versions,ce_ra_id,ce_creation_date,ce_last_update_date,ce_cost,ce_power,ce_toughness) VALUES (391,1,1,1,'2015-02-24 16:13:57','2015-02-24 16:13:57','2','1','2' );
INSERT INTO magic_card_edition (ce_ca_id,ce_ed_id,ce_versions,ce_ra_id,ce_creation_date,ce_last_update_date,ce_cost) VALUES (392,1,1,2,'2015-02-24 16:13:57','2015-02-24 16:13:57','5G'   );
INSERT INTO magic_card_edition (ce_ca_id,ce_ed_id,ce_versions,ce_ra_id,ce_creation_date,ce_last_update_date,ce_cost,ce_power,ce_toughness) VALUES (393,2,1,3,'2015-02-24 16:13:57','2015-02-24 16:13:57','3','2','2' );
INSERT INTO magic_card_edition (ce_ca_id,ce_ed_id,ce_versions,ce_ra_id,ce_creation_date,ce_last_update_date,ce_cost,ce_power,ce_toughness) VALUES (394,2,1,2,'2015-02-24 16:13:57','2015-02-24 16:13:57','1RR','1','3' );
INSERT INTO magic_card_edition (ce_ca_id,ce_ed_id,ce_versions,ce_ra_id,ce_creation_date,ce_last_update_date,ce_cost) VALUES (395,2,1,2,'2015-02-24 16:13:57','2015-02-24 16:13:57','3R'   );
INSERT INTO magic_card_edition (ce_ca_id,ce_ed_id,ce_versions,ce_ra_id,ce_creation_date,ce_last_update_date,ce_cost,ce_power,ce_toughness) VALUES (396,2,1,2,'2015-02-24 16:13:57','2015-02-24 16:13:57','0','0','2' );
INSERT INTO magic_card_edition (ce_ca_id,ce_ed_id,ce_versions,ce_ra_id,ce_creation_date,ce_last_update_date,ce_cost,ce_power,ce_toughness) VALUES (396,1,1,2,'2015-02-24 16:13:57','2015-02-24 16:13:57','0','0','2' );
INSERT INTO magic_card_edition (ce_ca_id,ce_ed_id,ce_versions,ce_ra_id,ce_creation_date,ce_last_update_date,ce_cost,ce_power,ce_toughness) VALUES (397,2,1,2,'2015-02-24 16:13:57','2015-02-24 16:13:57','1W','1','1' );
INSERT INTO magic_card_edition (ce_ca_id,ce_ed_id,ce_versions,ce_ra_id,ce_creation_date,ce_last_update_date,ce_cost) VALUES (398,1,1,1,'2015-02-24 16:13:57','2015-02-24 16:13:57','2U'   );
INSERT INTO magic_card_edition (ce_ca_id,ce_ed_id,ce_versions,ce_ra_id,ce_creation_date,ce_last_update_date,ce_cost) VALUES (399,2,1,1,'2015-02-24 16:13:57','2015-02-24 16:13:57','B'   );
INSERT INTO magic_card_edition (ce_ca_id,ce_ed_id,ce_versions,ce_ra_id,ce_creation_date,ce_last_update_date,ce_cost) VALUES (400,1,1,2,'2015-02-24 16:13:57','2015-02-24 16:13:57','3'   );
INSERT INTO magic_card_edition (ce_ca_id,ce_ed_id,ce_versions,ce_ra_id,ce_creation_date,ce_last_update_date,ce_cost,ce_power,ce_toughness) VALUES (401,2,1,1,'2015-02-24 16:13:57','2015-02-24 16:13:57','2W','2','2' );
INSERT INTO magic_card_edition (ce_ca_id,ce_ed_id,ce_versions,ce_ra_id,ce_creation_date,ce_last_update_date,ce_cost,ce_power,ce_toughness) VALUES (402,1,1,3,'2015-02-24 16:13:57','2015-02-24 16:13:57','7','0','0' );
INSERT INTO magic_card_edition (ce_ca_id,ce_ed_id,ce_versions,ce_ra_id,ce_creation_date,ce_last_update_date,ce_cost,ce_power,ce_toughness) VALUES (403,2,1,3,'2015-02-24 16:13:57','2015-02-24 16:13:57','3WWW','6','6' );
INSERT INTO magic_card_edition (ce_ca_id,ce_ed_id,ce_versions,ce_ra_id,ce_creation_date,ce_last_update_date,ce_cost) VALUES (404,2,1,1,'2015-02-24 16:13:57','2015-02-24 16:13:57','2BB'   );
INSERT INTO magic_card_edition (ce_ca_id,ce_ed_id,ce_versions,ce_ra_id,ce_creation_date,ce_last_update_date,ce_cost,ce_power,ce_toughness) VALUES (405,1,1,1,'2015-02-24 16:13:57','2015-02-24 16:13:57','5','4','2' );
INSERT INTO magic_card_edition (ce_ca_id,ce_ed_id,ce_versions,ce_ra_id,ce_creation_date,ce_last_update_date,ce_cost,ce_power,ce_toughness) VALUES (406,2,1,2,'2015-02-24 16:13:57','2015-02-24 16:13:57','3U','4','1' );
INSERT INTO magic_card_edition (ce_ca_id,ce_ed_id,ce_versions,ce_ra_id,ce_creation_date,ce_last_update_date,ce_cost) VALUES (407,2,1,1,'2015-02-24 16:13:57','2015-02-24 16:13:57','UU'   );
INSERT INTO magic_card_edition (ce_ca_id,ce_ed_id,ce_versions,ce_ra_id,ce_creation_date,ce_last_update_date,ce_cost,ce_power,ce_toughness) VALUES (408,2,1,2,'2015-02-24 16:13:57','2015-02-24 16:13:57','3U','3','3' );
INSERT INTO magic_card_edition (ce_ca_id,ce_ed_id,ce_versions,ce_ra_id,ce_creation_date,ce_last_update_date,ce_cost) VALUES (409,2,1,1,'2015-02-24 16:13:57','2015-02-24 16:13:57','2W'   );
INSERT INTO magic_card_edition (ce_ca_id,ce_ed_id,ce_versions,ce_ra_id,ce_creation_date,ce_last_update_date,ce_cost,ce_power,ce_toughness) VALUES (410,2,1,1,'2015-02-24 16:13:57','2015-02-24 16:13:57','1W','1','1' );
INSERT INTO magic_card_edition (ce_ca_id,ce_ed_id,ce_versions,ce_ra_id,ce_creation_date,ce_last_update_date,ce_cost,ce_power,ce_toughness) VALUES (411,2,1,3,'2015-02-24 16:13:57','2015-02-24 16:13:57','4U','4','3' );
INSERT INTO magic_card_edition (ce_ca_id,ce_ed_id,ce_versions,ce_ra_id,ce_creation_date,ce_last_update_date,ce_cost,ce_power,ce_toughness) VALUES (412,2,1,1,'2015-02-24 16:13:57','2015-02-24 16:13:57','2B','1','1' );
INSERT INTO magic_card_edition (ce_ca_id,ce_ed_id,ce_versions,ce_ra_id,ce_creation_date,ce_last_update_date,ce_cost,ce_power,ce_toughness) VALUES (413,2,1,1,'2015-02-24 16:13:57','2015-02-24 16:13:57','2B','*','*' );
INSERT INTO magic_card_edition (ce_ca_id,ce_ed_id,ce_versions,ce_ra_id,ce_creation_date,ce_last_update_date) VALUES (414,2,3,1,'2015-02-24 16:13:57','2015-02-24 16:13:57'    );
INSERT INTO magic_card_edition (ce_ca_id,ce_ed_id,ce_versions,ce_ra_id,ce_creation_date,ce_last_update_date) VALUES (414,1,4,1,'2015-02-24 16:13:57','2015-02-24 16:13:57'    );
INSERT INTO magic_card_edition (ce_ca_id,ce_ed_id,ce_versions,ce_ra_id,ce_creation_date,ce_last_update_date,ce_cost,ce_power,ce_toughness) VALUES (415,1,1,3,'2015-02-24 16:13:57','2015-02-24 16:13:57','4GGG','8','8' );
INSERT INTO magic_card_edition (ce_ca_id,ce_ed_id,ce_versions,ce_ra_id,ce_creation_date,ce_last_update_date,ce_cost,ce_power,ce_toughness) VALUES (416,1,1,3,'2015-02-24 16:13:57','2015-02-24 16:13:57','7','4','4' );
INSERT INTO magic_card_edition (ce_ca_id,ce_ed_id,ce_versions,ce_ra_id,ce_creation_date,ce_last_update_date,ce_cost) VALUES (417,1,1,2,'2015-02-24 16:13:57','2015-02-24 16:13:57','2'   );
INSERT INTO magic_card_edition (ce_ca_id,ce_ed_id,ce_versions,ce_ra_id,ce_creation_date,ce_last_update_date,ce_cost) VALUES (418,2,1,1,'2015-02-24 16:13:57','2015-02-24 16:13:57','1U'   );
INSERT INTO magic_card_edition (ce_ca_id,ce_ed_id,ce_versions,ce_ra_id,ce_creation_date,ce_last_update_date,ce_cost) VALUES (419,2,1,1,'2015-02-24 16:13:57','2015-02-24 16:13:57','XU'   );
INSERT INTO magic_card_edition (ce_ca_id,ce_ed_id,ce_versions,ce_ra_id,ce_creation_date,ce_last_update_date,ce_cost) VALUES (420,2,1,3,'2015-02-24 16:13:57','2015-02-24 16:13:57','RR'   );
INSERT INTO magic_card_edition (ce_ca_id,ce_ed_id,ce_versions,ce_ra_id,ce_creation_date,ce_last_update_date,ce_cost,ce_power,ce_toughness) VALUES (421,2,1,1,'2015-02-24 16:13:57','2015-02-24 16:13:57','2G','1','1' );
INSERT INTO magic_card_edition (ce_ca_id,ce_ed_id,ce_versions,ce_ra_id,ce_creation_date,ce_last_update_date,ce_cost) VALUES (422,1,1,1,'2015-02-24 16:13:57','2015-02-24 16:13:57','1G'   );
INSERT INTO magic_card_edition (ce_ca_id,ce_ed_id,ce_versions,ce_ra_id,ce_creation_date,ce_last_update_date,ce_cost,ce_power,ce_toughness) VALUES (423,2,1,3,'2015-02-24 16:13:57','2015-02-24 16:13:57','4','*','*' );
INSERT INTO magic_card_edition (ce_ca_id,ce_ed_id,ce_versions,ce_ra_id,ce_creation_date,ce_last_update_date,ce_cost,ce_power,ce_toughness) VALUES (424,2,1,1,'2015-02-24 16:13:57','2015-02-24 16:13:57','2U','1','1' );
INSERT INTO magic_card_edition (ce_ca_id,ce_ed_id,ce_versions,ce_ra_id,ce_creation_date,ce_last_update_date,ce_cost) VALUES (425,1,1,3,'2015-02-24 16:13:57','2015-02-24 16:13:57','2BBB'   );
INSERT INTO magic_card_edition (ce_ca_id,ce_ed_id,ce_versions,ce_ra_id,ce_creation_date,ce_last_update_date,ce_cost) VALUES (426,1,1,3,'2015-02-24 16:13:57','2015-02-24 16:13:57','3'   );
INSERT INTO magic_card_edition (ce_ca_id,ce_ed_id,ce_versions,ce_ra_id,ce_creation_date,ce_last_update_date,ce_cost,ce_power,ce_toughness) VALUES (427,2,1,3,'2015-02-24 16:13:57','2015-02-24 16:13:57','4U','2','2' );
INSERT INTO magic_card_edition (ce_ca_id,ce_ed_id,ce_versions,ce_ra_id,ce_creation_date,ce_last_update_date,ce_cost,ce_power,ce_toughness) VALUES (428,1,1,2,'2015-02-24 16:13:57','2015-02-24 16:13:57','2U','0','3' );
INSERT INTO magic_card_edition (ce_ca_id,ce_ed_id,ce_versions,ce_ra_id,ce_creation_date,ce_last_update_date,ce_cost) VALUES (429,2,1,1,'2015-02-24 16:13:57','2015-02-24 16:13:57','1U'   );
INSERT INTO magic_card_edition (ce_ca_id,ce_ed_id,ce_versions,ce_ra_id,ce_creation_date,ce_last_update_date,ce_cost) VALUES (430,1,1,3,'2015-02-24 16:13:57','2015-02-24 16:13:57','2'   );
INSERT INTO magic_card_edition (ce_ca_id,ce_ed_id,ce_versions,ce_ra_id,ce_creation_date,ce_last_update_date,ce_cost) VALUES (431,2,1,3,'2015-02-24 16:13:57','2015-02-24 16:13:57','W'   );
INSERT INTO magic_card_edition (ce_ca_id,ce_ed_id,ce_versions,ce_ra_id,ce_creation_date,ce_last_update_date,ce_cost) VALUES (432,1,1,1,'2015-02-24 16:13:57','2015-02-24 16:13:57','1'   );
INSERT INTO magic_card_edition (ce_ca_id,ce_ed_id,ce_versions,ce_ra_id,ce_creation_date,ce_last_update_date,ce_cost) VALUES (433,2,1,2,'2015-02-24 16:13:57','2015-02-24 16:13:57','4R'   );
INSERT INTO magic_card_edition (ce_ca_id,ce_ed_id,ce_versions,ce_ra_id,ce_creation_date,ce_last_update_date,ce_cost,ce_power,ce_toughness) VALUES (434,1,1,3,'2015-02-24 16:13:57','2015-02-24 16:13:57','3UU','3','4' );
INSERT INTO magic_card_edition (ce_ca_id,ce_ed_id,ce_versions,ce_ra_id,ce_creation_date,ce_last_update_date,ce_cost) VALUES (435,1,1,3,'2015-02-24 16:13:57','2015-02-24 16:13:57','3'   );
INSERT INTO magic_card_edition (ce_ca_id,ce_ed_id,ce_versions,ce_ra_id,ce_creation_date,ce_last_update_date,ce_cost,ce_power,ce_toughness) VALUES (436,2,1,2,'2015-02-24 16:13:57','2015-02-24 16:13:57','3G','3','2' );
INSERT INTO magic_card_edition (ce_ca_id,ce_ed_id,ce_versions,ce_ra_id,ce_creation_date,ce_last_update_date,ce_cost,ce_power,ce_toughness) VALUES (437,2,1,3,'2015-02-24 16:13:57','2015-02-24 16:13:57','2BB','2','1' );
INSERT INTO magic_card_edition (ce_ca_id,ce_ed_id,ce_versions,ce_ra_id,ce_creation_date,ce_last_update_date,ce_cost) VALUES (438,2,1,1,'2015-02-24 16:13:57','2015-02-24 16:13:57','B'   );
INSERT INTO magic_card_edition (ce_ca_id,ce_ed_id,ce_versions,ce_ra_id,ce_creation_date,ce_last_update_date,ce_cost) VALUES (439,1,1,1,'2015-02-24 16:13:57','2015-02-24 16:13:57','1W'   );
INSERT INTO magic_card_edition (ce_ca_id,ce_ed_id,ce_versions,ce_ra_id,ce_creation_date,ce_last_update_date,ce_cost) VALUES (440,1,1,1,'2015-02-24 16:13:57','2015-02-24 16:13:57','1W'   );
INSERT INTO magic_card_edition (ce_ca_id,ce_ed_id,ce_versions,ce_ra_id,ce_creation_date,ce_last_update_date,ce_cost) VALUES (441,2,1,3,'2015-02-24 16:13:57','2015-02-24 16:13:57','3GGG'   );
INSERT INTO magic_card_edition (ce_ca_id,ce_ed_id,ce_versions,ce_ra_id,ce_creation_date,ce_last_update_date,ce_cost) VALUES (442,2,1,1,'2015-02-24 16:13:57','2015-02-24 16:13:57','R'   );
INSERT INTO magic_card_edition (ce_ca_id,ce_ed_id,ce_versions,ce_ra_id,ce_creation_date,ce_last_update_date,ce_cost) VALUES (443,2,1,3,'2015-02-24 16:13:57','2015-02-24 16:13:57','4'   );
INSERT INTO magic_card_edition (ce_ca_id,ce_ed_id,ce_versions,ce_ra_id,ce_creation_date,ce_last_update_date,ce_cost) VALUES (444,2,1,2,'2015-02-24 16:13:57','2015-02-24 16:13:57','W'   );
INSERT INTO magic_card_edition (ce_ca_id,ce_ed_id,ce_versions,ce_ra_id,ce_creation_date,ce_last_update_date,ce_cost) VALUES (445,2,1,1,'2015-02-24 16:13:57','2015-02-24 16:13:57','1G'   );
INSERT INTO magic_card_edition (ce_ca_id,ce_ed_id,ce_versions,ce_ra_id,ce_creation_date,ce_last_update_date,ce_cost) VALUES (446,1,1,1,'2015-02-24 16:13:57','2015-02-24 16:13:57','2U'   );
INSERT INTO magic_card_edition (ce_ca_id,ce_ed_id,ce_versions,ce_ra_id,ce_creation_date,ce_last_update_date,ce_cost,ce_power,ce_toughness) VALUES (447,1,1,3,'2015-02-24 16:13:57','2015-02-24 16:13:57','4BBBB','6','6' );
INSERT INTO magic_card_edition (ce_ca_id,ce_ed_id,ce_versions,ce_ra_id,ce_creation_date,ce_last_update_date,ce_cost) VALUES (448,1,1,2,'2015-02-24 16:13:57','2015-02-24 16:13:57','1BB'   );
INSERT INTO magic_card_edition (ce_ca_id,ce_ed_id,ce_versions,ce_ra_id,ce_creation_date,ce_last_update_date,ce_cost) VALUES (449,2,1,3,'2015-02-24 16:13:57','2015-02-24 16:13:57','2U'   );
INSERT INTO magic_card_edition (ce_ca_id,ce_ed_id,ce_versions,ce_ra_id,ce_creation_date,ce_last_update_date,ce_cost) VALUES (450,2,1,3,'2015-02-24 16:13:57','2015-02-24 16:13:57','1WW'   );
INSERT INTO magic_card_edition (ce_ca_id,ce_ed_id,ce_versions,ce_ra_id,ce_creation_date,ce_last_update_date,ce_cost) VALUES (451,2,1,3,'2015-02-24 16:13:57','2015-02-24 16:13:57','W'   );
INSERT INTO magic_card_edition (ce_ca_id,ce_ed_id,ce_versions,ce_ra_id,ce_creation_date,ce_last_update_date,ce_cost) VALUES (452,1,1,2,'2015-02-24 16:13:57','2015-02-24 16:13:57','1W'   );
INSERT INTO magic_card_edition (ce_ca_id,ce_ed_id,ce_versions,ce_ra_id,ce_creation_date,ce_last_update_date,ce_cost) VALUES (453,2,1,2,'2015-02-24 16:13:57','2015-02-24 16:13:57','4'   );
INSERT INTO magic_card_edition (ce_ca_id,ce_ed_id,ce_versions,ce_ra_id,ce_creation_date,ce_last_update_date,ce_cost,ce_power,ce_toughness) VALUES (454,2,1,3,'2015-02-24 16:13:57','2015-02-24 16:13:57','1BB','1','1' );
INSERT INTO magic_card_edition (ce_ca_id,ce_ed_id,ce_versions,ce_ra_id,ce_creation_date,ce_last_update_date,ce_cost) VALUES (455,1,1,3,'2015-02-24 16:13:57','2015-02-24 16:13:57','2W'   );
INSERT INTO magic_card_edition (ce_ca_id,ce_ed_id,ce_versions,ce_ra_id,ce_creation_date,ce_last_update_date,ce_cost,ce_power,ce_toughness) VALUES (456,1,1,2,'2015-02-24 16:13:57','2015-02-24 16:13:57','4','4','4' );
INSERT INTO magic_card_edition (ce_ca_id,ce_ed_id,ce_versions,ce_ra_id,ce_creation_date,ce_last_update_date,ce_cost,ce_power,ce_toughness) VALUES (457,1,1,2,'2015-02-24 16:13:57','2015-02-24 16:13:57','4RR','5','4' );
INSERT INTO magic_card_edition (ce_ca_id,ce_ed_id,ce_versions,ce_ra_id,ce_creation_date,ce_last_update_date,ce_cost,ce_power,ce_toughness) VALUES (458,1,1,2,'2015-02-24 16:13:57','2015-02-24 16:13:57','4','1','3' );
INSERT INTO magic_card_edition (ce_ca_id,ce_ed_id,ce_versions,ce_ra_id,ce_creation_date,ce_last_update_date,ce_cost,ce_power,ce_toughness) VALUES (459,2,1,1,'2015-02-24 16:13:57','2015-02-24 16:13:57','1W','1','1' );
INSERT INTO magic_card_edition (ce_ca_id,ce_ed_id,ce_versions,ce_ra_id,ce_creation_date,ce_last_update_date,ce_cost) VALUES (460,2,1,1,'2015-02-24 16:13:57','2015-02-24 16:13:57','G'   );
INSERT INTO magic_card_edition (ce_ca_id,ce_ed_id,ce_versions,ce_ra_id,ce_creation_date,ce_last_update_date,ce_cost,ce_power,ce_toughness) VALUES (461,2,1,3,'2015-02-24 16:13:57','2015-02-24 16:13:57','W','2','1' );
INSERT INTO magic_card_edition (ce_ca_id,ce_ed_id,ce_versions,ce_ra_id,ce_creation_date,ce_last_update_date,ce_cost) VALUES (462,1,1,1,'2015-02-24 16:13:57','2015-02-24 16:13:57','3'   );
INSERT INTO magic_card_edition (ce_ca_id,ce_ed_id,ce_versions,ce_ra_id,ce_creation_date,ce_last_update_date,ce_cost,ce_power,ce_toughness) VALUES (463,2,1,1,'2015-02-24 16:13:57','2015-02-24 16:13:57','2B','2','2' );
INSERT INTO magic_card_edition (ce_ca_id,ce_ed_id,ce_versions,ce_ra_id,ce_creation_date,ce_last_update_date,ce_cost,ce_power,ce_toughness) VALUES (464,2,1,2,'2015-02-24 16:13:57','2015-02-24 16:13:57','3B','2','2' );
INSERT INTO magic_card_edition (ce_ca_id,ce_ed_id,ce_versions,ce_ra_id,ce_creation_date,ce_last_update_date,ce_cost) VALUES (465,1,1,2,'2015-02-24 16:13:57','2015-02-24 16:13:57','1'   );
INSERT INTO magic_card_edition (ce_ca_id,ce_ed_id,ce_versions,ce_ra_id,ce_creation_date,ce_last_update_date,ce_cost,ce_power,ce_toughness) VALUES (466,2,1,1,'2015-02-24 16:13:57','2015-02-24 16:13:57','G','1','1' );
INSERT INTO magic_card_edition (ce_ca_id,ce_ed_id,ce_versions,ce_ra_id,ce_creation_date,ce_last_update_date,ce_cost) VALUES (467,1,1,3,'2015-02-24 16:13:57','2015-02-24 16:13:57','3'   );
INSERT INTO magic_card_edition (ce_ca_id,ce_ed_id,ce_versions,ce_ra_id,ce_creation_date,ce_last_update_date,ce_cost) VALUES (468,1,1,3,'2015-02-24 16:13:57','2015-02-24 16:13:57','2'   );
INSERT INTO magic_card_edition (ce_ca_id,ce_ed_id,ce_versions,ce_ra_id,ce_creation_date,ce_last_update_date,ce_cost,ce_power,ce_toughness) VALUES (469,2,1,1,'2015-02-24 16:13:57','2015-02-24 16:13:57','5U','5','5' );
INSERT INTO magic_card_edition (ce_ca_id,ce_ed_id,ce_versions,ce_ra_id,ce_creation_date,ce_last_update_date) VALUES (470,1,1,1,'2015-02-24 16:13:57','2015-02-24 16:13:57'    );
INSERT INTO magic_card_edition (ce_ca_id,ce_ed_id,ce_versions,ce_ra_id,ce_creation_date,ce_last_update_date,ce_cost) VALUES (471,1,1,3,'2015-02-24 16:13:57','2015-02-24 16:13:57','1WW'   );
INSERT INTO magic_card_edition (ce_ca_id,ce_ed_id,ce_versions,ce_ra_id,ce_creation_date,ce_last_update_date,ce_cost) VALUES (472,2,1,1,'2015-02-24 16:13:57','2015-02-24 16:13:57','2WW'   );
INSERT INTO magic_card_edition (ce_ca_id,ce_ed_id,ce_versions,ce_ra_id,ce_creation_date,ce_last_update_date,ce_cost) VALUES (473,1,1,1,'2015-02-24 16:13:57','2015-02-24 16:13:57','2R'   );
INSERT INTO magic_card_edition (ce_ca_id,ce_ed_id,ce_versions,ce_ra_id,ce_creation_date,ce_last_update_date,ce_cost,ce_power,ce_toughness) VALUES (474,2,1,2,'2015-02-24 16:13:57','2015-02-24 16:13:57','4U','3','3' );
INSERT INTO magic_card_edition (ce_ca_id,ce_ed_id,ce_versions,ce_ra_id,ce_creation_date,ce_last_update_date,ce_cost,ce_power,ce_toughness) VALUES (475,2,1,2,'2015-02-24 16:13:57','2015-02-24 16:13:57','3BB','4','4' );
INSERT INTO magic_card_edition (ce_ca_id,ce_ed_id,ce_versions,ce_ra_id,ce_creation_date,ce_last_update_date,ce_cost,ce_power,ce_toughness) VALUES (476,2,1,2,'2015-02-24 16:13:57','2015-02-24 16:13:57','3WW','4','4' );
INSERT INTO magic_card_edition (ce_ca_id,ce_ed_id,ce_versions,ce_ra_id,ce_creation_date,ce_last_update_date,ce_cost) VALUES (477,1,1,2,'2015-02-24 16:13:57','2015-02-24 16:13:57','3'   );
INSERT INTO magic_card_edition (ce_ca_id,ce_ed_id,ce_versions,ce_ra_id,ce_creation_date,ce_last_update_date,ce_cost,ce_power,ce_toughness) VALUES (478,2,1,1,'2015-02-24 16:13:57','2015-02-24 16:13:57','G','1','1' );
INSERT INTO magic_card_edition (ce_ca_id,ce_ed_id,ce_versions,ce_ra_id,ce_creation_date,ce_last_update_date,ce_cost,ce_power,ce_toughness) VALUES (479,2,1,2,'2015-02-24 16:13:57','2015-02-24 16:13:57','6','*','7—*' );
INSERT INTO magic_card_edition (ce_ca_id,ce_ed_id,ce_versions,ce_ra_id,ce_creation_date,ce_last_update_date,ce_cost) VALUES (480,1,1,3,'2015-02-24 16:13:57','2015-02-24 16:13:57','4U'   );
INSERT INTO magic_card_edition (ce_ca_id,ce_ed_id,ce_versions,ce_ra_id,ce_creation_date,ce_last_update_date,ce_cost) VALUES (481,2,1,1,'2015-02-24 16:13:57','2015-02-24 16:13:57','1R'   );
INSERT INTO magic_card_edition (ce_ca_id,ce_ed_id,ce_versions,ce_ra_id,ce_creation_date,ce_last_update_date,ce_cost) VALUES (481,1,1,1,'2015-02-24 16:13:57','2015-02-24 16:13:57','1R'   );
INSERT INTO magic_card_edition (ce_ca_id,ce_ed_id,ce_versions,ce_ra_id,ce_creation_date,ce_last_update_date,ce_cost,ce_power,ce_toughness) VALUES (482,2,1,3,'2015-02-24 16:13:57','2015-02-24 16:13:57','4RR','5','5' );
INSERT INTO magic_card_edition (ce_ca_id,ce_ed_id,ce_versions,ce_ra_id,ce_creation_date,ce_last_update_date,ce_cost) VALUES (483,1,1,2,'2015-02-24 16:13:57','2015-02-24 16:13:57','1R'   );
INSERT INTO magic_card_edition (ce_ca_id,ce_ed_id,ce_versions,ce_ra_id,ce_creation_date,ce_last_update_date,ce_cost,ce_power,ce_toughness) VALUES (484,1,1,1,'2015-02-24 16:13:57','2015-02-24 16:13:57','2','1','1' );
INSERT INTO magic_card_edition (ce_ca_id,ce_ed_id,ce_versions,ce_ra_id,ce_creation_date,ce_last_update_date,ce_cost) VALUES (485,2,1,2,'2015-02-24 16:13:57','2015-02-24 16:13:57','1B'   );
INSERT INTO magic_card_edition (ce_ca_id,ce_ed_id,ce_versions,ce_ra_id,ce_creation_date,ce_last_update_date,ce_cost,ce_power,ce_toughness) VALUES (486,2,1,2,'2015-02-24 16:13:57','2015-02-24 16:13:57','1U','1','1' );
INSERT INTO magic_card_edition (ce_ca_id,ce_ed_id,ce_versions,ce_ra_id,ce_creation_date,ce_last_update_date,ce_cost) VALUES (487,2,1,2,'2015-02-24 16:13:57','2015-02-24 16:13:57','U'   );
INSERT INTO magic_card_edition (ce_ca_id,ce_ed_id,ce_versions,ce_ra_id,ce_creation_date,ce_last_update_date,ce_cost,ce_power,ce_toughness) VALUES (488,2,1,1,'2015-02-24 16:13:57','2015-02-24 16:13:57','1RR','2','2' );
INSERT INTO magic_card_edition (ce_ca_id,ce_ed_id,ce_versions,ce_ra_id,ce_creation_date,ce_last_update_date,ce_cost) VALUES (489,1,1,2,'2015-02-24 16:13:57','2015-02-24 16:13:57','3'   );
INSERT INTO magic_card_edition (ce_ca_id,ce_ed_id,ce_versions,ce_ra_id,ce_creation_date,ce_last_update_date,ce_cost,ce_power,ce_toughness) VALUES (490,1,1,1,'2015-02-24 16:13:57','2015-02-24 16:13:57','2W','2','2' );
INSERT INTO magic_card_edition (ce_ca_id,ce_ed_id,ce_versions,ce_ra_id,ce_creation_date,ce_last_update_date,ce_cost,ce_power,ce_toughness) VALUES (491,1,1,1,'2015-02-24 16:13:57','2015-02-24 16:13:57','2WW','2','3' );
INSERT INTO magic_card_edition (ce_ca_id,ce_ed_id,ce_versions,ce_ra_id,ce_creation_date,ce_last_update_date,ce_cost) VALUES (492,1,1,1,'2015-02-24 16:13:57','2015-02-24 16:13:57','1'   );
INSERT INTO magic_card_edition (ce_ca_id,ce_ed_id,ce_versions,ce_ra_id,ce_creation_date,ce_last_update_date,ce_cost) VALUES (493,2,1,3,'2015-02-24 16:13:57','2015-02-24 16:13:57','U'   );
INSERT INTO magic_card_edition (ce_ca_id,ce_ed_id,ce_versions,ce_ra_id,ce_creation_date,ce_last_update_date,ce_cost,ce_power,ce_toughness) VALUES (494,1,1,2,'2015-02-24 16:13:57','2015-02-24 16:13:57','1WW','1','1' );
INSERT INTO magic_card_edition (ce_ca_id,ce_ed_id,ce_versions,ce_ra_id,ce_creation_date,ce_last_update_date,ce_cost,ce_power,ce_toughness) VALUES (495,1,1,2,'2015-02-24 16:13:57','2015-02-24 16:13:57','BB','1','1' );
INSERT INTO magic_card_edition (ce_ca_id,ce_ed_id,ce_versions,ce_ra_id,ce_creation_date,ce_last_update_date,ce_cost,ce_power,ce_toughness) VALUES (496,1,1,2,'2015-02-24 16:13:57','2015-02-24 16:13:57','RR','1','1' );
INSERT INTO magic_card_edition (ce_ca_id,ce_ed_id,ce_versions,ce_ra_id,ce_creation_date,ce_last_update_date,ce_cost,ce_power,ce_toughness) VALUES (497,1,1,2,'2015-02-24 16:13:57','2015-02-24 16:13:57','GG','1','1' );
INSERT INTO magic_card_edition (ce_ca_id,ce_ed_id,ce_versions,ce_ra_id,ce_creation_date,ce_last_update_date,ce_cost,ce_power,ce_toughness) VALUES (498,1,1,2,'2015-02-24 16:13:57','2015-02-24 16:13:57','1UU','1','1' );
INSERT INTO magic_card_edition (ce_ca_id,ce_ed_id,ce_versions,ce_ra_id,ce_creation_date,ce_last_update_date,ce_cost) VALUES (499,2,1,3,'2015-02-24 16:13:57','2015-02-24 16:13:57','RR'   );
INSERT INTO magic_card_edition (ce_ca_id,ce_ed_id,ce_versions,ce_ra_id,ce_creation_date,ce_last_update_date,ce_cost) VALUES (500,1,1,3,'2015-02-24 16:13:57','2015-02-24 16:13:57','4WW'   );
INSERT INTO magic_card_edition (ce_ca_id,ce_ed_id,ce_versions,ce_ra_id,ce_creation_date,ce_last_update_date,ce_cost,ce_power,ce_toughness) VALUES (501,1,1,1,'2015-02-24 16:13:57','2015-02-24 16:13:57','3','1','3' );
INSERT INTO magic_card_edition (ce_ca_id,ce_ed_id,ce_versions,ce_ra_id,ce_creation_date,ce_last_update_date,ce_cost,ce_power,ce_toughness) VALUES (502,1,1,3,'2015-02-24 16:13:57','2015-02-24 16:13:57','4','2','2' );
INSERT INTO magic_card_edition (ce_ca_id,ce_ed_id,ce_versions,ce_ra_id,ce_creation_date,ce_last_update_date,ce_cost,ce_power,ce_toughness) VALUES (503,1,1,1,'2015-02-24 16:13:57','2015-02-24 16:13:57','5U','3','2' );
INSERT INTO magic_card_edition (ce_ca_id,ce_ed_id,ce_versions,ce_ra_id,ce_creation_date,ce_last_update_date,ce_cost,ce_power,ce_toughness) VALUES (504,2,1,3,'2015-02-24 16:13:57','2015-02-24 16:13:57','1BB','1','1' );
INSERT INTO magic_card_edition (ce_ca_id,ce_ed_id,ce_versions,ce_ra_id,ce_creation_date,ce_last_update_date,ce_cost) VALUES (505,1,1,3,'2015-02-24 16:13:57','2015-02-24 16:13:57','4'   );
INSERT INTO magic_card_edition (ce_ca_id,ce_ed_id,ce_versions,ce_ra_id,ce_creation_date,ce_last_update_date,ce_cost) VALUES (506,2,1,2,'2015-02-24 16:13:57','2015-02-24 16:13:57','1'   );
INSERT INTO magic_card_edition (ce_ca_id,ce_ed_id,ce_versions,ce_ra_id,ce_creation_date,ce_last_update_date,ce_cost) VALUES (507,1,1,2,'2015-02-24 16:13:57','2015-02-24 16:13:57','3WW'   );
INSERT INTO magic_card_edition (ce_ca_id,ce_ed_id,ce_versions,ce_ra_id,ce_creation_date,ce_last_update_date,ce_cost) VALUES (508,2,1,1,'2015-02-24 16:13:57','2015-02-24 16:13:57','XU'   );
INSERT INTO magic_card_edition (ce_ca_id,ce_ed_id,ce_versions,ce_ra_id,ce_creation_date,ce_last_update_date,ce_cost) VALUES (509,1,1,3,'2015-02-24 16:13:57','2015-02-24 16:13:57','3'   );
INSERT INTO magic_card_edition (ce_ca_id,ce_ed_id,ce_versions,ce_ra_id,ce_creation_date,ce_last_update_date,ce_cost) VALUES (510,1,1,1,'2015-02-24 16:13:57','2015-02-24 16:13:57','3W'   );
INSERT INTO magic_card_edition (ce_ca_id,ce_ed_id,ce_versions,ce_ra_id,ce_creation_date,ce_last_update_date,ce_cost,ce_power,ce_toughness) VALUES (511,1,1,1,'2015-02-24 16:13:57','2015-02-24 16:13:57','2R','1','2' );
INSERT INTO magic_card_edition (ce_ca_id,ce_ed_id,ce_versions,ce_ra_id,ce_creation_date,ce_last_update_date,ce_cost) VALUES (512,2,1,2,'2015-02-24 16:13:57','2015-02-24 16:13:57','W'   );
INSERT INTO magic_card_edition (ce_ca_id,ce_ed_id,ce_versions,ce_ra_id,ce_creation_date,ce_last_update_date,ce_cost) VALUES (513,2,1,2,'2015-02-24 16:13:57','2015-02-24 16:13:57','BB'   );
INSERT INTO magic_card_edition (ce_ca_id,ce_ed_id,ce_versions,ce_ra_id,ce_creation_date,ce_last_update_date,ce_cost) VALUES (514,1,1,3,'2015-02-24 16:13:57','2015-02-24 16:13:57','B'   );
INSERT INTO magic_card_edition (ce_ca_id,ce_ed_id,ce_versions,ce_ra_id,ce_creation_date,ce_last_update_date) VALUES (515,1,1,2,'2015-02-24 16:13:57','2015-02-24 16:13:57'    );
INSERT INTO magic_card_edition (ce_ca_id,ce_ed_id,ce_versions,ce_ra_id,ce_creation_date,ce_last_update_date,ce_cost) VALUES (516,2,1,3,'2015-02-24 16:13:57','2015-02-24 16:13:57','1U'   );
INSERT INTO magic_card_edition (ce_ca_id,ce_ed_id,ce_versions,ce_ra_id,ce_creation_date,ce_last_update_date,ce_cost) VALUES (517,2,1,2,'2015-02-24 16:13:57','2015-02-24 16:13:57','2UU'   );
INSERT INTO magic_card_edition (ce_ca_id,ce_ed_id,ce_versions,ce_ra_id,ce_creation_date,ce_last_update_date,ce_cost,ce_power,ce_toughness) VALUES (518,1,1,1,'2015-02-24 16:13:57','2015-02-24 16:13:57','1','0','4' );
INSERT INTO magic_card_edition (ce_ca_id,ce_ed_id,ce_versions,ce_ra_id,ce_creation_date,ce_last_update_date,ce_cost,ce_power,ce_toughness) VALUES (519,2,1,2,'2015-02-24 16:13:57','2015-02-24 16:13:57','2RR','3','4' );
INSERT INTO magic_card_edition (ce_ca_id,ce_ed_id,ce_versions,ce_ra_id,ce_creation_date,ce_last_update_date,ce_cost) VALUES (520,2,1,1,'2015-02-24 16:13:57','2015-02-24 16:13:57','2R'   );
INSERT INTO magic_card_edition (ce_ca_id,ce_ed_id,ce_versions,ce_ra_id,ce_creation_date,ce_last_update_date,ce_cost) VALUES (521,2,1,1,'2015-02-24 16:13:57','2015-02-24 16:13:57','XG'   );
INSERT INTO magic_card_edition (ce_ca_id,ce_ed_id,ce_versions,ce_ra_id,ce_creation_date,ce_last_update_date) VALUES (522,2,1,2,'2015-02-24 16:13:57','2015-02-24 16:13:57'    );
INSERT INTO magic_card_edition (ce_ca_id,ce_ed_id,ce_versions,ce_ra_id,ce_creation_date,ce_last_update_date,ce_cost) VALUES (523,1,1,2,'2015-02-24 16:13:57','2015-02-24 16:13:57','2'   );
INSERT INTO magic_card_edition (ce_ca_id,ce_ed_id,ce_versions,ce_ra_id,ce_creation_date,ce_last_update_date,ce_cost) VALUES (524,1,1,1,'2015-02-24 16:13:57','2015-02-24 16:13:57','1'   );
INSERT INTO magic_card_edition (ce_ca_id,ce_ed_id,ce_versions,ce_ra_id,ce_creation_date,ce_last_update_date,ce_cost) VALUES (525,2,1,3,'2015-02-24 16:13:57','2015-02-24 16:13:57','3'   );
INSERT INTO magic_card_edition (ce_ca_id,ce_ed_id,ce_versions,ce_ra_id,ce_creation_date,ce_last_update_date,ce_cost) VALUES (526,2,1,1,'2015-02-24 16:13:57','2015-02-24 16:13:57','UU'   );
INSERT INTO magic_card_edition (ce_ca_id,ce_ed_id,ce_versions,ce_ra_id,ce_creation_date,ce_last_update_date) VALUES (527,2,3,1,'2015-02-24 16:13:57','2015-02-24 16:13:57'    );
INSERT INTO magic_card_edition (ce_ca_id,ce_ed_id,ce_versions,ce_ra_id,ce_creation_date,ce_last_update_date) VALUES (527,1,4,1,'2015-02-24 16:13:57','2015-02-24 16:13:57'    );
INSERT INTO magic_card_edition (ce_ca_id,ce_ed_id,ce_versions,ce_ra_id,ce_creation_date,ce_last_update_date,ce_cost) VALUES (528,1,1,3,'2015-02-24 16:13:57','2015-02-24 16:13:57','4'   );
INSERT INTO magic_card_edition (ce_ca_id,ce_ed_id,ce_versions,ce_ra_id,ce_creation_date,ce_last_update_date,ce_cost) VALUES (529,2,1,2,'2015-02-24 16:13:57','2015-02-24 16:13:57','W'   );
INSERT INTO magic_card_edition (ce_ca_id,ce_ed_id,ce_versions,ce_ra_id,ce_creation_date,ce_last_update_date,ce_cost) VALUES (530,2,1,3,'2015-02-24 16:13:57','2015-02-24 16:13:57','1G'   );
INSERT INTO magic_card_edition (ce_ca_id,ce_ed_id,ce_versions,ce_ra_id,ce_creation_date,ce_last_update_date,ce_cost) VALUES (531,1,1,2,'2015-02-24 16:13:57','2015-02-24 16:13:57','1G'   );
INSERT INTO magic_card_edition (ce_ca_id,ce_ed_id,ce_versions,ce_ra_id,ce_creation_date,ce_last_update_date,ce_cost) VALUES (532,1,1,2,'2015-02-24 16:13:57','2015-02-24 16:13:57','1'   );
INSERT INTO magic_card_edition (ce_ca_id,ce_ed_id,ce_versions,ce_ra_id,ce_creation_date,ce_last_update_date,ce_cost,ce_power,ce_toughness) VALUES (533,1,1,2,'2015-02-24 16:13:57','2015-02-24 16:13:57','3W','2','3' );
INSERT INTO magic_card_edition (ce_ca_id,ce_ed_id,ce_versions,ce_ra_id,ce_creation_date,ce_last_update_date,ce_cost) VALUES (534,1,1,2,'2015-02-24 16:13:57','2015-02-24 16:13:57','2'   );
INSERT INTO magic_card_edition (ce_ca_id,ce_ed_id,ce_versions,ce_ra_id,ce_creation_date,ce_last_update_date,ce_cost) VALUES (535,1,1,2,'2015-02-24 16:13:57','2015-02-24 16:13:57','2'   );
INSERT INTO magic_card_edition (ce_ca_id,ce_ed_id,ce_versions,ce_ra_id,ce_creation_date,ce_last_update_date,ce_cost) VALUES (536,1,1,2,'2015-02-24 16:13:57','2015-02-24 16:13:57','2'   );
INSERT INTO magic_card_edition (ce_ca_id,ce_ed_id,ce_versions,ce_ra_id,ce_creation_date,ce_last_update_date,ce_cost) VALUES (537,1,1,2,'2015-02-24 16:13:57','2015-02-24 16:13:57','2'   );
INSERT INTO magic_card_edition (ce_ca_id,ce_ed_id,ce_versions,ce_ra_id,ce_creation_date,ce_last_update_date,ce_cost) VALUES (538,1,1,2,'2015-02-24 16:13:57','2015-02-24 16:13:57','2'   );
INSERT INTO magic_card_edition (ce_ca_id,ce_ed_id,ce_versions,ce_ra_id,ce_creation_date,ce_last_update_date,ce_cost) VALUES (539,1,1,1,'2015-02-24 16:13:57','2015-02-24 16:13:57','1'   );
INSERT INTO magic_card_edition (ce_ca_id,ce_ed_id,ce_versions,ce_ra_id,ce_creation_date,ce_last_update_date,ce_cost) VALUES (540,1,1,3,'2015-02-24 16:13:57','2015-02-24 16:13:57','3'   );
INSERT INTO magic_card_edition (ce_ca_id,ce_ed_id,ce_versions,ce_ra_id,ce_creation_date,ce_last_update_date,ce_cost) VALUES (541,2,1,2,'2015-02-24 16:13:57','2015-02-24 16:13:57','4'   );
INSERT INTO magic_card_edition (ce_ca_id,ce_ed_id,ce_versions,ce_ra_id,ce_creation_date,ce_last_update_date,ce_cost) VALUES (542,2,1,2,'2015-02-24 16:13:57','2015-02-24 16:13:57','2'   );
INSERT INTO magic_card_edition (ce_ca_id,ce_ed_id,ce_versions,ce_ra_id,ce_creation_date,ce_last_update_date,ce_cost,ce_power,ce_toughness) VALUES (543,1,1,1,'2015-02-24 16:13:57','2015-02-24 16:13:57','4G','2','4' );
INSERT INTO magic_card_edition (ce_ca_id,ce_ed_id,ce_versions,ce_ra_id,ce_creation_date,ce_last_update_date,ce_cost,ce_power,ce_toughness) VALUES (544,1,1,1,'2015-02-24 16:13:57','2015-02-24 16:13:57','1G','2','1' );
INSERT INTO magic_card_edition (ce_ca_id,ce_ed_id,ce_versions,ce_ra_id,ce_creation_date,ce_last_update_date,ce_cost,ce_power,ce_toughness) VALUES (545,1,1,1,'2015-02-24 16:13:57','2015-02-24 16:13:57','3G','2','3' );
INSERT INTO magic_card_edition (ce_ca_id,ce_ed_id,ce_versions,ce_ra_id,ce_creation_date,ce_last_update_date,ce_cost) VALUES (546,1,1,2,'2015-02-24 16:13:57','2015-02-24 16:13:57','1'   );
INSERT INTO magic_card_edition (ce_ca_id,ce_ed_id,ce_versions,ce_ra_id,ce_creation_date,ce_last_update_date,ce_cost,ce_power,ce_toughness) VALUES (547,2,1,3,'2015-02-24 16:13:57','2015-02-24 16:13:57','1RRR','3','3' );
INSERT INTO magic_card_edition (ce_ca_id,ce_ed_id,ce_versions,ce_ra_id,ce_creation_date,ce_last_update_date,ce_cost) VALUES (548,1,1,2,'2015-02-24 16:13:57','2015-02-24 16:13:57','2W'   );
INSERT INTO magic_card_edition (ce_ca_id,ce_ed_id,ce_versions,ce_ra_id,ce_creation_date,ce_last_update_date,ce_cost) VALUES (549,1,1,3,'2015-02-24 16:13:57','2015-02-24 16:13:57','5UU'   );
INSERT INTO magic_card_edition (ce_ca_id,ce_ed_id,ce_versions,ce_ra_id,ce_creation_date,ce_last_update_date,ce_cost) VALUES (550,2,1,1,'2015-02-24 16:13:57','2015-02-24 16:13:57','1B'   );
INSERT INTO magic_card_edition (ce_ca_id,ce_ed_id,ce_versions,ce_ra_id,ce_creation_date,ce_last_update_date,ce_cost) VALUES (550,1,1,1,'2015-02-24 16:13:57','2015-02-24 16:13:57','1B'   );
INSERT INTO magic_card_edition (ce_ca_id,ce_ed_id,ce_versions,ce_ra_id,ce_creation_date,ce_last_update_date,ce_cost,ce_power,ce_toughness) VALUES (551,2,1,3,'2015-02-24 16:13:57','2015-02-24 16:13:57','6','1','1' );
INSERT INTO magic_card_edition (ce_ca_id,ce_ed_id,ce_versions,ce_ra_id,ce_creation_date,ce_last_update_date,ce_cost) VALUES (552,2,1,1,'2015-02-24 16:13:57','2015-02-24 16:13:57','1R'   );
INSERT INTO magic_card_edition (ce_ca_id,ce_ed_id,ce_versions,ce_ra_id,ce_creation_date,ce_last_update_date,ce_cost) VALUES (553,2,1,3,'2015-02-24 16:13:57','2015-02-24 16:13:57','5'   );
INSERT INTO magic_card_edition (ce_ca_id,ce_ed_id,ce_versions,ce_ra_id,ce_creation_date,ce_last_update_date,ce_cost) VALUES (554,2,1,2,'2015-02-24 16:13:57','2015-02-24 16:13:57','1'   );
INSERT INTO magic_card_edition (ce_ca_id,ce_ed_id,ce_versions,ce_ra_id,ce_creation_date,ce_last_update_date,ce_cost,ce_power,ce_toughness) VALUES (555,2,1,2,'2015-02-24 16:13:57','2015-02-24 16:13:57','3GG','2','4' );
INSERT INTO magic_card_edition (ce_ca_id,ce_ed_id,ce_versions,ce_ra_id,ce_creation_date,ce_last_update_date,ce_cost) VALUES (556,1,1,2,'2015-02-24 16:13:57','2015-02-24 16:13:57','2U'   );
INSERT INTO magic_card_edition (ce_ca_id,ce_ed_id,ce_versions,ce_ra_id,ce_creation_date,ce_last_update_date,ce_cost) VALUES (557,1,1,2,'2015-02-24 16:13:57','2015-02-24 16:13:57','5'   );
INSERT INTO magic_card_edition (ce_ca_id,ce_ed_id,ce_versions,ce_ra_id,ce_creation_date,ce_last_update_date,ce_cost) VALUES (558,1,1,1,'2015-02-24 16:13:57','2015-02-24 16:13:57','4U'   );
INSERT INTO magic_card_edition (ce_ca_id,ce_ed_id,ce_versions,ce_ra_id,ce_creation_date,ce_last_update_date,ce_cost) VALUES (559,2,1,3,'2015-02-24 16:13:57','2015-02-24 16:13:57','U'   );
INSERT INTO magic_card_edition (ce_ca_id,ce_ed_id,ce_versions,ce_ra_id,ce_creation_date,ce_last_update_date,ce_cost) VALUES (560,2,1,2,'2015-02-24 16:13:57','2015-02-24 16:13:57','1'   );
INSERT INTO magic_card_edition (ce_ca_id,ce_ed_id,ce_versions,ce_ra_id,ce_creation_date,ce_last_update_date,ce_cost,ce_power,ce_toughness) VALUES (561,2,1,3,'2015-02-24 16:13:57','2015-02-24 16:13:57','G','1','1' );
INSERT INTO magic_card_edition (ce_ca_id,ce_ed_id,ce_versions,ce_ra_id,ce_creation_date,ce_last_update_date,ce_cost,ce_power,ce_toughness) VALUES (562,2,1,3,'2015-02-24 16:13:57','2015-02-24 16:13:57','2U','0','2' );
INSERT INTO magic_card_edition (ce_ca_id,ce_ed_id,ce_versions,ce_ra_id,ce_creation_date,ce_last_update_date,ce_cost) VALUES (563,1,1,3,'2015-02-24 16:13:57','2015-02-24 16:13:57','5'   );
INSERT INTO magic_card_edition (ce_ca_id,ce_ed_id,ce_versions,ce_ra_id,ce_creation_date,ce_last_update_date,ce_cost) VALUES (564,2,1,3,'2015-02-24 16:13:57','2015-02-24 16:13:57','3G'   );
INSERT INTO magic_card_edition (ce_ca_id,ce_ed_id,ce_versions,ce_ra_id,ce_creation_date,ce_last_update_date,ce_cost,ce_power,ce_toughness) VALUES (565,1,1,1,'2015-02-24 16:13:57','2015-02-24 16:13:57','5','3','3' );
INSERT INTO magic_card_edition (ce_ca_id,ce_ed_id,ce_versions,ce_ra_id,ce_creation_date,ce_last_update_date,ce_cost) VALUES (566,1,1,3,'2015-02-24 16:13:57','2015-02-24 16:13:57','5GG'   );
INSERT INTO magic_card_edition (ce_ca_id,ce_ed_id,ce_versions,ce_ra_id,ce_creation_date,ce_last_update_date,ce_cost) VALUES (567,1,1,1,'2015-02-24 16:13:57','2015-02-24 16:13:57','3'   );
INSERT INTO magic_card_edition (ce_ca_id,ce_ed_id,ce_versions,ce_ra_id,ce_creation_date,ce_last_update_date,ce_cost) VALUES (568,1,1,3,'2015-02-24 16:13:57','2015-02-24 16:13:57','4'   );
INSERT INTO magic_card_edition (ce_ca_id,ce_ed_id,ce_versions,ce_ra_id,ce_creation_date,ce_last_update_date,ce_cost) VALUES (569,1,1,3,'2015-02-24 16:13:57','2015-02-24 16:13:57','4'   );
INSERT INTO magic_card_edition (ce_ca_id,ce_ed_id,ce_versions,ce_ra_id,ce_creation_date,ce_last_update_date,ce_cost) VALUES (570,1,1,3,'2015-02-24 16:13:57','2015-02-24 16:13:57','4'   );
INSERT INTO magic_card_edition (ce_ca_id,ce_ed_id,ce_versions,ce_ra_id,ce_creation_date,ce_last_update_date,ce_cost) VALUES (571,1,1,3,'2015-02-24 16:13:57','2015-02-24 16:13:57','4'   );
INSERT INTO magic_card_edition (ce_ca_id,ce_ed_id,ce_versions,ce_ra_id,ce_creation_date,ce_last_update_date,ce_cost) VALUES (572,2,1,1,'2015-02-24 16:13:57','2015-02-24 16:13:57','2G'   );
INSERT INTO magic_card_edition (ce_ca_id,ce_ed_id,ce_versions,ce_ra_id,ce_creation_date,ce_last_update_date,ce_cost) VALUES (573,1,1,3,'2015-02-24 16:13:57','2015-02-24 16:13:57','2R'   );
INSERT INTO magic_card_edition (ce_ca_id,ce_ed_id,ce_versions,ce_ra_id,ce_creation_date,ce_last_update_date) VALUES (574,1,1,1,'2015-02-24 16:13:57','2015-02-24 16:13:57'    );
INSERT INTO magic_card_edition (ce_ca_id,ce_ed_id,ce_versions,ce_ra_id,ce_creation_date,ce_last_update_date,ce_cost,ce_power,ce_toughness) VALUES (575,2,1,3,'2015-02-24 16:13:57','2015-02-24 16:13:57','6','1','1' );
INSERT INTO magic_card_edition (ce_ca_id,ce_ed_id,ce_versions,ce_ra_id,ce_creation_date,ce_last_update_date,ce_cost,ce_power,ce_toughness) VALUES (575,1,1,3,'2015-02-24 16:13:57','2015-02-24 16:13:57','6','1','1' );
INSERT INTO magic_card_edition (ce_ca_id,ce_ed_id,ce_versions,ce_ra_id,ce_creation_date,ce_last_update_date,ce_cost,ce_power,ce_toughness) VALUES (576,1,1,3,'2015-02-24 16:13:57','2015-02-24 16:13:57','1GG','3','2' );
INSERT INTO magic_card_edition (ce_ca_id,ce_ed_id,ce_versions,ce_ra_id,ce_creation_date,ce_last_update_date,ce_cost,ce_power,ce_toughness) VALUES (577,1,1,2,'2015-02-24 16:13:57','2015-02-24 16:13:57','5GG','5','6' );
INSERT INTO magic_card_edition (ce_ca_id,ce_ed_id,ce_versions,ce_ra_id,ce_creation_date,ce_last_update_date,ce_cost) VALUES (578,2,1,2,'2015-02-24 16:13:57','2015-02-24 16:13:57','3G'   );
INSERT INTO magic_card_edition (ce_ca_id,ce_ed_id,ce_versions,ce_ra_id,ce_creation_date,ce_last_update_date,ce_cost,ce_power,ce_toughness) VALUES (579,2,1,1,'2015-02-24 16:13:57','2015-02-24 16:13:57','W','1','1' );
INSERT INTO magic_card_edition (ce_ca_id,ce_ed_id,ce_versions,ce_ra_id,ce_creation_date,ce_last_update_date,ce_cost) VALUES (580,2,1,2,'2015-02-24 16:13:57','2015-02-24 16:13:57','R'   );
INSERT INTO magic_card_edition (ce_ca_id,ce_ed_id,ce_versions,ce_ra_id,ce_creation_date,ce_last_update_date,ce_cost) VALUES (581,1,1,1,'2015-02-24 16:13:57','2015-02-24 16:13:57','G'   );
INSERT INTO magic_card_edition (ce_ca_id,ce_ed_id,ce_versions,ce_ra_id,ce_creation_date,ce_last_update_date,ce_cost) VALUES (582,2,1,1,'2015-02-24 16:13:57','2015-02-24 16:13:57','U'   );
INSERT INTO magic_card_edition (ce_ca_id,ce_ed_id,ce_versions,ce_ra_id,ce_creation_date,ce_last_update_date,ce_cost,ce_power,ce_toughness) VALUES (583,2,1,2,'2015-02-24 16:13:57','2015-02-24 16:13:57','1BBB','1','3' );
INSERT INTO magic_card_edition (ce_ca_id,ce_ed_id,ce_versions,ce_ra_id,ce_creation_date,ce_last_update_date,ce_cost) VALUES (584,2,1,1,'2015-02-24 16:13:57','2015-02-24 16:13:57','B'   );
INSERT INTO magic_card_edition (ce_ca_id,ce_ed_id,ce_versions,ce_ra_id,ce_creation_date,ce_last_update_date,ce_cost) VALUES (585,2,1,1,'2015-02-24 16:13:57','2015-02-24 16:13:57','U'   );
INSERT INTO magic_card_edition (ce_ca_id,ce_ed_id,ce_versions,ce_ra_id,ce_creation_date,ce_last_update_date,ce_cost) VALUES (586,2,1,1,'2015-02-24 16:13:57','2015-02-24 16:13:57','U'   );
INSERT INTO magic_card_edition (ce_ca_id,ce_ed_id,ce_versions,ce_ra_id,ce_creation_date,ce_last_update_date,ce_cost) VALUES (587,2,1,2,'2015-02-24 16:13:57','2015-02-24 16:13:57','2G'   );
INSERT INTO magic_card_edition (ce_ca_id,ce_ed_id,ce_versions,ce_ra_id,ce_creation_date,ce_last_update_date,ce_cost,ce_power,ce_toughness) VALUES (588,2,1,3,'2015-02-24 16:13:57','2015-02-24 16:13:57','6','4','4' );
INSERT INTO magic_card_edition (ce_ca_id,ce_ed_id,ce_versions,ce_ra_id,ce_creation_date,ce_last_update_date,ce_cost,ce_power,ce_toughness) VALUES (589,2,1,2,'2015-02-24 16:13:57','2015-02-24 16:13:57','2R','2','2' );
INSERT INTO magic_card_edition (ce_ca_id,ce_ed_id,ce_versions,ce_ra_id,ce_creation_date,ce_last_update_date,ce_cost,ce_power,ce_toughness) VALUES (590,2,1,1,'2015-02-24 16:13:57','2015-02-24 16:13:57','B','0','1' );
INSERT INTO magic_card_edition (ce_ca_id,ce_ed_id,ce_versions,ce_ra_id,ce_creation_date,ce_last_update_date) VALUES (591,1,1,1,'2015-02-24 16:13:57','2015-02-24 16:13:57'    );
INSERT INTO magic_card_edition (ce_ca_id,ce_ed_id,ce_versions,ce_ra_id,ce_creation_date,ce_last_update_date,ce_cost,ce_power,ce_toughness) VALUES (592,1,1,3,'2015-02-24 16:13:57','2015-02-24 16:13:57','2UU','0','2' );
INSERT INTO magic_card_edition (ce_ca_id,ce_ed_id,ce_versions,ce_ra_id,ce_creation_date,ce_last_update_date,ce_cost) VALUES (593,2,1,1,'2015-02-24 16:13:57','2015-02-24 16:13:57','1GG'   );
INSERT INTO magic_card_edition (ce_ca_id,ce_ed_id,ce_versions,ce_ra_id,ce_creation_date,ce_last_update_date,ce_cost,ce_power,ce_toughness) VALUES (594,2,1,3,'2015-02-24 16:13:57','2015-02-24 16:13:57','1GG','0','2' );
INSERT INTO magic_card_edition (ce_ca_id,ce_ed_id,ce_versions,ce_ra_id,ce_creation_date,ce_last_update_date,ce_cost,ce_power,ce_toughness) VALUES (595,1,1,3,'2015-02-24 16:13:57','2015-02-24 16:13:57','4B','1','1' );
INSERT INTO magic_card_edition (ce_ca_id,ce_ed_id,ce_versions,ce_ra_id,ce_creation_date,ce_last_update_date,ce_cost,ce_power,ce_toughness) VALUES (596,1,1,1,'2015-02-24 16:13:57','2015-02-24 16:13:57','2G','1','2' );
INSERT INTO magic_card_edition (ce_ca_id,ce_ed_id,ce_versions,ce_ra_id,ce_creation_date,ce_last_update_date,ce_cost) VALUES (597,1,1,1,'2015-02-24 16:13:57','2015-02-24 16:13:57','1'   );
INSERT INTO magic_card_edition (ce_ca_id,ce_ed_id,ce_versions,ce_ra_id,ce_creation_date,ce_last_update_date,ce_cost,ce_power,ce_toughness) VALUES (598,1,1,2,'2015-02-24 16:13:57','2015-02-24 16:13:57','2G','2','2' );
INSERT INTO magic_card_edition (ce_ca_id,ce_ed_id,ce_versions,ce_ra_id,ce_creation_date,ce_last_update_date,ce_cost) VALUES (599,2,1,2,'2015-02-24 16:13:57','2015-02-24 16:13:57','W'   );
INSERT INTO magic_card_edition (ce_ca_id,ce_ed_id,ce_versions,ce_ra_id,ce_creation_date,ce_last_update_date,ce_cost) VALUES (600,2,1,3,'2015-02-24 16:13:57','2015-02-24 16:13:57','XUUU'   );
INSERT INTO magic_card_edition (ce_ca_id,ce_ed_id,ce_versions,ce_ra_id,ce_creation_date,ce_last_update_date,ce_cost) VALUES (601,1,1,1,'2015-02-24 16:13:57','2015-02-24 16:13:57','2'   );
INSERT INTO magic_card_edition (ce_ca_id,ce_ed_id,ce_versions,ce_ra_id,ce_creation_date,ce_last_update_date,ce_cost) VALUES (602,1,1,2,'2015-02-24 16:13:57','2015-02-24 16:13:57','3'   );
INSERT INTO magic_card_edition (ce_ca_id,ce_ed_id,ce_versions,ce_ra_id,ce_creation_date,ce_last_update_date,ce_cost,ce_power,ce_toughness) VALUES (603,1,1,3,'2015-02-24 16:13:57','2015-02-24 16:13:57','4R','2','2' );
INSERT INTO magic_card_edition (ce_ca_id,ce_ed_id,ce_versions,ce_ra_id,ce_creation_date,ce_last_update_date,ce_cost,ce_power,ce_toughness) VALUES (604,1,1,1,'2015-02-24 16:13:57','2015-02-24 16:13:57','3R','3','2' );
INSERT INTO magic_card_edition (ce_ca_id,ce_ed_id,ce_versions,ce_ra_id,ce_creation_date,ce_last_update_date,ce_cost) VALUES (605,1,1,1,'2015-02-24 16:13:57','2015-02-24 16:13:57','2'   );
INSERT INTO magic_card_edition (ce_ca_id,ce_ed_id,ce_versions,ce_ra_id,ce_creation_date,ce_last_update_date,ce_cost) VALUES (606,1,1,1,'2015-02-24 16:13:57','2015-02-24 16:13:57','2B'   );
INSERT INTO magic_card_edition (ce_ca_id,ce_ed_id,ce_versions,ce_ra_id,ce_creation_date,ce_last_update_date,ce_cost,ce_power,ce_toughness) VALUES (607,2,1,2,'2015-02-24 16:13:57','2015-02-24 16:13:57','1UU','1','5' );
INSERT INTO magic_card_edition (ce_ca_id,ce_ed_id,ce_versions,ce_ra_id,ce_creation_date,ce_last_update_date,ce_cost,ce_power,ce_toughness) VALUES (608,1,1,2,'2015-02-24 16:13:57','2015-02-24 16:13:57','2B','0','2' );
INSERT INTO magic_card_edition (ce_ca_id,ce_ed_id,ce_versions,ce_ra_id,ce_creation_date,ce_last_update_date,ce_cost,ce_power,ce_toughness) VALUES (609,2,1,2,'2015-02-24 16:13:57','2015-02-24 16:13:57','2B','1','4' );
INSERT INTO magic_card_edition (ce_ca_id,ce_ed_id,ce_versions,ce_ra_id,ce_creation_date,ce_last_update_date,ce_cost,ce_power,ce_toughness) VALUES (610,2,1,2,'2015-02-24 16:13:57','2015-02-24 16:13:57','2G','2','3' );
INSERT INTO magic_card_edition (ce_ca_id,ce_ed_id,ce_versions,ce_ra_id,ce_creation_date,ce_last_update_date,ce_cost,ce_power,ce_toughness) VALUES (611,2,1,2,'2015-02-24 16:13:57','2015-02-24 16:13:57','2R','1','4' );
INSERT INTO magic_card_edition (ce_ca_id,ce_ed_id,ce_versions,ce_ra_id,ce_creation_date,ce_last_update_date,ce_cost,ce_power,ce_toughness) VALUES (612,2,1,2,'2015-02-24 16:13:57','2015-02-24 16:13:57','1RR','0','5' );
INSERT INTO magic_card_edition (ce_ca_id,ce_ed_id,ce_versions,ce_ra_id,ce_creation_date,ce_last_update_date,ce_cost,ce_power,ce_toughness) VALUES (613,2,1,2,'2015-02-24 16:13:57','2015-02-24 16:13:57','2G','0','7' );
INSERT INTO magic_card_edition (ce_ca_id,ce_ed_id,ce_versions,ce_ra_id,ce_creation_date,ce_last_update_date,ce_cost,ce_power,ce_toughness) VALUES (614,2,1,1,'2015-02-24 16:13:57','2015-02-24 16:13:57','3','2','3' );
INSERT INTO magic_card_edition (ce_ca_id,ce_ed_id,ce_versions,ce_ra_id,ce_creation_date,ce_last_update_date,ce_cost,ce_power,ce_toughness) VALUES (615,2,1,2,'2015-02-24 16:13:57','2015-02-24 16:13:57','1RR','0','8' );
INSERT INTO magic_card_edition (ce_ca_id,ce_ed_id,ce_versions,ce_ra_id,ce_creation_date,ce_last_update_date,ce_cost,ce_power,ce_toughness) VALUES (616,2,1,2,'2015-02-24 16:13:57','2015-02-24 16:13:57','3W','3','5' );
INSERT INTO magic_card_edition (ce_ca_id,ce_ed_id,ce_versions,ce_ra_id,ce_creation_date,ce_last_update_date,ce_cost,ce_power,ce_toughness) VALUES (617,2,1,2,'2015-02-24 16:13:57','2015-02-24 16:13:57','1UU','0','5' );
INSERT INTO magic_card_edition (ce_ca_id,ce_ed_id,ce_versions,ce_ra_id,ce_creation_date,ce_last_update_date,ce_cost,ce_power,ce_toughness) VALUES (618,2,1,1,'2015-02-24 16:13:57','2015-02-24 16:13:57','G','0','3' );
INSERT INTO magic_card_edition (ce_ca_id,ce_ed_id,ce_versions,ce_ra_id,ce_creation_date,ce_last_update_date,ce_cost,ce_power,ce_toughness) VALUES (619,1,1,1,'2015-02-24 16:13:57','2015-02-24 16:13:57','4U','3','3' );
INSERT INTO magic_card_edition (ce_ca_id,ce_ed_id,ce_versions,ce_ra_id,ce_creation_date,ce_last_update_date,ce_cost) VALUES (620,2,1,2,'2015-02-24 16:13:57','2015-02-24 16:13:57','2G'   );
INSERT INTO magic_card_edition (ce_ca_id,ce_ed_id,ce_versions,ce_ra_id,ce_creation_date,ce_last_update_date,ce_cost,ce_power,ce_toughness) VALUES (621,1,1,3,'2015-02-24 16:13:57','2015-02-24 16:13:57','RRR','1','1' );
INSERT INTO magic_card_edition (ce_ca_id,ce_ed_id,ce_versions,ce_ra_id,ce_creation_date,ce_last_update_date,ce_cost,ce_power,ce_toughness) VALUES (622,2,1,1,'2015-02-24 16:13:57','2015-02-24 16:13:57','3G','3','3' );
INSERT INTO magic_card_edition (ce_ca_id,ce_ed_id,ce_versions,ce_ra_id,ce_creation_date,ce_last_update_date,ce_cost) VALUES (623,2,1,3,'2015-02-24 16:13:57','2015-02-24 16:13:57','BB'   );
INSERT INTO magic_card_edition (ce_ca_id,ce_ed_id,ce_versions,ce_ra_id,ce_creation_date,ce_last_update_date,ce_cost,ce_power,ce_toughness) VALUES (624,2,1,2,'2015-02-24 16:13:57','2015-02-24 16:13:57','3UU','5','4' );
INSERT INTO magic_card_edition (ce_ca_id,ce_ed_id,ce_versions,ce_ra_id,ce_creation_date,ce_last_update_date,ce_cost) VALUES (625,2,1,1,'2015-02-24 16:13:57','2015-02-24 16:13:57','B'   );
INSERT INTO magic_card_edition (ce_ca_id,ce_ed_id,ce_versions,ce_ra_id,ce_creation_date,ce_last_update_date,ce_cost) VALUES (626,2,1,3,'2015-02-24 16:13:57','2015-02-24 16:13:57','G'   );
INSERT INTO magic_card_edition (ce_ca_id,ce_ed_id,ce_versions,ce_ra_id,ce_creation_date,ce_last_update_date,ce_cost) VALUES (627,1,1,1,'2015-02-24 16:13:57','2015-02-24 16:13:57','0'   );
INSERT INTO magic_card_edition (ce_ca_id,ce_ed_id,ce_versions,ce_ra_id,ce_creation_date,ce_last_update_date,ce_cost,ce_power,ce_toughness) VALUES (628,2,1,2,'2015-02-24 16:13:57','2015-02-24 16:13:57','GG','1','1' );
INSERT INTO magic_card_edition (ce_ca_id,ce_ed_id,ce_versions,ce_ra_id,ce_creation_date,ce_last_update_date,ce_cost,ce_power,ce_toughness) VALUES (629,2,1,2,'2015-02-24 16:13:57','2015-02-24 16:13:57','WW','2','2' );
INSERT INTO magic_card_edition (ce_ca_id,ce_ed_id,ce_versions,ce_ra_id,ce_creation_date,ce_last_update_date,ce_cost) VALUES (630,2,1,3,'2015-02-24 16:13:57','2015-02-24 16:13:57','4'   );
INSERT INTO magic_card_edition (ce_ca_id,ce_ed_id,ce_versions,ce_ra_id,ce_creation_date,ce_last_update_date,ce_cost) VALUES (631,2,1,2,'2015-02-24 16:13:57','2015-02-24 16:13:57','W'   );
INSERT INTO magic_card_edition (ce_ca_id,ce_ed_id,ce_versions,ce_ra_id,ce_creation_date,ce_last_update_date,ce_cost) VALUES (632,2,1,1,'2015-02-24 16:13:57','2015-02-24 16:13:57','G'   );
INSERT INTO magic_card_edition (ce_ca_id,ce_ed_id,ce_versions,ce_ra_id,ce_creation_date,ce_last_update_date,ce_cost,ce_power,ce_toughness) VALUES (633,2,1,3,'2015-02-24 16:13:57','2015-02-24 16:13:57','B','0','1' );
INSERT INTO magic_card_edition (ce_ca_id,ce_ed_id,ce_versions,ce_ra_id,ce_creation_date,ce_last_update_date,ce_cost) VALUES (634,2,1,3,'2015-02-24 16:13:57','2015-02-24 16:13:57','R'   );
INSERT INTO magic_card_edition (ce_ca_id,ce_ed_id,ce_versions,ce_ra_id,ce_creation_date,ce_last_update_date,ce_cost) VALUES (635,2,1,2,'2015-02-24 16:13:57','2015-02-24 16:13:57','XG'   );
INSERT INTO magic_card_edition (ce_ca_id,ce_ed_id,ce_versions,ce_ra_id,ce_creation_date,ce_last_update_date,ce_cost) VALUES (636,2,1,3,'2015-02-24 16:13:57','2015-02-24 16:13:57','2'   );
INSERT INTO magic_card_edition (ce_ca_id,ce_ed_id,ce_versions,ce_ra_id,ce_creation_date,ce_last_update_date,ce_cost,ce_power,ce_toughness) VALUES (637,1,1,1,'2015-02-24 16:13:57','2015-02-24 16:13:57','3','1','3' );
INSERT INTO magic_card_edition (ce_ca_id,ce_ed_id,ce_versions,ce_ra_id,ce_creation_date,ce_last_update_date,ce_cost,ce_power,ce_toughness) VALUES (638,1,1,2,'2015-02-24 16:13:57','2015-02-24 16:13:57','4B','2','3' );
INSERT INTO magic_card_edition (ce_ca_id,ce_ed_id,ce_versions,ce_ra_id,ce_creation_date,ce_last_update_date,ce_cost) VALUES (639,2,1,2,'2015-02-24 16:13:57','2015-02-24 16:13:57','1'   );
INSERT INTO magic_card_edition (ce_ca_id,ce_ed_id,ce_versions,ce_ra_id,ce_creation_date,ce_last_update_date,ce_cost) VALUES (640,2,1,1,'2015-02-24 16:13:57','2015-02-24 16:13:57','XBB'   );
INSERT INTO magic_card_edition (ce_ca_id,ce_ed_id,ce_versions,ce_ra_id,ce_creation_date,ce_last_update_date,ce_cost) VALUES (641,1,1,3,'2015-02-24 16:13:57','2015-02-24 16:13:57','5'   );
INSERT INTO magic_card_edition (ce_ca_id,ce_ed_id,ce_versions,ce_ra_id,ce_creation_date,ce_last_update_date,ce_cost) VALUES (642,2,1,3,'2015-02-24 16:13:57','2015-02-24 16:13:57','2WW'   );
INSERT INTO magic_card_edition (ce_ca_id,ce_ed_id,ce_versions,ce_ra_id,ce_creation_date,ce_last_update_date,ce_cost) VALUES (643,1,1,1,'2015-02-24 16:13:57','2015-02-24 16:13:57','BB'   );
INSERT INTO magic_card_edition (ce_ca_id,ce_ed_id,ce_versions,ce_ra_id,ce_creation_date,ce_last_update_date,ce_cost,ce_power,ce_toughness) VALUES (644,1,1,1,'2015-02-24 16:13:57','2015-02-24 16:13:57','5GG','2','2' );
INSERT INTO magic_card_edition (ce_ca_id,ce_ed_id,ce_versions,ce_ra_id,ce_creation_date,ce_last_update_date,ce_cost,ce_power,ce_toughness) VALUES (645,2,1,3,'2015-02-24 16:13:57','2015-02-24 16:13:57','1BB','1','1' );
INSERT INTO magic_card_edition (ce_ca_id,ce_ed_id,ce_versions,ce_ra_id,ce_creation_date,ce_last_update_date,ce_cost,ce_power,ce_toughness) VALUES (646,2,1,1,'2015-02-24 16:13:57','2015-02-24 16:13:57','3','1','4' );
INSERT INTO magic_card_edition (ce_ca_id,ce_ed_id,ce_versions,ce_ra_id,ce_creation_date,ce_last_update_date,ce_cost,ce_power,ce_toughness) VALUES (646,1,1,1,'2015-02-24 16:13:57','2015-02-24 16:13:57','3','1','4' );
INSERT INTO magic_card_edition (ce_ca_id,ce_ed_id,ce_versions,ce_ra_id,ce_creation_date,ce_last_update_date,ce_cost,ce_power,ce_toughness) VALUES (647,2,1,1,'2015-02-24 16:13:57','2015-02-24 16:13:57','1U','1','1' );
INSERT INTO magic_card_edition (ce_ca_id,ce_ed_id,ce_versions,ce_ra_id,ce_creation_date,ce_last_update_date,ce_cost,ce_power,ce_toughness) VALUES (648,2,1,3,'2015-02-24 16:13:57','2015-02-24 16:13:57','1BB','2','3' );
INSERT INTO magic_artist (art_id,art_name,art_creation_date,art_last_update_date) VALUES (1,'Jim Nelson','2015-02-24 16:13:57','2015-02-24 16:13:57');
INSERT INTO magic_artist (art_id,art_name,art_creation_date,art_last_update_date) VALUES (2,'Mark Tedin','2015-02-24 16:13:57','2015-02-24 16:13:57');
INSERT INTO magic_artist (art_id,art_name,art_creation_date,art_last_update_date) VALUES (3,'Richard Thomas','2015-02-24 16:13:57','2015-02-24 16:13:57');
INSERT INTO magic_artist (art_id,art_name,art_creation_date,art_last_update_date) VALUES (4,'Harold McNeill','2015-02-24 16:13:57','2015-02-24 16:13:57');
INSERT INTO magic_artist (art_id,art_name,art_creation_date,art_last_update_date) VALUES (5,'Dan Frazier','2015-02-24 16:13:57','2015-02-24 16:13:57');
INSERT INTO magic_artist (art_id,art_name,art_creation_date,art_last_update_date) VALUES (6,'Julie Baroh','2015-02-24 16:13:57','2015-02-24 16:13:57');
INSERT INTO magic_artist (art_id,art_name,art_creation_date,art_last_update_date) VALUES (7,'Dany Orizio','2015-02-24 16:13:57','2015-02-24 16:13:57');
INSERT INTO magic_artist (art_id,art_name,art_creation_date,art_last_update_date) VALUES (8,'Sam Wood','2015-02-24 16:13:57','2015-02-24 16:13:57');
INSERT INTO magic_artist (art_id,art_name,art_creation_date,art_last_update_date) VALUES (9,'Daren Bader','2015-02-24 16:13:57','2015-02-24 16:13:57');
INSERT INTO magic_artist (art_id,art_name,art_creation_date,art_last_update_date) VALUES (10,'Quinton Hoover','2015-02-24 16:13:57','2015-02-24 16:13:57');
INSERT INTO magic_artist (art_id,art_name,art_creation_date,art_last_update_date) VALUES (11,'Margaret Organ—Kean','2015-02-24 16:13:57','2015-02-24 16:13:57');
INSERT INTO magic_artist (art_id,art_name,art_creation_date,art_last_update_date) VALUES (12,'Rob Alexander','2015-02-24 16:13:57','2015-02-24 16:13:57');
INSERT INTO magic_artist (art_id,art_name,art_creation_date,art_last_update_date) VALUES (13,'Drew Tucker','2015-02-24 16:13:57','2015-02-24 16:13:57');
INSERT INTO magic_artist (art_id,art_name,art_creation_date,art_last_update_date) VALUES (14,'Douglas Shuler','2015-02-24 16:13:57','2015-02-24 16:13:57');
INSERT INTO magic_artist (art_id,art_name,art_creation_date,art_last_update_date) VALUES (15,'Anson Maddocks','2015-02-24 16:13:57','2015-02-24 16:13:57');
INSERT INTO magic_artist (art_id,art_name,art_creation_date,art_last_update_date) VALUES (16,'Amy Weber','2015-02-24 16:13:57','2015-02-24 16:13:57');
INSERT INTO magic_artist (art_id,art_name,art_creation_date,art_last_update_date) VALUES (17,'Brian Snoddy','2015-02-24 16:13:57','2015-02-24 16:13:57');
INSERT INTO magic_artist (art_id,art_name,art_creation_date,art_last_update_date) VALUES (18,'Jeff Easley','2015-02-24 16:13:57','2015-02-24 16:13:57');
INSERT INTO magic_artist (art_id,art_name,art_creation_date,art_last_update_date) VALUES (19,'Jesper Myrfors','2015-02-24 16:13:57','2015-02-24 16:13:57');
INSERT INTO magic_artist (art_id,art_name,art_creation_date,art_last_update_date) VALUES (20,'Tim Hildebrandt','2015-02-24 16:13:57','2015-02-24 16:13:57');
INSERT INTO magic_artist (art_id,art_name,art_creation_date,art_last_update_date) VALUES (21,'Mark Poole','2015-02-24 16:13:57','2015-02-24 16:13:57');
INSERT INTO magic_artist (art_id,art_name,art_creation_date,art_last_update_date) VALUES (22,'Jeff A. Menges','2015-02-24 16:13:57','2015-02-24 16:13:57');
INSERT INTO magic_artist (art_id,art_name,art_creation_date,art_last_update_date) VALUES (23,'Greg Hildebrandt','2015-02-24 16:13:57','2015-02-24 16:13:57');
INSERT INTO magic_artist (art_id,art_name,art_creation_date,art_last_update_date) VALUES (24,'Puddnhead','2015-02-24 16:13:57','2015-02-24 16:13:57');
INSERT INTO magic_artist (art_id,art_name,art_creation_date,art_last_update_date) VALUES (25,'Dave Dorman','2015-02-24 16:13:57','2015-02-24 16:13:57');
INSERT INTO magic_artist (art_id,art_name,art_creation_date,art_last_update_date) VALUES (26,'Stephen Tappin','2015-02-24 16:13:57','2015-02-24 16:13:57');
INSERT INTO magic_artist (art_id,art_name,art_creation_date,art_last_update_date) VALUES (27,'Scott M. Fischer','2015-02-24 16:13:57','2015-02-24 16:13:57');
INSERT INTO magic_artist (art_id,art_name,art_creation_date,art_last_update_date) VALUES (28,'Bradley Williams','2015-02-24 16:13:57','2015-02-24 16:13:57');
INSERT INTO magic_artist (art_id,art_name,art_creation_date,art_last_update_date) VALUES (29,'Paolo Parente','2015-02-24 16:13:57','2015-02-24 16:13:57');
INSERT INTO magic_artist (art_id,art_name,art_creation_date,art_last_update_date) VALUES (30,'John Matson','2015-02-24 16:13:57','2015-02-24 16:13:57');
INSERT INTO magic_artist (art_id,art_name,art_creation_date,art_last_update_date) VALUES (31,'Wayne England','2015-02-24 16:13:57','2015-02-24 16:13:57');
INSERT INTO magic_artist (art_id,art_name,art_creation_date,art_last_update_date) VALUES (32,'Kaja Foglio','2015-02-24 16:13:57','2015-02-24 16:13:57');
INSERT INTO magic_artist (art_id,art_name,art_creation_date,art_last_update_date) VALUES (33,'Pete Venters','2015-02-24 16:13:57','2015-02-24 16:13:57');
INSERT INTO magic_artist (art_id,art_name,art_creation_date,art_last_update_date) VALUES (34,'Doug Chaffee','2015-02-24 16:13:57','2015-02-24 16:13:57');
INSERT INTO magic_artist (art_id,art_name,art_creation_date,art_last_update_date) VALUES (35,'David Martin','2015-02-24 16:13:57','2015-02-24 16:13:57');
INSERT INTO magic_artist (art_id,art_name,art_creation_date,art_last_update_date) VALUES (36,'Matt Cavotta','2015-02-24 16:13:57','2015-02-24 16:13:57');
INSERT INTO magic_artist (art_id,art_name,art_creation_date,art_last_update_date) VALUES (37,'Ron Spencer','2015-02-24 16:13:57','2015-02-24 16:13:57');
INSERT INTO magic_artist (art_id,art_name,art_creation_date,art_last_update_date) VALUES (38,'Darrell Riche','2015-02-24 16:13:57','2015-02-24 16:13:57');
INSERT INTO magic_artist (art_id,art_name,art_creation_date,art_last_update_date) VALUES (39,'Brom','2015-02-24 16:13:57','2015-02-24 16:13:57');
INSERT INTO magic_artist (art_id,art_name,art_creation_date,art_last_update_date) VALUES (40,'Ben Thompson','2015-02-24 16:13:57','2015-02-24 16:13:57');
INSERT INTO magic_artist (art_id,art_name,art_creation_date,art_last_update_date) VALUES (41,'Christopher Rush','2015-02-24 16:13:57','2015-02-24 16:13:57');
INSERT INTO magic_artist (art_id,art_name,art_creation_date,art_last_update_date) VALUES (42,'Tom Wanerstrand','2015-02-24 16:13:57','2015-02-24 16:13:57');
INSERT INTO magic_artist (art_id,art_name,art_creation_date,art_last_update_date) VALUES (43,'Glen Angus','2015-02-24 16:13:57','2015-02-24 16:13:57');
INSERT INTO magic_artist (art_id,art_name,art_creation_date,art_last_update_date) VALUES (44,'Dameon Willich','2015-02-24 16:13:57','2015-02-24 16:13:57');
INSERT INTO magic_artist (art_id,art_name,art_creation_date,art_last_update_date) VALUES (45,'Eric Peterson','2015-02-24 16:13:57','2015-02-24 16:13:57');
INSERT INTO magic_artist (art_id,art_name,art_creation_date,art_last_update_date) VALUES (46,'Mark Zug','2015-02-24 16:13:57','2015-02-24 16:13:57');
INSERT INTO magic_artist (art_id,art_name,art_creation_date,art_last_update_date) VALUES (47,'Christopher Moeller','2015-02-24 16:13:57','2015-02-24 16:13:57');
INSERT INTO magic_artist (art_id,art_name,art_creation_date,art_last_update_date) VALUES (48,'Donato Giancola','2015-02-24 16:13:57','2015-02-24 16:13:57');
INSERT INTO magic_artist (art_id,art_name,art_creation_date,art_last_update_date) VALUES (49,'Sandra Everingham','2015-02-24 16:13:57','2015-02-24 16:13:57');
INSERT INTO magic_artist (art_id,art_name,art_creation_date,art_last_update_date) VALUES (50,'Randy Asplund—Faith','2015-02-24 16:13:57','2015-02-24 16:13:57');
INSERT INTO magic_artist (art_id,art_name,art_creation_date,art_last_update_date) VALUES (51,'Arnie Swekel','2015-02-24 16:13:57','2015-02-24 16:13:57');
INSERT INTO magic_artist (art_id,art_name,art_creation_date,art_last_update_date) VALUES (52,'Martina Pilcerova','2015-02-24 16:13:57','2015-02-24 16:13:57');
INSERT INTO magic_artist (art_id,art_name,art_creation_date,art_last_update_date) VALUES (53,'Matt Thompson','2015-02-24 16:13:57','2015-02-24 16:13:57');
INSERT INTO magic_artist (art_id,art_name,art_creation_date,art_last_update_date) VALUES (54,'Thomas M. Baxa','2015-02-24 16:13:57','2015-02-24 16:13:57');
INSERT INTO magic_artist (art_id,art_name,art_creation_date,art_last_update_date) VALUES (55,'Kev Walker','2015-02-24 16:13:57','2015-02-24 16:13:57');
INSERT INTO magic_artist (art_id,art_name,art_creation_date,art_last_update_date) VALUES (56,'Daniel Gelon','2015-02-24 16:13:57','2015-02-24 16:13:57');
INSERT INTO magic_artist (art_id,art_name,art_creation_date,art_last_update_date) VALUES (57,'Edward Beard, Jr.','2015-02-24 16:13:57','2015-02-24 16:13:57');
INSERT INTO magic_artist (art_id,art_name,art_creation_date,art_last_update_date) VALUES (58,'Mike Dringenberg','2015-02-24 16:13:57','2015-02-24 16:13:57');
INSERT INTO magic_artist (art_id,art_name,art_creation_date,art_last_update_date) VALUES (59,'Ray Lago','2015-02-24 16:13:57','2015-02-24 16:13:57');
INSERT INTO magic_artist (art_id,art_name,art_creation_date,art_last_update_date) VALUES (60,'D. Alexander Gregory','2015-02-24 16:13:57','2015-02-24 16:13:57');
INSERT INTO magic_artist (art_id,art_name,art_creation_date,art_last_update_date) VALUES (61,'Susan Van Camp','2015-02-24 16:13:57','2015-02-24 16:13:57');
INSERT INTO magic_artist (art_id,art_name,art_creation_date,art_last_update_date) VALUES (62,'Alex Horley—Orlandelli','2015-02-24 16:13:57','2015-02-24 16:13:57');
INSERT INTO magic_artist (art_id,art_name,art_creation_date,art_last_update_date) VALUES (63,'NeNe Thomas','2015-02-24 16:13:57','2015-02-24 16:13:57');
INSERT INTO magic_artist (art_id,art_name,art_creation_date,art_last_update_date) VALUES (64,'Jon Foster','2015-02-24 16:13:57','2015-02-24 16:13:57');
INSERT INTO magic_artist (art_id,art_name,art_creation_date,art_last_update_date) VALUES (65,'Michael Sutfin','2015-02-24 16:13:57','2015-02-24 16:13:57');
INSERT INTO magic_artist (art_id,art_name,art_creation_date,art_last_update_date) VALUES (66,'Mike Kimble','2015-02-24 16:13:57','2015-02-24 16:13:57');
INSERT INTO magic_artist (art_id,art_name,art_creation_date,art_last_update_date) VALUES (67,'Greg Staples','2015-02-24 16:13:57','2015-02-24 16:13:57');
INSERT INTO magic_artist (art_id,art_name,art_creation_date,art_last_update_date) VALUES (68,'Randy Gallegos','2015-02-24 16:13:57','2015-02-24 16:13:57');
INSERT INTO magic_artist (art_id,art_name,art_creation_date,art_last_update_date) VALUES (69,'Carl Critchlow','2015-02-24 16:13:57','2015-02-24 16:13:57');
INSERT INTO magic_artist (art_id,art_name,art_creation_date,art_last_update_date) VALUES (70,'Melissa Benson','2015-02-24 16:13:57','2015-02-24 16:13:57');
INSERT INTO magic_artist (art_id,art_name,art_creation_date,art_last_update_date) VALUES (71,'Lars Grant—West','2015-02-24 16:13:57','2015-02-24 16:13:57');
INSERT INTO magic_artist (art_id,art_name,art_creation_date,art_last_update_date) VALUES (72,'rk post','2015-02-24 16:13:57','2015-02-24 16:13:57');
INSERT INTO magic_artist (art_id,art_name,art_creation_date,art_last_update_date) VALUES (73,'Trevor Hairsine','2015-02-24 16:13:57','2015-02-24 16:13:57');
INSERT INTO magic_artist (art_id,art_name,art_creation_date,art_last_update_date) VALUES (74,'Dennis Detwiller','2015-02-24 16:13:57','2015-02-24 16:13:57');
INSERT INTO magic_artist (art_id,art_name,art_creation_date,art_last_update_date) VALUES (75,'John Avon','2015-02-24 16:13:57','2015-02-24 16:13:57');
INSERT INTO magic_artist (art_id,art_name,art_creation_date,art_last_update_date) VALUES (76,'Tony Szczudlo','2015-02-24 16:13:57','2015-02-24 16:13:57');
INSERT INTO magic_artist (art_id,art_name,art_creation_date,art_last_update_date) VALUES (77,'Terese Nielsen','2015-02-24 16:13:57','2015-02-24 16:13:57');
INSERT INTO magic_artist (art_id,art_name,art_creation_date,art_last_update_date) VALUES (78,'Phil Foglio','2015-02-24 16:13:57','2015-02-24 16:13:57');
INSERT INTO magic_artist (art_id,art_name,art_creation_date,art_last_update_date) VALUES (79,'Justin Hampton','2015-02-24 16:13:57','2015-02-24 16:13:57');
INSERT INTO magic_artist (art_id,art_name,art_creation_date,art_last_update_date) VALUES (80,'Andi Rusu','2015-02-24 16:13:57','2015-02-24 16:13:57');
INSERT INTO magic_artist (art_id,art_name,art_creation_date,art_last_update_date) VALUES (81,'Kevin Dobler','2015-02-24 16:13:57','2015-02-24 16:13:57');
INSERT INTO magic_artist (art_id,art_name,art_creation_date,art_last_update_date) VALUES (82,'Alan Pollack','2015-02-24 16:13:57','2015-02-24 16:13:57');
INSERT INTO magic_artist (art_id,art_name,art_creation_date,art_last_update_date) VALUES (83,'Scott Kirschner','2015-02-24 16:13:57','2015-02-24 16:13:57');
INSERT INTO magic_artist (art_id,art_name,art_creation_date,art_last_update_date) VALUES (84,'Hugh Jamieson','2015-02-24 16:13:57','2015-02-24 16:13:57');
INSERT INTO magic_artist (art_id,art_name,art_creation_date,art_last_update_date) VALUES (85,'Mark Harrison','2015-02-24 16:13:57','2015-02-24 16:13:57');
INSERT INTO magic_artist (art_id,art_name,art_creation_date,art_last_update_date) VALUES (86,'Kev Brockschmidt','2015-02-24 16:13:57','2015-02-24 16:13:57');
INSERT INTO magic_artist (art_id,art_name,art_creation_date,art_last_update_date) VALUES (87,'Todd Lockwood','2015-02-24 16:13:57','2015-02-24 16:13:57');
INSERT INTO magic_artist (art_id,art_name,art_creation_date,art_last_update_date) VALUES (88,'Jeremy Jarvis','2015-02-24 16:13:57','2015-02-24 16:13:57');
INSERT INTO magic_artist (art_id,art_name,art_creation_date,art_last_update_date) VALUES (89,'Anthony S. Waters','2015-02-24 16:13:57','2015-02-24 16:13:57');
INSERT INTO magic_artist (art_id,art_name,art_creation_date,art_last_update_date) VALUES (90,'Heather Hudson','2015-02-24 16:13:57','2015-02-24 16:13:57');
INSERT INTO magic_artist (art_id,art_name,art_creation_date,art_last_update_date) VALUES (91,'Matthew D. Wilson','2015-02-24 16:13:57','2015-02-24 16:13:57');
INSERT INTO magic_artist (art_id,art_name,art_creation_date,art_last_update_date) VALUES (92,'Adam Rex','2015-02-24 16:13:57','2015-02-24 16:13:57');
INSERT INTO magic_artist (art_id,art_name,art_creation_date,art_last_update_date) VALUES (93,'Edward P. Beard, Jr.','2015-02-24 16:13:57','2015-02-24 16:13:57');
INSERT INTO magic_artist (art_id,art_name,art_creation_date,art_last_update_date) VALUES (94,'Franz Vohwinkel','2015-02-24 16:13:57','2015-02-24 16:13:57');
INSERT INTO magic_artist (art_id,art_name,art_creation_date,art_last_update_date) VALUES (95,'Kaja Foglio + Phil Foglio','2015-02-24 16:13:57','2015-02-24 16:13:57');
INSERT INTO magic_artist (art_id,art_name,art_creation_date,art_last_update_date) VALUES (96,'Dana Knutson','2015-02-24 16:13:57','2015-02-24 16:13:57');
INSERT INTO magic_artist (art_id,art_name,art_creation_date,art_last_update_date) VALUES (97,'Cornelius Brudi','2015-02-24 16:13:57','2015-02-24 16:13:57');
INSERT INTO magic_artist (art_id,art_name,art_creation_date,art_last_update_date) VALUES (98,'Justin Sweet','2015-02-24 16:13:57','2015-02-24 16:13:57');
INSERT INTO magic_artist (art_id,art_name,art_creation_date,art_last_update_date) VALUES (99,'Corey D. Macourek','2015-02-24 16:13:57','2015-02-24 16:13:57');
INSERT INTO magic_artist (art_id,art_name,art_creation_date,art_last_update_date) VALUES (100,'Keith Garletts','2015-02-24 16:13:57','2015-02-24 16:13:57');
INSERT INTO magic_artist (art_id,art_name,art_creation_date,art_last_update_date) VALUES (101,'Luca Zontini','2015-02-24 16:13:57','2015-02-24 16:13:57');
INSERT INTO magic_artist (art_id,art_name,art_creation_date,art_last_update_date) VALUES (102,'Thomas Gianni','2015-02-24 16:13:57','2015-02-24 16:13:57');
INSERT INTO magic_artist (art_id,art_name,art_creation_date,art_last_update_date) VALUES (103,'David Day','2015-02-24 16:13:57','2015-02-24 16:13:57');
INSERT INTO magic_artist (art_id,art_name,art_creation_date,art_last_update_date) VALUES (104,'Fay Jones','2015-02-24 16:13:57','2015-02-24 16:13:57');
INSERT INTO magic_artist (art_id,art_name,art_creation_date,art_last_update_date) VALUES (105,'Val Mayerik','2015-02-24 16:13:57','2015-02-24 16:13:57');
INSERT INTO magic_artist (art_id,art_name,art_creation_date,art_last_update_date) VALUES (106,'Marcelo Vignali','2015-02-24 16:13:57','2015-02-24 16:13:57');
INSERT INTO magic_artist (art_id,art_name,art_creation_date,art_last_update_date) VALUES (107,'Kerstin Kaman','2015-02-24 16:13:57','2015-02-24 16:13:57');
INSERT INTO magic_artist (art_id,art_name,art_creation_date,art_last_update_date) VALUES (108,'Richard Sardinha','2015-02-24 16:13:57','2015-02-24 16:13:57');
INSERT INTO magic_artist (art_id,art_name,art_creation_date,art_last_update_date) VALUES (109,'Mark Brill','2015-02-24 16:13:57','2015-02-24 16:13:57');
INSERT INTO magic_artist (art_id,art_name,art_creation_date,art_last_update_date) VALUES (110,'Anthony Waters','2015-02-24 16:13:57','2015-02-24 16:13:57');
INSERT INTO magic_card_edition_artist (cea_ca_id,cea_ed_id,cea_art_id) VALUES (1,1,1);
INSERT INTO magic_card_edition_artist (cea_ca_id,cea_ed_id,cea_art_id) VALUES (2,2,2);
INSERT INTO magic_card_edition_artist (cea_ca_id,cea_ed_id,cea_art_id) VALUES (3,2,3);
INSERT INTO magic_card_edition_artist (cea_ca_id,cea_ed_id,cea_art_id) VALUES (4,2,4);
INSERT INTO magic_card_edition_artist (cea_ca_id,cea_ed_id,cea_art_id) VALUES (5,2,2);
INSERT INTO magic_card_edition_artist (cea_ca_id,cea_ed_id,cea_art_id) VALUES (6,2,5);
INSERT INTO magic_card_edition_artist (cea_ca_id,cea_ed_id,cea_art_id) VALUES (7,2,6);
INSERT INTO magic_card_edition_artist (cea_ca_id,cea_ed_id,cea_art_id) VALUES (8,1,7);
INSERT INTO magic_card_edition_artist (cea_ca_id,cea_ed_id,cea_art_id) VALUES (9,1,8);
INSERT INTO magic_card_edition_artist (cea_ca_id,cea_ed_id,cea_art_id) VALUES (10,1,9);
INSERT INTO magic_card_edition_artist (cea_ca_id,cea_ed_id,cea_art_id) VALUES (11,2,10);
INSERT INTO magic_card_edition_artist (cea_ca_id,cea_ed_id,cea_art_id) VALUES (12,2,11);
INSERT INTO magic_card_edition_artist (cea_ca_id,cea_ed_id,cea_art_id) VALUES (13,1,12);
INSERT INTO magic_card_edition_artist (cea_ca_id,cea_ed_id,cea_art_id) VALUES (14,2,13);
INSERT INTO magic_card_edition_artist (cea_ca_id,cea_ed_id,cea_art_id) VALUES (15,2,14);
INSERT INTO magic_card_edition_artist (cea_ca_id,cea_ed_id,cea_art_id) VALUES (16,2,15);
INSERT INTO magic_card_edition_artist (cea_ca_id,cea_ed_id,cea_art_id) VALUES (17,2,5);
INSERT INTO magic_card_edition_artist (cea_ca_id,cea_ed_id,cea_art_id) VALUES (18,2,16);
INSERT INTO magic_card_edition_artist (cea_ca_id,cea_ed_id,cea_art_id) VALUES (19,1,17);
INSERT INTO magic_card_edition_artist (cea_ca_id,cea_ed_id,cea_art_id) VALUES (20,2,5);
INSERT INTO magic_card_edition_artist (cea_ca_id,cea_ed_id,cea_art_id) VALUES (21,1,18);
INSERT INTO magic_card_edition_artist (cea_ca_id,cea_ed_id,cea_art_id) VALUES (22,2,19);
INSERT INTO magic_card_edition_artist (cea_ca_id,cea_ed_id,cea_art_id) VALUES (23,2,16);
INSERT INTO magic_card_edition_artist (cea_ca_id,cea_ed_id,cea_art_id) VALUES (24,1,20);
INSERT INTO magic_card_edition_artist (cea_ca_id,cea_ed_id,cea_art_id) VALUES (25,2,13);
INSERT INTO magic_card_edition_artist (cea_ca_id,cea_ed_id,cea_art_id) VALUES (26,2,21);
INSERT INTO magic_card_edition_artist (cea_ca_id,cea_ed_id,cea_art_id) VALUES (27,2,22);
INSERT INTO magic_card_edition_artist (cea_ca_id,cea_ed_id,cea_art_id) VALUES (28,1,23);
INSERT INTO magic_card_edition_artist (cea_ca_id,cea_ed_id,cea_art_id) VALUES (29,1,24);
INSERT INTO magic_card_edition_artist (cea_ca_id,cea_ed_id,cea_art_id) VALUES (30,1,25);
INSERT INTO magic_card_edition_artist (cea_ca_id,cea_ed_id,cea_art_id) VALUES (31,1,7);
INSERT INTO magic_card_edition_artist (cea_ca_id,cea_ed_id,cea_art_id) VALUES (32,1,26);
INSERT INTO magic_card_edition_artist (cea_ca_id,cea_ed_id,cea_art_id) VALUES (33,1,27);
INSERT INTO magic_card_edition_artist (cea_ca_id,cea_ed_id,cea_art_id) VALUES (34,2,17);
INSERT INTO magic_card_edition_artist (cea_ca_id,cea_ed_id,cea_art_id) VALUES (35,2,19);
INSERT INTO magic_card_edition_artist (cea_ca_id,cea_ed_id,cea_art_id) VALUES (36,2,21);
INSERT INTO magic_card_edition_artist (cea_ca_id,cea_ed_id,cea_art_id) VALUES (37,2,10);
INSERT INTO magic_card_edition_artist (cea_ca_id,cea_ed_id,cea_art_id) VALUES (38,1,28);
INSERT INTO magic_card_edition_artist (cea_ca_id,cea_ed_id,cea_art_id) VALUES (39,1,29);
INSERT INTO magic_card_edition_artist (cea_ca_id,cea_ed_id,cea_art_id) VALUES (40,2,22);
INSERT INTO magic_card_edition_artist (cea_ca_id,cea_ed_id,cea_art_id) VALUES (41,1,30);
INSERT INTO magic_card_edition_artist (cea_ca_id,cea_ed_id,cea_art_id) VALUES (42,2,14);
INSERT INTO magic_card_edition_artist (cea_ca_id,cea_ed_id,cea_art_id) VALUES (43,1,31);
INSERT INTO magic_card_edition_artist (cea_ca_id,cea_ed_id,cea_art_id) VALUES (44,2,32);
INSERT INTO magic_card_edition_artist (cea_ca_id,cea_ed_id,cea_art_id) VALUES (45,2,21);
INSERT INTO magic_card_edition_artist (cea_ca_id,cea_ed_id,cea_art_id) VALUES (46,2,22);
INSERT INTO magic_card_edition_artist (cea_ca_id,cea_ed_id,cea_art_id) VALUES (47,2,15);
INSERT INTO magic_card_edition_artist (cea_ca_id,cea_ed_id,cea_art_id) VALUES (48,2,3);
INSERT INTO magic_card_edition_artist (cea_ca_id,cea_ed_id,cea_art_id) VALUES (49,2,5);
INSERT INTO magic_card_edition_artist (cea_ca_id,cea_ed_id,cea_art_id) VALUES (50,2,6);
INSERT INTO magic_card_edition_artist (cea_ca_id,cea_ed_id,cea_art_id) VALUES (51,2,33);
INSERT INTO magic_card_edition_artist (cea_ca_id,cea_ed_id,cea_art_id) VALUES (52,1,34);
INSERT INTO magic_card_edition_artist (cea_ca_id,cea_ed_id,cea_art_id) VALUES (53,1,35);
INSERT INTO magic_card_edition_artist (cea_ca_id,cea_ed_id,cea_art_id) VALUES (54,1,35);
INSERT INTO magic_card_edition_artist (cea_ca_id,cea_ed_id,cea_art_id) VALUES (55,2,15);
INSERT INTO magic_card_edition_artist (cea_ca_id,cea_ed_id,cea_art_id) VALUES (56,1,36);
INSERT INTO magic_card_edition_artist (cea_ca_id,cea_ed_id,cea_art_id) VALUES (57,2,3);
INSERT INTO magic_card_edition_artist (cea_ca_id,cea_ed_id,cea_art_id) VALUES (58,2,16);
INSERT INTO magic_card_edition_artist (cea_ca_id,cea_ed_id,cea_art_id) VALUES (59,2,5);
INSERT INTO magic_card_edition_artist (cea_ca_id,cea_ed_id,cea_art_id) VALUES (60,2,37);
INSERT INTO magic_card_edition_artist (cea_ca_id,cea_ed_id,cea_art_id) VALUES (61,2,22);
INSERT INTO magic_card_edition_artist (cea_ca_id,cea_ed_id,cea_art_id) VALUES (62,1,38);
INSERT INTO magic_card_edition_artist (cea_ca_id,cea_ed_id,cea_art_id) VALUES (63,1,39);
INSERT INTO magic_card_edition_artist (cea_ca_id,cea_ed_id,cea_art_id) VALUES (64,1,40);
INSERT INTO magic_card_edition_artist (cea_ca_id,cea_ed_id,cea_art_id) VALUES (65,2,19);
INSERT INTO magic_card_edition_artist (cea_ca_id,cea_ed_id,cea_art_id) VALUES (66,2,33);
INSERT INTO magic_card_edition_artist (cea_ca_id,cea_ed_id,cea_art_id) VALUES (67,2,41);
INSERT INTO magic_card_edition_artist (cea_ca_id,cea_ed_id,cea_art_id) VALUES (68,2,42);
INSERT INTO magic_card_edition_artist (cea_ca_id,cea_ed_id,cea_art_id) VALUES (69,1,43);
INSERT INTO magic_card_edition_artist (cea_ca_id,cea_ed_id,cea_art_id) VALUES (70,2,2);
INSERT INTO magic_card_edition_artist (cea_ca_id,cea_ed_id,cea_art_id) VALUES (71,1,23);
INSERT INTO magic_card_edition_artist (cea_ca_id,cea_ed_id,cea_art_id) VALUES (72,2,21);
INSERT INTO magic_card_edition_artist (cea_ca_id,cea_ed_id,cea_art_id) VALUES (73,2,10);
INSERT INTO magic_card_edition_artist (cea_ca_id,cea_ed_id,cea_art_id) VALUES (74,2,3);
INSERT INTO magic_card_edition_artist (cea_ca_id,cea_ed_id,cea_art_id) VALUES (75,2,44);
INSERT INTO magic_card_edition_artist (cea_ca_id,cea_ed_id,cea_art_id) VALUES (76,1,45);
INSERT INTO magic_card_edition_artist (cea_ca_id,cea_ed_id,cea_art_id) VALUES (77,2,13);
INSERT INTO magic_card_edition_artist (cea_ca_id,cea_ed_id,cea_art_id) VALUES (78,2,16);
INSERT INTO magic_card_edition_artist (cea_ca_id,cea_ed_id,cea_art_id) VALUES (79,1,46);
INSERT INTO magic_card_edition_artist (cea_ca_id,cea_ed_id,cea_art_id) VALUES (80,2,3);
INSERT INTO magic_card_edition_artist (cea_ca_id,cea_ed_id,cea_art_id) VALUES (81,2,44);
INSERT INTO magic_card_edition_artist (cea_ca_id,cea_ed_id,cea_art_id) VALUES (82,1,47);
INSERT INTO magic_card_edition_artist (cea_ca_id,cea_ed_id,cea_art_id) VALUES (83,1,17);
INSERT INTO magic_card_edition_artist (cea_ca_id,cea_ed_id,cea_art_id) VALUES (84,1,48);
INSERT INTO magic_card_edition_artist (cea_ca_id,cea_ed_id,cea_art_id) VALUES (85,2,33);
INSERT INTO magic_card_edition_artist (cea_ca_id,cea_ed_id,cea_art_id) VALUES (86,2,19);
INSERT INTO magic_card_edition_artist (cea_ca_id,cea_ed_id,cea_art_id) VALUES (87,2,44);
INSERT INTO magic_card_edition_artist (cea_ca_id,cea_ed_id,cea_art_id) VALUES (88,2,49);
INSERT INTO magic_card_edition_artist (cea_ca_id,cea_ed_id,cea_art_id) VALUES (89,2,2);
INSERT INTO magic_card_edition_artist (cea_ca_id,cea_ed_id,cea_art_id) VALUES (90,2,14);
INSERT INTO magic_card_edition_artist (cea_ca_id,cea_ed_id,cea_art_id) VALUES (91,2,19);
INSERT INTO magic_card_edition_artist (cea_ca_id,cea_ed_id,cea_art_id) VALUES (92,2,50);
INSERT INTO magic_card_edition_artist (cea_ca_id,cea_ed_id,cea_art_id) VALUES (93,2,13);
INSERT INTO magic_card_edition_artist (cea_ca_id,cea_ed_id,cea_art_id) VALUES (94,1,51);
INSERT INTO magic_card_edition_artist (cea_ca_id,cea_ed_id,cea_art_id) VALUES (95,1,51);
INSERT INTO magic_card_edition_artist (cea_ca_id,cea_ed_id,cea_art_id) VALUES (96,1,51);
INSERT INTO magic_card_edition_artist (cea_ca_id,cea_ed_id,cea_art_id) VALUES (97,1,51);
INSERT INTO magic_card_edition_artist (cea_ca_id,cea_ed_id,cea_art_id) VALUES (98,1,52);
INSERT INTO magic_card_edition_artist (cea_ca_id,cea_ed_id,cea_art_id) VALUES (99,1,29);
INSERT INTO magic_card_edition_artist (cea_ca_id,cea_ed_id,cea_art_id) VALUES (100,2,5);
INSERT INTO magic_card_edition_artist (cea_ca_id,cea_ed_id,cea_art_id) VALUES (101,2,19);
INSERT INTO magic_card_edition_artist (cea_ca_id,cea_ed_id,cea_art_id) VALUES (102,1,37);
INSERT INTO magic_card_edition_artist (cea_ca_id,cea_ed_id,cea_art_id) VALUES (103,2,16);
INSERT INTO magic_card_edition_artist (cea_ca_id,cea_ed_id,cea_art_id) VALUES (104,1,53);
INSERT INTO magic_card_edition_artist (cea_ca_id,cea_ed_id,cea_art_id) VALUES (105,1,54);
INSERT INTO magic_card_edition_artist (cea_ca_id,cea_ed_id,cea_art_id) VALUES (106,2,44);
INSERT INTO magic_card_edition_artist (cea_ca_id,cea_ed_id,cea_art_id) VALUES (107,2,19);
INSERT INTO magic_card_edition_artist (cea_ca_id,cea_ed_id,cea_art_id) VALUES (108,1,55);
INSERT INTO magic_card_edition_artist (cea_ca_id,cea_ed_id,cea_art_id) VALUES (109,1,36);
INSERT INTO magic_card_edition_artist (cea_ca_id,cea_ed_id,cea_art_id) VALUES (110,2,16);
INSERT INTO magic_card_edition_artist (cea_ca_id,cea_ed_id,cea_art_id) VALUES (111,2,19);
INSERT INTO magic_card_edition_artist (cea_ca_id,cea_ed_id,cea_art_id) VALUES (112,2,21);
INSERT INTO magic_card_edition_artist (cea_ca_id,cea_ed_id,cea_art_id) VALUES (113,2,56);
INSERT INTO magic_card_edition_artist (cea_ca_id,cea_ed_id,cea_art_id) VALUES (114,2,15);
INSERT INTO magic_card_edition_artist (cea_ca_id,cea_ed_id,cea_art_id) VALUES (115,1,7);
INSERT INTO magic_card_edition_artist (cea_ca_id,cea_ed_id,cea_art_id) VALUES (116,2,56);
INSERT INTO magic_card_edition_artist (cea_ca_id,cea_ed_id,cea_art_id) VALUES (117,2,19);
INSERT INTO magic_card_edition_artist (cea_ca_id,cea_ed_id,cea_art_id) VALUES (118,2,21);
INSERT INTO magic_card_edition_artist (cea_ca_id,cea_ed_id,cea_art_id) VALUES (119,2,16);
INSERT INTO magic_card_edition_artist (cea_ca_id,cea_ed_id,cea_art_id) VALUES (120,1,34);
INSERT INTO magic_card_edition_artist (cea_ca_id,cea_ed_id,cea_art_id) VALUES (121,1,9);
INSERT INTO magic_card_edition_artist (cea_ca_id,cea_ed_id,cea_art_id) VALUES (122,2,19);
INSERT INTO magic_card_edition_artist (cea_ca_id,cea_ed_id,cea_art_id) VALUES (123,2,3);
INSERT INTO magic_card_edition_artist (cea_ca_id,cea_ed_id,cea_art_id) VALUES (124,2,57);
INSERT INTO magic_card_edition_artist (cea_ca_id,cea_ed_id,cea_art_id) VALUES (125,1,58);
INSERT INTO magic_card_edition_artist (cea_ca_id,cea_ed_id,cea_art_id) VALUES (126,2,15);
INSERT INTO magic_card_edition_artist (cea_ca_id,cea_ed_id,cea_art_id) VALUES (127,2,49);
INSERT INTO magic_card_edition_artist (cea_ca_id,cea_ed_id,cea_art_id) VALUES (128,1,59);
INSERT INTO magic_card_edition_artist (cea_ca_id,cea_ed_id,cea_art_id) VALUES (129,2,21);
INSERT INTO magic_card_edition_artist (cea_ca_id,cea_ed_id,cea_art_id) VALUES (130,2,15);
INSERT INTO magic_card_edition_artist (cea_ca_id,cea_ed_id,cea_art_id) VALUES (131,2,49);
INSERT INTO magic_card_edition_artist (cea_ca_id,cea_ed_id,cea_art_id) VALUES (132,1,60);
INSERT INTO magic_card_edition_artist (cea_ca_id,cea_ed_id,cea_art_id) VALUES (133,2,61);
INSERT INTO magic_card_edition_artist (cea_ca_id,cea_ed_id,cea_art_id) VALUES (134,2,50);
INSERT INTO magic_card_edition_artist (cea_ca_id,cea_ed_id,cea_art_id) VALUES (134,1,25);
INSERT INTO magic_card_edition_artist (cea_ca_id,cea_ed_id,cea_art_id) VALUES (135,2,15);
INSERT INTO magic_card_edition_artist (cea_ca_id,cea_ed_id,cea_art_id) VALUES (136,2,5);
INSERT INTO magic_card_edition_artist (cea_ca_id,cea_ed_id,cea_art_id) VALUES (137,1,62);
INSERT INTO magic_card_edition_artist (cea_ca_id,cea_ed_id,cea_art_id) VALUES (138,1,53);
INSERT INTO magic_card_edition_artist (cea_ca_id,cea_ed_id,cea_art_id) VALUES (139,2,16);
INSERT INTO magic_card_edition_artist (cea_ca_id,cea_ed_id,cea_art_id) VALUES (140,2,15);
INSERT INTO magic_card_edition_artist (cea_ca_id,cea_ed_id,cea_art_id) VALUES (141,2,5);
INSERT INTO magic_card_edition_artist (cea_ca_id,cea_ed_id,cea_art_id) VALUES (142,2,63);
INSERT INTO magic_card_edition_artist (cea_ca_id,cea_ed_id,cea_art_id) VALUES (143,1,64);
INSERT INTO magic_card_edition_artist (cea_ca_id,cea_ed_id,cea_art_id) VALUES (144,1,37);
INSERT INTO magic_card_edition_artist (cea_ca_id,cea_ed_id,cea_art_id) VALUES (145,2,15);
INSERT INTO magic_card_edition_artist (cea_ca_id,cea_ed_id,cea_art_id) VALUES (146,2,16);
INSERT INTO magic_card_edition_artist (cea_ca_id,cea_ed_id,cea_art_id) VALUES (147,2,14);
INSERT INTO magic_card_edition_artist (cea_ca_id,cea_ed_id,cea_art_id) VALUES (148,2,14);
INSERT INTO magic_card_edition_artist (cea_ca_id,cea_ed_id,cea_art_id) VALUES (149,1,1);
INSERT INTO magic_card_edition_artist (cea_ca_id,cea_ed_id,cea_art_id) VALUES (150,1,65);
INSERT INTO magic_card_edition_artist (cea_ca_id,cea_ed_id,cea_art_id) VALUES (151,1,65);
INSERT INTO magic_card_edition_artist (cea_ca_id,cea_ed_id,cea_art_id) VALUES (152,1,1);
INSERT INTO magic_card_edition_artist (cea_ca_id,cea_ed_id,cea_art_id) VALUES (153,2,49);
INSERT INTO magic_card_edition_artist (cea_ca_id,cea_ed_id,cea_art_id) VALUES (154,1,54);
INSERT INTO magic_card_edition_artist (cea_ca_id,cea_ed_id,cea_art_id) VALUES (155,2,66);
INSERT INTO magic_card_edition_artist (cea_ca_id,cea_ed_id,cea_art_id) VALUES (156,1,67);
INSERT INTO magic_card_edition_artist (cea_ca_id,cea_ed_id,cea_art_id) VALUES (157,2,14);
INSERT INTO magic_card_edition_artist (cea_ca_id,cea_ed_id,cea_art_id) VALUES (158,2,5);
INSERT INTO magic_card_edition_artist (cea_ca_id,cea_ed_id,cea_art_id) VALUES (159,2,5);
INSERT INTO magic_card_edition_artist (cea_ca_id,cea_ed_id,cea_art_id) VALUES (160,2,44);
INSERT INTO magic_card_edition_artist (cea_ca_id,cea_ed_id,cea_art_id) VALUES (161,2,10);
INSERT INTO magic_card_edition_artist (cea_ca_id,cea_ed_id,cea_art_id) VALUES (162,1,68);
INSERT INTO magic_card_edition_artist (cea_ca_id,cea_ed_id,cea_art_id) VALUES (163,1,69);
INSERT INTO magic_card_edition_artist (cea_ca_id,cea_ed_id,cea_art_id) VALUES (164,2,70);
INSERT INTO magic_card_edition_artist (cea_ca_id,cea_ed_id,cea_art_id) VALUES (165,2,15);
INSERT INTO magic_card_edition_artist (cea_ca_id,cea_ed_id,cea_art_id) VALUES (166,2,44);
INSERT INTO magic_card_edition_artist (cea_ca_id,cea_ed_id,cea_art_id) VALUES (167,1,29);
INSERT INTO magic_card_edition_artist (cea_ca_id,cea_ed_id,cea_art_id) VALUES (168,2,32);
INSERT INTO magic_card_edition_artist (cea_ca_id,cea_ed_id,cea_art_id) VALUES (169,2,56);
INSERT INTO magic_card_edition_artist (cea_ca_id,cea_ed_id,cea_art_id) VALUES (170,2,44);
INSERT INTO magic_card_edition_artist (cea_ca_id,cea_ed_id,cea_art_id) VALUES (171,2,33);
INSERT INTO magic_card_edition_artist (cea_ca_id,cea_ed_id,cea_art_id) VALUES (172,2,15);
INSERT INTO magic_card_edition_artist (cea_ca_id,cea_ed_id,cea_art_id) VALUES (173,2,49);
INSERT INTO magic_card_edition_artist (cea_ca_id,cea_ed_id,cea_art_id) VALUES (174,1,71);
INSERT INTO magic_card_edition_artist (cea_ca_id,cea_ed_id,cea_art_id) VALUES (175,2,21);
INSERT INTO magic_card_edition_artist (cea_ca_id,cea_ed_id,cea_art_id) VALUES (176,1,43);
INSERT INTO magic_card_edition_artist (cea_ca_id,cea_ed_id,cea_art_id) VALUES (177,1,38);
INSERT INTO magic_card_edition_artist (cea_ca_id,cea_ed_id,cea_art_id) VALUES (178,1,40);
INSERT INTO magic_card_edition_artist (cea_ca_id,cea_ed_id,cea_art_id) VALUES (179,1,72);
INSERT INTO magic_card_edition_artist (cea_ca_id,cea_ed_id,cea_art_id) VALUES (180,2,21);
INSERT INTO magic_card_edition_artist (cea_ca_id,cea_ed_id,cea_art_id) VALUES (181,2,10);
INSERT INTO magic_card_edition_artist (cea_ca_id,cea_ed_id,cea_art_id) VALUES (182,2,10);
INSERT INTO magic_card_edition_artist (cea_ca_id,cea_ed_id,cea_art_id) VALUES (183,1,27);
INSERT INTO magic_card_edition_artist (cea_ca_id,cea_ed_id,cea_art_id) VALUES (184,2,70);
INSERT INTO magic_card_edition_artist (cea_ca_id,cea_ed_id,cea_art_id) VALUES (185,2,2);
INSERT INTO magic_card_edition_artist (cea_ca_id,cea_ed_id,cea_art_id) VALUES (186,2,5);
INSERT INTO magic_card_edition_artist (cea_ca_id,cea_ed_id,cea_art_id) VALUES (187,1,47);
INSERT INTO magic_card_edition_artist (cea_ca_id,cea_ed_id,cea_art_id) VALUES (188,2,14);
INSERT INTO magic_card_edition_artist (cea_ca_id,cea_ed_id,cea_art_id) VALUES (189,1,33);
INSERT INTO magic_card_edition_artist (cea_ca_id,cea_ed_id,cea_art_id) VALUES (190,2,44);
INSERT INTO magic_card_edition_artist (cea_ca_id,cea_ed_id,cea_art_id) VALUES (191,1,73);
INSERT INTO magic_card_edition_artist (cea_ca_id,cea_ed_id,cea_art_id) VALUES (192,2,15);
INSERT INTO magic_card_edition_artist (cea_ca_id,cea_ed_id,cea_art_id) VALUES (193,2,74);
INSERT INTO magic_card_edition_artist (cea_ca_id,cea_ed_id,cea_art_id) VALUES (194,2,2);
INSERT INTO magic_card_edition_artist (cea_ca_id,cea_ed_id,cea_art_id) VALUES (195,2,19);
INSERT INTO magic_card_edition_artist (cea_ca_id,cea_ed_id,cea_art_id) VALUES (196,2,14);
INSERT INTO magic_card_edition_artist (cea_ca_id,cea_ed_id,cea_art_id) VALUES (197,2,41);
INSERT INTO magic_card_edition_artist (cea_ca_id,cea_ed_id,cea_art_id) VALUES (197,1,2);
INSERT INTO magic_card_edition_artist (cea_ca_id,cea_ed_id,cea_art_id) VALUES (197,1,75);
INSERT INTO magic_card_edition_artist (cea_ca_id,cea_ed_id,cea_art_id) VALUES (197,1,52);
INSERT INTO magic_card_edition_artist (cea_ca_id,cea_ed_id,cea_art_id) VALUES (197,1,12);
INSERT INTO magic_card_edition_artist (cea_ca_id,cea_ed_id,cea_art_id) VALUES (198,1,76);
INSERT INTO magic_card_edition_artist (cea_ca_id,cea_ed_id,cea_art_id) VALUES (199,2,50);
INSERT INTO magic_card_edition_artist (cea_ca_id,cea_ed_id,cea_art_id) VALUES (200,1,67);
INSERT INTO magic_card_edition_artist (cea_ca_id,cea_ed_id,cea_art_id) VALUES (201,1,77);
INSERT INTO magic_card_edition_artist (cea_ca_id,cea_ed_id,cea_art_id) VALUES (202,2,14);
INSERT INTO magic_card_edition_artist (cea_ca_id,cea_ed_id,cea_art_id) VALUES (203,2,56);
INSERT INTO magic_card_edition_artist (cea_ca_id,cea_ed_id,cea_art_id) VALUES (204,2,44);
INSERT INTO magic_card_edition_artist (cea_ca_id,cea_ed_id,cea_art_id) VALUES (205,1,76);
INSERT INTO magic_card_edition_artist (cea_ca_id,cea_ed_id,cea_art_id) VALUES (206,2,78);
INSERT INTO magic_card_edition_artist (cea_ca_id,cea_ed_id,cea_art_id) VALUES (207,1,33);
INSERT INTO magic_card_edition_artist (cea_ca_id,cea_ed_id,cea_art_id) VALUES (208,2,42);
INSERT INTO magic_card_edition_artist (cea_ca_id,cea_ed_id,cea_art_id) VALUES (209,2,49);
INSERT INTO magic_card_edition_artist (cea_ca_id,cea_ed_id,cea_art_id) VALUES (210,2,49);
INSERT INTO magic_card_edition_artist (cea_ca_id,cea_ed_id,cea_art_id) VALUES (211,2,79);
INSERT INTO magic_card_edition_artist (cea_ca_id,cea_ed_id,cea_art_id) VALUES (212,2,32);
INSERT INTO magic_card_edition_artist (cea_ca_id,cea_ed_id,cea_art_id) VALUES (213,1,52);
INSERT INTO magic_card_edition_artist (cea_ca_id,cea_ed_id,cea_art_id) VALUES (214,2,14);
INSERT INTO magic_card_edition_artist (cea_ca_id,cea_ed_id,cea_art_id) VALUES (215,1,71);
INSERT INTO magic_card_edition_artist (cea_ca_id,cea_ed_id,cea_art_id) VALUES (216,1,39);
INSERT INTO magic_card_edition_artist (cea_ca_id,cea_ed_id,cea_art_id) VALUES (217,2,5);
INSERT INTO magic_card_edition_artist (cea_ca_id,cea_ed_id,cea_art_id) VALUES (218,2,80);
INSERT INTO magic_card_edition_artist (cea_ca_id,cea_ed_id,cea_art_id) VALUES (219,1,26);
INSERT INTO magic_card_edition_artist (cea_ca_id,cea_ed_id,cea_art_id) VALUES (220,1,65);
INSERT INTO magic_card_edition_artist (cea_ca_id,cea_ed_id,cea_art_id) VALUES (221,2,19);
INSERT INTO magic_card_edition_artist (cea_ca_id,cea_ed_id,cea_art_id) VALUES (222,1,69);
INSERT INTO magic_card_edition_artist (cea_ca_id,cea_ed_id,cea_art_id) VALUES (223,2,74);
INSERT INTO magic_card_edition_artist (cea_ca_id,cea_ed_id,cea_art_id) VALUES (224,1,81);
INSERT INTO magic_card_edition_artist (cea_ca_id,cea_ed_id,cea_art_id) VALUES (225,1,34);
INSERT INTO magic_card_edition_artist (cea_ca_id,cea_ed_id,cea_art_id) VALUES (226,1,55);
INSERT INTO magic_card_edition_artist (cea_ca_id,cea_ed_id,cea_art_id) VALUES (227,1,82);
INSERT INTO magic_card_edition_artist (cea_ca_id,cea_ed_id,cea_art_id) VALUES (228,1,65);
INSERT INTO magic_card_edition_artist (cea_ca_id,cea_ed_id,cea_art_id) VALUES (229,1,34);
INSERT INTO magic_card_edition_artist (cea_ca_id,cea_ed_id,cea_art_id) VALUES (230,2,5);
INSERT INTO magic_card_edition_artist (cea_ca_id,cea_ed_id,cea_art_id) VALUES (231,2,5);
INSERT INTO magic_card_edition_artist (cea_ca_id,cea_ed_id,cea_art_id) VALUES (232,1,12);
INSERT INTO magic_card_edition_artist (cea_ca_id,cea_ed_id,cea_art_id) VALUES (233,2,78);
INSERT INTO magic_card_edition_artist (cea_ca_id,cea_ed_id,cea_art_id) VALUES (234,2,41);
INSERT INTO magic_card_edition_artist (cea_ca_id,cea_ed_id,cea_art_id) VALUES (235,2,5);
INSERT INTO magic_card_edition_artist (cea_ca_id,cea_ed_id,cea_art_id) VALUES (236,1,51);
INSERT INTO magic_card_edition_artist (cea_ca_id,cea_ed_id,cea_art_id) VALUES (237,1,31);
INSERT INTO magic_card_edition_artist (cea_ca_id,cea_ed_id,cea_art_id) VALUES (238,2,22);
INSERT INTO magic_card_edition_artist (cea_ca_id,cea_ed_id,cea_art_id) VALUES (239,1,30);
INSERT INTO magic_card_edition_artist (cea_ca_id,cea_ed_id,cea_art_id) VALUES (240,2,5);
INSERT INTO magic_card_edition_artist (cea_ca_id,cea_ed_id,cea_art_id) VALUES (241,1,34);
INSERT INTO magic_card_edition_artist (cea_ca_id,cea_ed_id,cea_art_id) VALUES (242,2,2);
INSERT INTO magic_card_edition_artist (cea_ca_id,cea_ed_id,cea_art_id) VALUES (243,1,29);
INSERT INTO magic_card_edition_artist (cea_ca_id,cea_ed_id,cea_art_id) VALUES (244,2,5);
INSERT INTO magic_card_edition_artist (cea_ca_id,cea_ed_id,cea_art_id) VALUES (245,2,70);
INSERT INTO magic_card_edition_artist (cea_ca_id,cea_ed_id,cea_art_id) VALUES (246,2,15);
INSERT INTO magic_card_edition_artist (cea_ca_id,cea_ed_id,cea_art_id) VALUES (247,2,21);
INSERT INTO magic_card_edition_artist (cea_ca_id,cea_ed_id,cea_art_id) VALUES (248,2,21);
INSERT INTO magic_card_edition_artist (cea_ca_id,cea_ed_id,cea_art_id) VALUES (249,1,75);
INSERT INTO magic_card_edition_artist (cea_ca_id,cea_ed_id,cea_art_id) VALUES (250,2,63);
INSERT INTO magic_card_edition_artist (cea_ca_id,cea_ed_id,cea_art_id) VALUES (251,2,15);
INSERT INTO magic_card_edition_artist (cea_ca_id,cea_ed_id,cea_art_id) VALUES (252,2,13);
INSERT INTO magic_card_edition_artist (cea_ca_id,cea_ed_id,cea_art_id) VALUES (253,2,44);
INSERT INTO magic_card_edition_artist (cea_ca_id,cea_ed_id,cea_art_id) VALUES (254,2,14);
INSERT INTO magic_card_edition_artist (cea_ca_id,cea_ed_id,cea_art_id) VALUES (255,1,46);
INSERT INTO magic_card_edition_artist (cea_ca_id,cea_ed_id,cea_art_id) VALUES (256,2,83);
INSERT INTO magic_card_edition_artist (cea_ca_id,cea_ed_id,cea_art_id) VALUES (257,1,62);
INSERT INTO magic_card_edition_artist (cea_ca_id,cea_ed_id,cea_art_id) VALUES (258,1,84);
INSERT INTO magic_card_edition_artist (cea_ca_id,cea_ed_id,cea_art_id) VALUES (259,2,50);
INSERT INTO magic_card_edition_artist (cea_ca_id,cea_ed_id,cea_art_id) VALUES (260,2,44);
INSERT INTO magic_card_edition_artist (cea_ca_id,cea_ed_id,cea_art_id) VALUES (261,1,55);
INSERT INTO magic_card_edition_artist (cea_ca_id,cea_ed_id,cea_art_id) VALUES (262,2,5);
INSERT INTO magic_card_edition_artist (cea_ca_id,cea_ed_id,cea_art_id) VALUES (263,2,15);
INSERT INTO magic_card_edition_artist (cea_ca_id,cea_ed_id,cea_art_id) VALUES (264,2,19);
INSERT INTO magic_card_edition_artist (cea_ca_id,cea_ed_id,cea_art_id) VALUES (265,1,25);
INSERT INTO magic_card_edition_artist (cea_ca_id,cea_ed_id,cea_art_id) VALUES (266,2,21);
INSERT INTO magic_card_edition_artist (cea_ca_id,cea_ed_id,cea_art_id) VALUES (266,1,2);
INSERT INTO magic_card_edition_artist (cea_ca_id,cea_ed_id,cea_art_id) VALUES (266,1,12);
INSERT INTO magic_card_edition_artist (cea_ca_id,cea_ed_id,cea_art_id) VALUES (266,1,52);
INSERT INTO magic_card_edition_artist (cea_ca_id,cea_ed_id,cea_art_id) VALUES (266,1,75);
INSERT INTO magic_card_edition_artist (cea_ca_id,cea_ed_id,cea_art_id) VALUES (267,2,19);
INSERT INTO magic_card_edition_artist (cea_ca_id,cea_ed_id,cea_art_id) VALUES (268,2,21);
INSERT INTO magic_card_edition_artist (cea_ca_id,cea_ed_id,cea_art_id) VALUES (269,1,85);
INSERT INTO magic_card_edition_artist (cea_ca_id,cea_ed_id,cea_art_id) VALUES (270,2,15);
INSERT INTO magic_card_edition_artist (cea_ca_id,cea_ed_id,cea_art_id) VALUES (271,2,11);
INSERT INTO magic_card_edition_artist (cea_ca_id,cea_ed_id,cea_art_id) VALUES (272,2,15);
INSERT INTO magic_card_edition_artist (cea_ca_id,cea_ed_id,cea_art_id) VALUES (273,2,44);
INSERT INTO magic_card_edition_artist (cea_ca_id,cea_ed_id,cea_art_id) VALUES (274,2,2);
INSERT INTO magic_card_edition_artist (cea_ca_id,cea_ed_id,cea_art_id) VALUES (275,1,58);
INSERT INTO magic_card_edition_artist (cea_ca_id,cea_ed_id,cea_art_id) VALUES (276,1,30);
INSERT INTO magic_card_edition_artist (cea_ca_id,cea_ed_id,cea_art_id) VALUES (277,2,21);
INSERT INTO magic_card_edition_artist (cea_ca_id,cea_ed_id,cea_art_id) VALUES (278,2,41);
INSERT INTO magic_card_edition_artist (cea_ca_id,cea_ed_id,cea_art_id) VALUES (279,2,3);
INSERT INTO magic_card_edition_artist (cea_ca_id,cea_ed_id,cea_art_id) VALUES (280,2,86);
INSERT INTO magic_card_edition_artist (cea_ca_id,cea_ed_id,cea_art_id) VALUES (281,2,78);
INSERT INTO magic_card_edition_artist (cea_ca_id,cea_ed_id,cea_art_id) VALUES (282,2,32);
INSERT INTO magic_card_edition_artist (cea_ca_id,cea_ed_id,cea_art_id) VALUES (283,2,41);
INSERT INTO magic_card_edition_artist (cea_ca_id,cea_ed_id,cea_art_id) VALUES (284,1,37);
INSERT INTO magic_card_edition_artist (cea_ca_id,cea_ed_id,cea_art_id) VALUES (285,1,54);
INSERT INTO magic_card_edition_artist (cea_ca_id,cea_ed_id,cea_art_id) VALUES (286,1,54);
INSERT INTO magic_card_edition_artist (cea_ca_id,cea_ed_id,cea_art_id) VALUES (287,2,10);
INSERT INTO magic_card_edition_artist (cea_ca_id,cea_ed_id,cea_art_id) VALUES (288,2,17);
INSERT INTO magic_card_edition_artist (cea_ca_id,cea_ed_id,cea_art_id) VALUES (289,1,55);
INSERT INTO magic_card_edition_artist (cea_ca_id,cea_ed_id,cea_art_id) VALUES (290,1,38);
INSERT INTO magic_card_edition_artist (cea_ca_id,cea_ed_id,cea_art_id) VALUES (291,1,68);
INSERT INTO magic_card_edition_artist (cea_ca_id,cea_ed_id,cea_art_id) VALUES (292,1,87);
INSERT INTO magic_card_edition_artist (cea_ca_id,cea_ed_id,cea_art_id) VALUES (293,1,87);
INSERT INTO magic_card_edition_artist (cea_ca_id,cea_ed_id,cea_art_id) VALUES (294,1,34);
INSERT INTO magic_card_edition_artist (cea_ca_id,cea_ed_id,cea_art_id) VALUES (295,1,55);
INSERT INTO magic_card_edition_artist (cea_ca_id,cea_ed_id,cea_art_id) VALUES (296,1,1);
INSERT INTO magic_card_edition_artist (cea_ca_id,cea_ed_id,cea_art_id) VALUES (297,1,69);
INSERT INTO magic_card_edition_artist (cea_ca_id,cea_ed_id,cea_art_id) VALUES (298,2,2);
INSERT INTO magic_card_edition_artist (cea_ca_id,cea_ed_id,cea_art_id) VALUES (299,2,49);
INSERT INTO magic_card_edition_artist (cea_ca_id,cea_ed_id,cea_art_id) VALUES (300,1,47);
INSERT INTO magic_card_edition_artist (cea_ca_id,cea_ed_id,cea_art_id) VALUES (301,2,56);
INSERT INTO magic_card_edition_artist (cea_ca_id,cea_ed_id,cea_art_id) VALUES (302,2,44);
INSERT INTO magic_card_edition_artist (cea_ca_id,cea_ed_id,cea_art_id) VALUES (303,2,16);
INSERT INTO magic_card_edition_artist (cea_ca_id,cea_ed_id,cea_art_id) VALUES (304,1,1);
INSERT INTO magic_card_edition_artist (cea_ca_id,cea_ed_id,cea_art_id) VALUES (305,2,15);
INSERT INTO magic_card_edition_artist (cea_ca_id,cea_ed_id,cea_art_id) VALUES (306,2,41);
INSERT INTO magic_card_edition_artist (cea_ca_id,cea_ed_id,cea_art_id) VALUES (307,1,17);
INSERT INTO magic_card_edition_artist (cea_ca_id,cea_ed_id,cea_art_id) VALUES (308,1,88);
INSERT INTO magic_card_edition_artist (cea_ca_id,cea_ed_id,cea_art_id) VALUES (309,2,15);
INSERT INTO magic_card_edition_artist (cea_ca_id,cea_ed_id,cea_art_id) VALUES (310,1,89);
INSERT INTO magic_card_edition_artist (cea_ca_id,cea_ed_id,cea_art_id) VALUES (311,2,19);
INSERT INTO magic_card_edition_artist (cea_ca_id,cea_ed_id,cea_art_id) VALUES (312,2,15);
INSERT INTO magic_card_edition_artist (cea_ca_id,cea_ed_id,cea_art_id) VALUES (313,1,67);
INSERT INTO magic_card_edition_artist (cea_ca_id,cea_ed_id,cea_art_id) VALUES (314,1,27);
INSERT INTO magic_card_edition_artist (cea_ca_id,cea_ed_id,cea_art_id) VALUES (315,2,70);
INSERT INTO magic_card_edition_artist (cea_ca_id,cea_ed_id,cea_art_id) VALUES (316,2,2);
INSERT INTO magic_card_edition_artist (cea_ca_id,cea_ed_id,cea_art_id) VALUES (317,2,50);
INSERT INTO magic_card_edition_artist (cea_ca_id,cea_ed_id,cea_art_id) VALUES (318,1,90);
INSERT INTO magic_card_edition_artist (cea_ca_id,cea_ed_id,cea_art_id) VALUES (319,1,65);
INSERT INTO magic_card_edition_artist (cea_ca_id,cea_ed_id,cea_art_id) VALUES (320,1,77);
INSERT INTO magic_card_edition_artist (cea_ca_id,cea_ed_id,cea_art_id) VALUES (321,1,88);
INSERT INTO magic_card_edition_artist (cea_ca_id,cea_ed_id,cea_art_id) VALUES (322,1,72);
INSERT INTO magic_card_edition_artist (cea_ca_id,cea_ed_id,cea_art_id) VALUES (323,1,27);
INSERT INTO magic_card_edition_artist (cea_ca_id,cea_ed_id,cea_art_id) VALUES (324,1,53);
INSERT INTO magic_card_edition_artist (cea_ca_id,cea_ed_id,cea_art_id) VALUES (325,1,91);
INSERT INTO magic_card_edition_artist (cea_ca_id,cea_ed_id,cea_art_id) VALUES (326,2,15);
INSERT INTO magic_card_edition_artist (cea_ca_id,cea_ed_id,cea_art_id) VALUES (327,2,6);
INSERT INTO magic_card_edition_artist (cea_ca_id,cea_ed_id,cea_art_id) VALUES (328,2,61);
INSERT INTO magic_card_edition_artist (cea_ca_id,cea_ed_id,cea_art_id) VALUES (329,2,5);
INSERT INTO magic_card_edition_artist (cea_ca_id,cea_ed_id,cea_art_id) VALUES (330,1,29);
INSERT INTO magic_card_edition_artist (cea_ca_id,cea_ed_id,cea_art_id) VALUES (331,2,2);
INSERT INTO magic_card_edition_artist (cea_ca_id,cea_ed_id,cea_art_id) VALUES (332,2,41);
INSERT INTO magic_card_edition_artist (cea_ca_id,cea_ed_id,cea_art_id) VALUES (333,2,44);
INSERT INTO magic_card_edition_artist (cea_ca_id,cea_ed_id,cea_art_id) VALUES (334,2,2);
INSERT INTO magic_card_edition_artist (cea_ca_id,cea_ed_id,cea_art_id) VALUES (335,2,41);
INSERT INTO magic_card_edition_artist (cea_ca_id,cea_ed_id,cea_art_id) VALUES (336,1,40);
INSERT INTO magic_card_edition_artist (cea_ca_id,cea_ed_id,cea_art_id) VALUES (337,2,14);
INSERT INTO magic_card_edition_artist (cea_ca_id,cea_ed_id,cea_art_id) VALUES (338,2,37);
INSERT INTO magic_card_edition_artist (cea_ca_id,cea_ed_id,cea_art_id) VALUES (339,1,82);
INSERT INTO magic_card_edition_artist (cea_ca_id,cea_ed_id,cea_art_id) VALUES (340,1,92);
INSERT INTO magic_card_edition_artist (cea_ca_id,cea_ed_id,cea_art_id) VALUES (341,2,10);
INSERT INTO magic_card_edition_artist (cea_ca_id,cea_ed_id,cea_art_id) VALUES (342,1,33);
INSERT INTO magic_card_edition_artist (cea_ca_id,cea_ed_id,cea_art_id) VALUES (343,2,22);
INSERT INTO magic_card_edition_artist (cea_ca_id,cea_ed_id,cea_art_id) VALUES (344,2,70);
INSERT INTO magic_card_edition_artist (cea_ca_id,cea_ed_id,cea_art_id) VALUES (345,1,35);
INSERT INTO magic_card_edition_artist (cea_ca_id,cea_ed_id,cea_art_id) VALUES (346,2,32);
INSERT INTO magic_card_edition_artist (cea_ca_id,cea_ed_id,cea_art_id) VALUES (347,2,2);
INSERT INTO magic_card_edition_artist (cea_ca_id,cea_ed_id,cea_art_id) VALUES (348,2,6);
INSERT INTO magic_card_edition_artist (cea_ca_id,cea_ed_id,cea_art_id) VALUES (349,1,93);
INSERT INTO magic_card_edition_artist (cea_ca_id,cea_ed_id,cea_art_id) VALUES (350,1,43);
INSERT INTO magic_card_edition_artist (cea_ca_id,cea_ed_id,cea_art_id) VALUES (351,1,40);
INSERT INTO magic_card_edition_artist (cea_ca_id,cea_ed_id,cea_art_id) VALUES (352,1,94);
INSERT INTO magic_card_edition_artist (cea_ca_id,cea_ed_id,cea_art_id) VALUES (353,2,95);
INSERT INTO magic_card_edition_artist (cea_ca_id,cea_ed_id,cea_art_id) VALUES (354,2,16);
INSERT INTO magic_card_edition_artist (cea_ca_id,cea_ed_id,cea_art_id) VALUES (355,1,90);
INSERT INTO magic_card_edition_artist (cea_ca_id,cea_ed_id,cea_art_id) VALUES (356,1,84);
INSERT INTO magic_card_edition_artist (cea_ca_id,cea_ed_id,cea_art_id) VALUES (357,2,22);
INSERT INTO magic_card_edition_artist (cea_ca_id,cea_ed_id,cea_art_id) VALUES (358,2,21);
INSERT INTO magic_card_edition_artist (cea_ca_id,cea_ed_id,cea_art_id) VALUES (359,1,24);
INSERT INTO magic_card_edition_artist (cea_ca_id,cea_ed_id,cea_art_id) VALUES (360,2,14);
INSERT INTO magic_card_edition_artist (cea_ca_id,cea_ed_id,cea_art_id) VALUES (360,1,2);
INSERT INTO magic_card_edition_artist (cea_ca_id,cea_ed_id,cea_art_id) VALUES (360,1,12);
INSERT INTO magic_card_edition_artist (cea_ca_id,cea_ed_id,cea_art_id) VALUES (360,1,52);
INSERT INTO magic_card_edition_artist (cea_ca_id,cea_ed_id,cea_art_id) VALUES (360,1,75);
INSERT INTO magic_card_edition_artist (cea_ca_id,cea_ed_id,cea_art_id) VALUES (361,1,69);
INSERT INTO magic_card_edition_artist (cea_ca_id,cea_ed_id,cea_art_id) VALUES (362,2,13);
INSERT INTO magic_card_edition_artist (cea_ca_id,cea_ed_id,cea_art_id) VALUES (363,1,40);
INSERT INTO magic_card_edition_artist (cea_ca_id,cea_ed_id,cea_art_id) VALUES (364,1,67);
INSERT INTO magic_card_edition_artist (cea_ca_id,cea_ed_id,cea_art_id) VALUES (365,1,62);
INSERT INTO magic_card_edition_artist (cea_ca_id,cea_ed_id,cea_art_id) VALUES (366,1,25);
INSERT INTO magic_card_edition_artist (cea_ca_id,cea_ed_id,cea_art_id) VALUES (367,1,25);
INSERT INTO magic_card_edition_artist (cea_ca_id,cea_ed_id,cea_art_id) VALUES (368,1,73);
INSERT INTO magic_card_edition_artist (cea_ca_id,cea_ed_id,cea_art_id) VALUES (369,2,41);
INSERT INTO magic_card_edition_artist (cea_ca_id,cea_ed_id,cea_art_id) VALUES (370,1,62);
INSERT INTO magic_card_edition_artist (cea_ca_id,cea_ed_id,cea_art_id) VALUES (371,1,1);
INSERT INTO magic_card_edition_artist (cea_ca_id,cea_ed_id,cea_art_id) VALUES (372,1,29);
INSERT INTO magic_card_edition_artist (cea_ca_id,cea_ed_id,cea_art_id) VALUES (373,2,41);
INSERT INTO magic_card_edition_artist (cea_ca_id,cea_ed_id,cea_art_id) VALUES (374,1,93);
INSERT INTO magic_card_edition_artist (cea_ca_id,cea_ed_id,cea_art_id) VALUES (375,1,82);
INSERT INTO magic_card_edition_artist (cea_ca_id,cea_ed_id,cea_art_id) VALUES (376,1,9);
INSERT INTO magic_card_edition_artist (cea_ca_id,cea_ed_id,cea_art_id) VALUES (377,2,2);
INSERT INTO magic_card_edition_artist (cea_ca_id,cea_ed_id,cea_art_id) VALUES (378,2,70);
INSERT INTO magic_card_edition_artist (cea_ca_id,cea_ed_id,cea_art_id) VALUES (379,1,24);
INSERT INTO magic_card_edition_artist (cea_ca_id,cea_ed_id,cea_art_id) VALUES (380,1,92);
INSERT INTO magic_card_edition_artist (cea_ca_id,cea_ed_id,cea_art_id) VALUES (381,1,92);
INSERT INTO magic_card_edition_artist (cea_ca_id,cea_ed_id,cea_art_id) VALUES (382,1,69);
INSERT INTO magic_card_edition_artist (cea_ca_id,cea_ed_id,cea_art_id) VALUES (383,1,92);
INSERT INTO magic_card_edition_artist (cea_ca_id,cea_ed_id,cea_art_id) VALUES (384,1,92);
INSERT INTO magic_card_edition_artist (cea_ca_id,cea_ed_id,cea_art_id) VALUES (385,2,14);
INSERT INTO magic_card_edition_artist (cea_ca_id,cea_ed_id,cea_art_id) VALUES (386,1,26);
INSERT INTO magic_card_edition_artist (cea_ca_id,cea_ed_id,cea_art_id) VALUES (387,2,17);
INSERT INTO magic_card_edition_artist (cea_ca_id,cea_ed_id,cea_art_id) VALUES (388,1,8);
INSERT INTO magic_card_edition_artist (cea_ca_id,cea_ed_id,cea_art_id) VALUES (389,2,19);
INSERT INTO magic_card_edition_artist (cea_ca_id,cea_ed_id,cea_art_id) VALUES (390,1,90);
INSERT INTO magic_card_edition_artist (cea_ca_id,cea_ed_id,cea_art_id) VALUES (391,1,7);
INSERT INTO magic_card_edition_artist (cea_ca_id,cea_ed_id,cea_art_id) VALUES (392,1,38);
INSERT INTO magic_card_edition_artist (cea_ca_id,cea_ed_id,cea_art_id) VALUES (393,2,15);
INSERT INTO magic_card_edition_artist (cea_ca_id,cea_ed_id,cea_art_id) VALUES (394,2,15);
INSERT INTO magic_card_edition_artist (cea_ca_id,cea_ed_id,cea_art_id) VALUES (395,2,5);
INSERT INTO magic_card_edition_artist (cea_ca_id,cea_ed_id,cea_art_id) VALUES (396,2,16);
INSERT INTO magic_card_edition_artist (cea_ca_id,cea_ed_id,cea_art_id) VALUES (396,1,96);
INSERT INTO magic_card_edition_artist (cea_ca_id,cea_ed_id,cea_art_id) VALUES (397,2,5);
INSERT INTO magic_card_edition_artist (cea_ca_id,cea_ed_id,cea_art_id) VALUES (398,1,84);
INSERT INTO magic_card_edition_artist (cea_ca_id,cea_ed_id,cea_art_id) VALUES (399,2,15);
INSERT INTO magic_card_edition_artist (cea_ca_id,cea_ed_id,cea_art_id) VALUES (400,1,34);
INSERT INTO magic_card_edition_artist (cea_ca_id,cea_ed_id,cea_art_id) VALUES (401,2,97);
INSERT INTO magic_card_edition_artist (cea_ca_id,cea_ed_id,cea_art_id) VALUES (402,1,67);
INSERT INTO magic_card_edition_artist (cea_ca_id,cea_ed_id,cea_art_id) VALUES (403,2,86);
INSERT INTO magic_card_edition_artist (cea_ca_id,cea_ed_id,cea_art_id) VALUES (404,2,19);
INSERT INTO magic_card_edition_artist (cea_ca_id,cea_ed_id,cea_art_id) VALUES (405,1,29);
INSERT INTO magic_card_edition_artist (cea_ca_id,cea_ed_id,cea_art_id) VALUES (406,2,21);
INSERT INTO magic_card_edition_artist (cea_ca_id,cea_ed_id,cea_art_id) VALUES (407,2,44);
INSERT INTO magic_card_edition_artist (cea_ca_id,cea_ed_id,cea_art_id) VALUES (408,2,19);
INSERT INTO magic_card_edition_artist (cea_ca_id,cea_ed_id,cea_art_id) VALUES (409,2,21);
INSERT INTO magic_card_edition_artist (cea_ca_id,cea_ed_id,cea_art_id) VALUES (410,2,74);
INSERT INTO magic_card_edition_artist (cea_ca_id,cea_ed_id,cea_art_id) VALUES (411,2,42);
INSERT INTO magic_card_edition_artist (cea_ca_id,cea_ed_id,cea_art_id) VALUES (412,2,83);
INSERT INTO magic_card_edition_artist (cea_ca_id,cea_ed_id,cea_art_id) VALUES (413,2,15);
INSERT INTO magic_card_edition_artist (cea_ca_id,cea_ed_id,cea_art_id) VALUES (414,2,19);
INSERT INTO magic_card_edition_artist (cea_ca_id,cea_ed_id,cea_art_id) VALUES (414,1,2);
INSERT INTO magic_card_edition_artist (cea_ca_id,cea_ed_id,cea_art_id) VALUES (414,1,12);
INSERT INTO magic_card_edition_artist (cea_ca_id,cea_ed_id,cea_art_id) VALUES (414,1,52);
INSERT INTO magic_card_edition_artist (cea_ca_id,cea_ed_id,cea_art_id) VALUES (414,1,75);
INSERT INTO magic_card_edition_artist (cea_ca_id,cea_ed_id,cea_art_id) VALUES (415,1,98);
INSERT INTO magic_card_edition_artist (cea_ca_id,cea_ed_id,cea_art_id) VALUES (416,1,39);
INSERT INTO magic_card_edition_artist (cea_ca_id,cea_ed_id,cea_art_id) VALUES (417,1,87);
INSERT INTO magic_card_edition_artist (cea_ca_id,cea_ed_id,cea_art_id) VALUES (418,2,13);
INSERT INTO magic_card_edition_artist (cea_ca_id,cea_ed_id,cea_art_id) VALUES (419,2,3);
INSERT INTO magic_card_edition_artist (cea_ca_id,cea_ed_id,cea_art_id) VALUES (420,2,14);
INSERT INTO magic_card_edition_artist (cea_ca_id,cea_ed_id,cea_art_id) VALUES (421,2,10);
INSERT INTO magic_card_edition_artist (cea_ca_id,cea_ed_id,cea_art_id) VALUES (422,1,76);
INSERT INTO magic_card_edition_artist (cea_ca_id,cea_ed_id,cea_art_id) VALUES (423,2,32);
INSERT INTO magic_card_edition_artist (cea_ca_id,cea_ed_id,cea_art_id) VALUES (424,2,14);
INSERT INTO magic_card_edition_artist (cea_ca_id,cea_ed_id,cea_art_id) VALUES (425,1,55);
INSERT INTO magic_card_edition_artist (cea_ca_id,cea_ed_id,cea_art_id) VALUES (426,1,73);
INSERT INTO magic_card_edition_artist (cea_ca_id,cea_ed_id,cea_art_id) VALUES (427,2,79);
INSERT INTO magic_card_edition_artist (cea_ca_id,cea_ed_id,cea_art_id) VALUES (428,1,76);
INSERT INTO magic_card_edition_artist (cea_ca_id,cea_ed_id,cea_art_id) VALUES (429,2,17);
INSERT INTO magic_card_edition_artist (cea_ca_id,cea_ed_id,cea_art_id) VALUES (430,1,88);
INSERT INTO magic_card_edition_artist (cea_ca_id,cea_ed_id,cea_art_id) VALUES (431,2,49);
INSERT INTO magic_card_edition_artist (cea_ca_id,cea_ed_id,cea_art_id) VALUES (432,1,1);
INSERT INTO magic_card_edition_artist (cea_ca_id,cea_ed_id,cea_art_id) VALUES (433,2,15);
INSERT INTO magic_card_edition_artist (cea_ca_id,cea_ed_id,cea_art_id) VALUES (434,1,76);
INSERT INTO magic_card_edition_artist (cea_ca_id,cea_ed_id,cea_art_id) VALUES (435,1,73);
INSERT INTO magic_card_edition_artist (cea_ca_id,cea_ed_id,cea_art_id) VALUES (436,2,41);
INSERT INTO magic_card_edition_artist (cea_ca_id,cea_ed_id,cea_art_id) VALUES (437,2,56);
INSERT INTO magic_card_edition_artist (cea_ca_id,cea_ed_id,cea_art_id) VALUES (438,2,22);
INSERT INTO magic_card_edition_artist (cea_ca_id,cea_ed_id,cea_art_id) VALUES (439,1,30);
INSERT INTO magic_card_edition_artist (cea_ca_id,cea_ed_id,cea_art_id) VALUES (440,1,37);
INSERT INTO magic_card_edition_artist (cea_ca_id,cea_ed_id,cea_art_id) VALUES (441,2,2);
INSERT INTO magic_card_edition_artist (cea_ca_id,cea_ed_id,cea_art_id) VALUES (442,2,3);
INSERT INTO magic_card_edition_artist (cea_ca_id,cea_ed_id,cea_art_id) VALUES (443,2,2);
INSERT INTO magic_card_edition_artist (cea_ca_id,cea_ed_id,cea_art_id) VALUES (444,2,5);
INSERT INTO magic_card_edition_artist (cea_ca_id,cea_ed_id,cea_art_id) VALUES (445,2,10);
INSERT INTO magic_card_edition_artist (cea_ca_id,cea_ed_id,cea_art_id) VALUES (446,1,68);
INSERT INTO magic_card_edition_artist (cea_ca_id,cea_ed_id,cea_art_id) VALUES (447,1,39);
INSERT INTO magic_card_edition_artist (cea_ca_id,cea_ed_id,cea_art_id) VALUES (448,1,45);
INSERT INTO magic_card_edition_artist (cea_ca_id,cea_ed_id,cea_art_id) VALUES (449,2,41);
INSERT INTO magic_card_edition_artist (cea_ca_id,cea_ed_id,cea_art_id) VALUES (450,2,44);
INSERT INTO magic_card_edition_artist (cea_ca_id,cea_ed_id,cea_art_id) VALUES (451,2,14);
INSERT INTO magic_card_edition_artist (cea_ca_id,cea_ed_id,cea_art_id) VALUES (452,1,36);
INSERT INTO magic_card_edition_artist (cea_ca_id,cea_ed_id,cea_art_id) VALUES (453,2,41);
INSERT INTO magic_card_edition_artist (cea_ca_id,cea_ed_id,cea_art_id) VALUES (454,2,42);
INSERT INTO magic_card_edition_artist (cea_ca_id,cea_ed_id,cea_art_id) VALUES (455,1,27);
INSERT INTO magic_card_edition_artist (cea_ca_id,cea_ed_id,cea_art_id) VALUES (456,1,51);
INSERT INTO magic_card_edition_artist (cea_ca_id,cea_ed_id,cea_art_id) VALUES (457,1,17);
INSERT INTO magic_card_edition_artist (cea_ca_id,cea_ed_id,cea_art_id) VALUES (458,1,51);
INSERT INTO magic_card_edition_artist (cea_ca_id,cea_ed_id,cea_art_id) VALUES (459,2,42);
INSERT INTO magic_card_edition_artist (cea_ca_id,cea_ed_id,cea_art_id) VALUES (460,2,17);
INSERT INTO magic_card_edition_artist (cea_ca_id,cea_ed_id,cea_art_id) VALUES (461,2,56);
INSERT INTO magic_card_edition_artist (cea_ca_id,cea_ed_id,cea_art_id) VALUES (462,1,82);
INSERT INTO magic_card_edition_artist (cea_ca_id,cea_ed_id,cea_art_id) VALUES (463,2,19);
INSERT INTO magic_card_edition_artist (cea_ca_id,cea_ed_id,cea_art_id) VALUES (464,2,22);
INSERT INTO magic_card_edition_artist (cea_ca_id,cea_ed_id,cea_art_id) VALUES (465,1,54);
INSERT INTO magic_card_edition_artist (cea_ca_id,cea_ed_id,cea_art_id) VALUES (466,2,16);
INSERT INTO magic_card_edition_artist (cea_ca_id,cea_ed_id,cea_art_id) VALUES (467,1,90);
INSERT INTO magic_card_edition_artist (cea_ca_id,cea_ed_id,cea_art_id) VALUES (468,1,36);
INSERT INTO magic_card_edition_artist (cea_ca_id,cea_ed_id,cea_art_id) VALUES (469,2,22);
INSERT INTO magic_card_edition_artist (cea_ca_id,cea_ed_id,cea_art_id) VALUES (470,1,75);
INSERT INTO magic_card_edition_artist (cea_ca_id,cea_ed_id,cea_art_id) VALUES (471,1,67);
INSERT INTO magic_card_edition_artist (cea_ca_id,cea_ed_id,cea_art_id) VALUES (472,2,21);
INSERT INTO magic_card_edition_artist (cea_ca_id,cea_ed_id,cea_art_id) VALUES (473,1,52);
INSERT INTO magic_card_edition_artist (cea_ca_id,cea_ed_id,cea_art_id) VALUES (474,2,70);
INSERT INTO magic_card_edition_artist (cea_ca_id,cea_ed_id,cea_art_id) VALUES (475,2,15);
INSERT INTO magic_card_edition_artist (cea_ca_id,cea_ed_id,cea_art_id) VALUES (476,2,14);
INSERT INTO magic_card_edition_artist (cea_ca_id,cea_ed_id,cea_art_id) VALUES (477,1,99);
INSERT INTO magic_card_edition_artist (cea_ca_id,cea_ed_id,cea_art_id) VALUES (478,2,15);
INSERT INTO magic_card_edition_artist (cea_ca_id,cea_ed_id,cea_art_id) VALUES (479,2,5);
INSERT INTO magic_card_edition_artist (cea_ca_id,cea_ed_id,cea_art_id) VALUES (480,1,36);
INSERT INTO magic_card_edition_artist (cea_ca_id,cea_ed_id,cea_art_id) VALUES (481,2,16);
INSERT INTO magic_card_edition_artist (cea_ca_id,cea_ed_id,cea_art_id) VALUES (481,1,20);
INSERT INTO magic_card_edition_artist (cea_ca_id,cea_ed_id,cea_art_id) VALUES (482,2,70);
INSERT INTO magic_card_edition_artist (cea_ca_id,cea_ed_id,cea_art_id) VALUES (483,1,25);
INSERT INTO magic_card_edition_artist (cea_ca_id,cea_ed_id,cea_art_id) VALUES (484,1,55);
INSERT INTO magic_card_edition_artist (cea_ca_id,cea_ed_id,cea_art_id) VALUES (485,2,21);
INSERT INTO magic_card_edition_artist (cea_ca_id,cea_ed_id,cea_art_id) VALUES (486,2,6);
INSERT INTO magic_card_edition_artist (cea_ca_id,cea_ed_id,cea_art_id) VALUES (487,2,15);
INSERT INTO magic_card_edition_artist (cea_ca_id,cea_ed_id,cea_art_id) VALUES (488,2,19);
INSERT INTO magic_card_edition_artist (cea_ca_id,cea_ed_id,cea_art_id) VALUES (489,1,34);
INSERT INTO magic_card_edition_artist (cea_ca_id,cea_ed_id,cea_art_id) VALUES (490,1,33);
INSERT INTO magic_card_edition_artist (cea_ca_id,cea_ed_id,cea_art_id) VALUES (491,1,36);
INSERT INTO magic_card_edition_artist (cea_ca_id,cea_ed_id,cea_art_id) VALUES (492,1,98);
INSERT INTO magic_card_edition_artist (cea_ca_id,cea_ed_id,cea_art_id) VALUES (493,2,21);
INSERT INTO magic_card_edition_artist (cea_ca_id,cea_ed_id,cea_art_id) VALUES (494,1,98);
INSERT INTO magic_card_edition_artist (cea_ca_id,cea_ed_id,cea_art_id) VALUES (495,1,98);
INSERT INTO magic_card_edition_artist (cea_ca_id,cea_ed_id,cea_art_id) VALUES (496,1,98);
INSERT INTO magic_card_edition_artist (cea_ca_id,cea_ed_id,cea_art_id) VALUES (497,1,98);
INSERT INTO magic_card_edition_artist (cea_ca_id,cea_ed_id,cea_art_id) VALUES (498,1,98);
INSERT INTO magic_card_edition_artist (cea_ca_id,cea_ed_id,cea_art_id) VALUES (499,2,19);
INSERT INTO magic_card_edition_artist (cea_ca_id,cea_ed_id,cea_art_id) VALUES (500,1,25);
INSERT INTO magic_card_edition_artist (cea_ca_id,cea_ed_id,cea_art_id) VALUES (501,1,69);
INSERT INTO magic_card_edition_artist (cea_ca_id,cea_ed_id,cea_art_id) VALUES (502,1,67);
INSERT INTO magic_card_edition_artist (cea_ca_id,cea_ed_id,cea_art_id) VALUES (503,1,92);
INSERT INTO magic_card_edition_artist (cea_ca_id,cea_ed_id,cea_art_id) VALUES (504,2,32);
INSERT INTO magic_card_edition_artist (cea_ca_id,cea_ed_id,cea_art_id) VALUES (505,1,51);
INSERT INTO magic_card_edition_artist (cea_ca_id,cea_ed_id,cea_art_id) VALUES (506,2,44);
INSERT INTO magic_card_edition_artist (cea_ca_id,cea_ed_id,cea_art_id) VALUES (507,1,100);
INSERT INTO magic_card_edition_artist (cea_ca_id,cea_ed_id,cea_art_id) VALUES (508,2,17);
INSERT INTO magic_card_edition_artist (cea_ca_id,cea_ed_id,cea_art_id) VALUES (509,1,101);
INSERT INTO magic_card_edition_artist (cea_ca_id,cea_ed_id,cea_art_id) VALUES (510,1,102);
INSERT INTO magic_card_edition_artist (cea_ca_id,cea_ed_id,cea_art_id) VALUES (511,1,82);
INSERT INTO magic_card_edition_artist (cea_ca_id,cea_ed_id,cea_art_id) VALUES (512,2,32);
INSERT INTO magic_card_edition_artist (cea_ca_id,cea_ed_id,cea_art_id) VALUES (513,2,57);
INSERT INTO magic_card_edition_artist (cea_ca_id,cea_ed_id,cea_art_id) VALUES (514,1,54);
INSERT INTO magic_card_edition_artist (cea_ca_id,cea_ed_id,cea_art_id) VALUES (515,1,103);
INSERT INTO magic_card_edition_artist (cea_ca_id,cea_ed_id,cea_art_id) VALUES (516,2,104);
INSERT INTO magic_card_edition_artist (cea_ca_id,cea_ed_id,cea_art_id) VALUES (517,2,16);
INSERT INTO magic_card_edition_artist (cea_ca_id,cea_ed_id,cea_art_id) VALUES (518,1,103);
INSERT INTO magic_card_edition_artist (cea_ca_id,cea_ed_id,cea_art_id) VALUES (519,2,44);
INSERT INTO magic_card_edition_artist (cea_ca_id,cea_ed_id,cea_art_id) VALUES (520,2,56);
INSERT INTO magic_card_edition_artist (cea_ca_id,cea_ed_id,cea_art_id) VALUES (521,2,21);
INSERT INTO magic_card_edition_artist (cea_ca_id,cea_ed_id,cea_art_id) VALUES (522,2,56);
INSERT INTO magic_card_edition_artist (cea_ca_id,cea_ed_id,cea_art_id) VALUES (523,1,20);
INSERT INTO magic_card_edition_artist (cea_ca_id,cea_ed_id,cea_art_id) VALUES (524,1,1);
INSERT INTO magic_card_edition_artist (cea_ca_id,cea_ed_id,cea_art_id) VALUES (525,2,5);
INSERT INTO magic_card_edition_artist (cea_ca_id,cea_ed_id,cea_art_id) VALUES (526,2,19);
INSERT INTO magic_card_edition_artist (cea_ca_id,cea_ed_id,cea_art_id) VALUES (527,2,5);
INSERT INTO magic_card_edition_artist (cea_ca_id,cea_ed_id,cea_art_id) VALUES (527,1,2);
INSERT INTO magic_card_edition_artist (cea_ca_id,cea_ed_id,cea_art_id) VALUES (527,1,12);
INSERT INTO magic_card_edition_artist (cea_ca_id,cea_ed_id,cea_art_id) VALUES (527,1,52);
INSERT INTO magic_card_edition_artist (cea_ca_id,cea_ed_id,cea_art_id) VALUES (527,1,75);
INSERT INTO magic_card_edition_artist (cea_ca_id,cea_ed_id,cea_art_id) VALUES (528,1,48);
INSERT INTO magic_card_edition_artist (cea_ca_id,cea_ed_id,cea_art_id) VALUES (529,2,22);
INSERT INTO magic_card_edition_artist (cea_ca_id,cea_ed_id,cea_art_id) VALUES (530,2,4);
INSERT INTO magic_card_edition_artist (cea_ca_id,cea_ed_id,cea_art_id) VALUES (531,1,27);
INSERT INTO magic_card_edition_artist (cea_ca_id,cea_ed_id,cea_art_id) VALUES (532,1,96);
INSERT INTO magic_card_edition_artist (cea_ca_id,cea_ed_id,cea_art_id) VALUES (533,1,87);
INSERT INTO magic_card_edition_artist (cea_ca_id,cea_ed_id,cea_art_id) VALUES (534,1,58);
INSERT INTO magic_card_edition_artist (cea_ca_id,cea_ed_id,cea_art_id) VALUES (535,1,58);
INSERT INTO magic_card_edition_artist (cea_ca_id,cea_ed_id,cea_art_id) VALUES (536,1,58);
INSERT INTO magic_card_edition_artist (cea_ca_id,cea_ed_id,cea_art_id) VALUES (537,1,58);
INSERT INTO magic_card_edition_artist (cea_ca_id,cea_ed_id,cea_art_id) VALUES (538,1,58);
INSERT INTO magic_card_edition_artist (cea_ca_id,cea_ed_id,cea_art_id) VALUES (539,1,105);
INSERT INTO magic_card_edition_artist (cea_ca_id,cea_ed_id,cea_art_id) VALUES (540,1,96);
INSERT INTO magic_card_edition_artist (cea_ca_id,cea_ed_id,cea_art_id) VALUES (541,2,14);
INSERT INTO magic_card_edition_artist (cea_ca_id,cea_ed_id,cea_art_id) VALUES (542,2,5);
INSERT INTO magic_card_edition_artist (cea_ca_id,cea_ed_id,cea_art_id) VALUES (543,1,106);
INSERT INTO magic_card_edition_artist (cea_ca_id,cea_ed_id,cea_art_id) VALUES (544,1,91);
INSERT INTO magic_card_edition_artist (cea_ca_id,cea_ed_id,cea_art_id) VALUES (545,1,98);
INSERT INTO magic_card_edition_artist (cea_ca_id,cea_ed_id,cea_art_id) VALUES (546,1,38);
INSERT INTO magic_card_edition_artist (cea_ca_id,cea_ed_id,cea_art_id) VALUES (547,2,63);
INSERT INTO magic_card_edition_artist (cea_ca_id,cea_ed_id,cea_art_id) VALUES (548,1,31);
INSERT INTO magic_card_edition_artist (cea_ca_id,cea_ed_id,cea_art_id) VALUES (549,1,24);
INSERT INTO magic_card_edition_artist (cea_ca_id,cea_ed_id,cea_art_id) VALUES (550,2,37);
INSERT INTO magic_card_edition_artist (cea_ca_id,cea_ed_id,cea_art_id) VALUES (550,1,24);
INSERT INTO magic_card_edition_artist (cea_ca_id,cea_ed_id,cea_art_id) VALUES (551,2,2);
INSERT INTO magic_card_edition_artist (cea_ca_id,cea_ed_id,cea_art_id) VALUES (552,2,21);
INSERT INTO magic_card_edition_artist (cea_ca_id,cea_ed_id,cea_art_id) VALUES (553,2,49);
INSERT INTO magic_card_edition_artist (cea_ca_id,cea_ed_id,cea_art_id) VALUES (554,2,3);
INSERT INTO magic_card_edition_artist (cea_ca_id,cea_ed_id,cea_art_id) VALUES (555,2,5);
INSERT INTO magic_card_edition_artist (cea_ca_id,cea_ed_id,cea_art_id) VALUES (556,1,40);
INSERT INTO magic_card_edition_artist (cea_ca_id,cea_ed_id,cea_art_id) VALUES (557,1,43);
INSERT INTO magic_card_edition_artist (cea_ca_id,cea_ed_id,cea_art_id) VALUES (558,1,23);
INSERT INTO magic_card_edition_artist (cea_ca_id,cea_ed_id,cea_art_id) VALUES (559,2,21);
INSERT INTO magic_card_edition_artist (cea_ca_id,cea_ed_id,cea_art_id) VALUES (560,2,15);
INSERT INTO magic_card_edition_artist (cea_ca_id,cea_ed_id,cea_art_id) VALUES (561,2,70);
INSERT INTO magic_card_edition_artist (cea_ca_id,cea_ed_id,cea_art_id) VALUES (562,2,16);
INSERT INTO magic_card_edition_artist (cea_ca_id,cea_ed_id,cea_art_id) VALUES (563,1,7);
INSERT INTO magic_card_edition_artist (cea_ca_id,cea_ed_id,cea_art_id) VALUES (564,2,107);
INSERT INTO magic_card_edition_artist (cea_ca_id,cea_ed_id,cea_art_id) VALUES (565,1,29);
INSERT INTO magic_card_edition_artist (cea_ca_id,cea_ed_id,cea_art_id) VALUES (566,1,23);
INSERT INTO magic_card_edition_artist (cea_ca_id,cea_ed_id,cea_art_id) VALUES (567,1,82);
INSERT INTO magic_card_edition_artist (cea_ca_id,cea_ed_id,cea_art_id) VALUES (568,1,67);
INSERT INTO magic_card_edition_artist (cea_ca_id,cea_ed_id,cea_art_id) VALUES (569,1,75);
INSERT INTO magic_card_edition_artist (cea_ca_id,cea_ed_id,cea_art_id) VALUES (570,1,36);
INSERT INTO magic_card_edition_artist (cea_ca_id,cea_ed_id,cea_art_id) VALUES (571,1,43);
INSERT INTO magic_card_edition_artist (cea_ca_id,cea_ed_id,cea_art_id) VALUES (572,2,14);
INSERT INTO magic_card_edition_artist (cea_ca_id,cea_ed_id,cea_art_id) VALUES (573,1,71);
INSERT INTO magic_card_edition_artist (cea_ca_id,cea_ed_id,cea_art_id) VALUES (574,1,75);
INSERT INTO magic_card_edition_artist (cea_ca_id,cea_ed_id,cea_art_id) VALUES (575,2,14);
INSERT INTO magic_card_edition_artist (cea_ca_id,cea_ed_id,cea_art_id) VALUES (575,1,47);
INSERT INTO magic_card_edition_artist (cea_ca_id,cea_ed_id,cea_art_id) VALUES (576,1,24);
INSERT INTO magic_card_edition_artist (cea_ca_id,cea_ed_id,cea_art_id) VALUES (577,1,106);
INSERT INTO magic_card_edition_artist (cea_ca_id,cea_ed_id,cea_art_id) VALUES (578,2,3);
INSERT INTO magic_card_edition_artist (cea_ca_id,cea_ed_id,cea_art_id) VALUES (579,2,10);
INSERT INTO magic_card_edition_artist (cea_ca_id,cea_ed_id,cea_art_id) VALUES (580,2,5);
INSERT INTO magic_card_edition_artist (cea_ca_id,cea_ed_id,cea_art_id) VALUES (581,1,31);
INSERT INTO magic_card_edition_artist (cea_ca_id,cea_ed_id,cea_art_id) VALUES (582,2,12);
INSERT INTO magic_card_edition_artist (cea_ca_id,cea_ed_id,cea_art_id) VALUES (583,2,56);
INSERT INTO magic_card_edition_artist (cea_ca_id,cea_ed_id,cea_art_id) VALUES (584,2,14);
INSERT INTO magic_card_edition_artist (cea_ca_id,cea_ed_id,cea_art_id) VALUES (585,2,14);
INSERT INTO magic_card_edition_artist (cea_ca_id,cea_ed_id,cea_art_id) VALUES (586,2,14);
INSERT INTO magic_card_edition_artist (cea_ca_id,cea_ed_id,cea_art_id) VALUES (587,2,63);
INSERT INTO magic_card_edition_artist (cea_ca_id,cea_ed_id,cea_art_id) VALUES (588,2,16);
INSERT INTO magic_card_edition_artist (cea_ca_id,cea_ed_id,cea_art_id) VALUES (589,2,14);
INSERT INTO magic_card_edition_artist (cea_ca_id,cea_ed_id,cea_art_id) VALUES (590,2,15);
INSERT INTO magic_card_edition_artist (cea_ca_id,cea_ed_id,cea_art_id) VALUES (591,1,12);
INSERT INTO magic_card_edition_artist (cea_ca_id,cea_ed_id,cea_art_id) VALUES (592,1,55);
INSERT INTO magic_card_edition_artist (cea_ca_id,cea_ed_id,cea_art_id) VALUES (593,2,42);
INSERT INTO magic_card_edition_artist (cea_ca_id,cea_ed_id,cea_art_id) VALUES (594,2,86);
INSERT INTO magic_card_edition_artist (cea_ca_id,cea_ed_id,cea_art_id) VALUES (595,1,9);
INSERT INTO magic_card_edition_artist (cea_ca_id,cea_ed_id,cea_art_id) VALUES (596,1,9);
INSERT INTO magic_card_edition_artist (cea_ca_id,cea_ed_id,cea_art_id) VALUES (597,1,88);
INSERT INTO magic_card_edition_artist (cea_ca_id,cea_ed_id,cea_art_id) VALUES (598,1,27);
INSERT INTO magic_card_edition_artist (cea_ca_id,cea_ed_id,cea_art_id) VALUES (599,2,63);
INSERT INTO magic_card_edition_artist (cea_ca_id,cea_ed_id,cea_art_id) VALUES (600,2,14);
INSERT INTO magic_card_edition_artist (cea_ca_id,cea_ed_id,cea_art_id) VALUES (601,1,35);
INSERT INTO magic_card_edition_artist (cea_ca_id,cea_ed_id,cea_art_id) VALUES (602,1,81);
INSERT INTO magic_card_edition_artist (cea_ca_id,cea_ed_id,cea_art_id) VALUES (603,1,55);
INSERT INTO magic_card_edition_artist (cea_ca_id,cea_ed_id,cea_art_id) VALUES (604,1,33);
INSERT INTO magic_card_edition_artist (cea_ca_id,cea_ed_id,cea_art_id) VALUES (605,1,108);
INSERT INTO magic_card_edition_artist (cea_ca_id,cea_ed_id,cea_art_id) VALUES (606,1,30);
INSERT INTO magic_card_edition_artist (cea_ca_id,cea_ed_id,cea_art_id) VALUES (607,2,3);
INSERT INTO magic_card_edition_artist (cea_ca_id,cea_ed_id,cea_art_id) VALUES (608,1,76);
INSERT INTO magic_card_edition_artist (cea_ca_id,cea_ed_id,cea_art_id) VALUES (609,2,15);
INSERT INTO magic_card_edition_artist (cea_ca_id,cea_ed_id,cea_art_id) VALUES (610,2,15);
INSERT INTO magic_card_edition_artist (cea_ca_id,cea_ed_id,cea_art_id) VALUES (611,2,3);
INSERT INTO magic_card_edition_artist (cea_ca_id,cea_ed_id,cea_art_id) VALUES (612,2,3);
INSERT INTO magic_card_edition_artist (cea_ca_id,cea_ed_id,cea_art_id) VALUES (613,2,3);
INSERT INTO magic_card_edition_artist (cea_ca_id,cea_ed_id,cea_art_id) VALUES (614,2,49);
INSERT INTO magic_card_edition_artist (cea_ca_id,cea_ed_id,cea_art_id) VALUES (615,2,5);
INSERT INTO magic_card_edition_artist (cea_ca_id,cea_ed_id,cea_art_id) VALUES (616,2,2);
INSERT INTO magic_card_edition_artist (cea_ca_id,cea_ed_id,cea_art_id) VALUES (617,2,3);
INSERT INTO magic_card_edition_artist (cea_ca_id,cea_ed_id,cea_art_id) VALUES (618,2,2);
INSERT INTO magic_card_edition_artist (cea_ca_id,cea_ed_id,cea_art_id) VALUES (619,1,101);
INSERT INTO magic_card_edition_artist (cea_ca_id,cea_ed_id,cea_art_id) VALUES (620,2,97);
INSERT INTO magic_card_edition_artist (cea_ca_id,cea_ed_id,cea_art_id) VALUES (621,1,89);
INSERT INTO magic_card_edition_artist (cea_ca_id,cea_ed_id,cea_art_id) VALUES (622,2,22);
INSERT INTO magic_card_edition_artist (cea_ca_id,cea_ed_id,cea_art_id) VALUES (623,2,16);
INSERT INTO magic_card_edition_artist (cea_ca_id,cea_ed_id,cea_art_id) VALUES (624,2,22);
INSERT INTO magic_card_edition_artist (cea_ca_id,cea_ed_id,cea_art_id) VALUES (625,2,14);
INSERT INTO magic_card_edition_artist (cea_ca_id,cea_ed_id,cea_art_id) VALUES (626,2,12);
INSERT INTO magic_card_edition_artist (cea_ca_id,cea_ed_id,cea_art_id) VALUES (627,1,109);
INSERT INTO magic_card_edition_artist (cea_ca_id,cea_ed_id,cea_art_id) VALUES (628,2,61);
INSERT INTO magic_card_edition_artist (cea_ca_id,cea_ed_id,cea_art_id) VALUES (629,2,56);
INSERT INTO magic_card_edition_artist (cea_ca_id,cea_ed_id,cea_art_id) VALUES (630,2,110);
INSERT INTO magic_card_edition_artist (cea_ca_id,cea_ed_id,cea_art_id) VALUES (631,2,5);
INSERT INTO magic_card_edition_artist (cea_ca_id,cea_ed_id,cea_art_id) VALUES (632,2,21);
INSERT INTO magic_card_edition_artist (cea_ca_id,cea_ed_id,cea_art_id) VALUES (633,2,19);
INSERT INTO magic_card_edition_artist (cea_ca_id,cea_ed_id,cea_art_id) VALUES (634,2,79);
INSERT INTO magic_card_edition_artist (cea_ca_id,cea_ed_id,cea_art_id) VALUES (635,2,32);
INSERT INTO magic_card_edition_artist (cea_ca_id,cea_ed_id,cea_art_id) VALUES (636,2,2);
INSERT INTO magic_card_edition_artist (cea_ca_id,cea_ed_id,cea_art_id) VALUES (637,1,69);
INSERT INTO magic_card_edition_artist (cea_ca_id,cea_ed_id,cea_art_id) VALUES (638,1,53);
INSERT INTO magic_card_edition_artist (cea_ca_id,cea_ed_id,cea_art_id) VALUES (639,2,2);
INSERT INTO magic_card_edition_artist (cea_ca_id,cea_ed_id,cea_art_id) VALUES (640,2,37);
INSERT INTO magic_card_edition_artist (cea_ca_id,cea_ed_id,cea_art_id) VALUES (641,1,67);
INSERT INTO magic_card_edition_artist (cea_ca_id,cea_ed_id,cea_art_id) VALUES (642,2,10);
INSERT INTO magic_card_edition_artist (cea_ca_id,cea_ed_id,cea_art_id) VALUES (643,1,33);
INSERT INTO magic_card_edition_artist (cea_ca_id,cea_ed_id,cea_art_id) VALUES (644,1,98);
INSERT INTO magic_card_edition_artist (cea_ca_id,cea_ed_id,cea_art_id) VALUES (645,2,5);
INSERT INTO magic_card_edition_artist (cea_ca_id,cea_ed_id,cea_art_id) VALUES (646,2,41);
INSERT INTO magic_card_edition_artist (cea_ca_id,cea_ed_id,cea_art_id) VALUES (646,1,101);
INSERT INTO magic_card_edition_artist (cea_ca_id,cea_ed_id,cea_art_id) VALUES (647,2,90);
INSERT INTO magic_card_edition_artist (cea_ca_id,cea_ed_id,cea_art_id) VALUES (648,2,22);
